id_barrio;barrio;id_ruta_logistica;ruta_logistica;id_centroope
1007;20 DE JULIO;86;ORIENTE 3;2
1008;7 DE AGOSTO;2;ORIENTE;2
1009;ATANASIO GIRARDOT;86;ORIENTE 3;2
1010;ANTONIO NARINO;3;SUR ORIENTE;2
1011;LAS ACACIAS;5;SUR;2
1012;AGUABLANCA;5;SUR;2
1013;ALAMEDA;100;CENTRO-OESTE 1;2
1014;LOS ALAMOS;1;NORTE;2
1015;ALCAZARES;6;NORORIENTE;2
1016;LOS ALMENDROS;6;NORORIENTE;2
1017;AMERICAS;86;ORIENTE 3;2
1018;ANDES;6;NORORIENTE;2
1019;ARANJUEZ;100;CENTRO-OESTE 1;2
1020;ASTURIAS;86;ORIENTE 3;2
1022;BRISAS DE LOS ALAMOS;1;NORTE;2
1023;BARBERENA;86;ORIENTE 3;2
1025;BARRANQUILLA;6;NORORIENTE;2
1026;LA BASE;86;ORIENTE 3;2
1027;BELALCAZAR;100;CENTRO-OESTE 1;2
1028;BENJAMIN;86;ORIENTE 3;2
1029;BOLIVARIANO;1;NORTE;2
1030;BOYACA;5;SUR;2
1031;BRETAÑA;100;CENTRO-OESTE 1;2
1032;BUENOS AIRES;100;CENTRO-OESTE 1;2
1033;CIUDAD 2000;3;SUR ORIENTE;2
1034;CIUDADELA COMFANDI;3;SUR ORIENTE;2
1035;CIUDAD MODELO;3;SUR ORIENTE;2
1036;CALDAS;100;CENTRO-OESTE 1;2
1037;CALIMA;6;NORORIENTE;2
1038;CALIMIO NORTE;6;NORORIENTE;2
1039;CALIPSO;3;SUR ORIENTE;2
1040;CAMBULOS;100;CENTRO-OESTE 1;2
1041;CANEY;3;SUR ORIENTE;2
1042;CAPRI;3;SUR ORIENTE;2
1044;CEIBAS;2;ORIENTE;2
1045;CENTENARIO;98;CENTRO;2
1046;CENTRO;98;CENTRO;2
1047;CHAMPAGNAT;100;CENTRO-OESTE 1;2
1048;CHAPINERO;86;ORIENTE 3;2
1049;CHIMINANGOS;6;NORORIENTE;2
1050;COLINAS DEL SUR;100;CENTRO-OESTE 1;2
1051;COLON;5;SUR;2
1052;COLSEGUROS;5;SUR;2
1053;COMUNEROS;3;SUR ORIENTE;2
1055;CORDOBA;3;SUR ORIENTE;2
1056;DELICIAS;6;NORORIENTE;2
1057;DEPARTAMENTAL;5;SUR;2
1058;DORADO;5;SUR;2
1059;EL BOSQUE;1;NORTE;2
1061;EL RECUERDO;5;SUR;2
1063;EVARISTO G.;6;NORORIENTE;2
1064;FARALLONES;100;CENTRO-OESTE 1;2
1065;FENALCO KENEDY;86;ORIENTE 3;2
1066;FLORA INDUSTRIAL;6;NORORIENTE;2
1067;FLORALIA;1;NORTE;2
1068;FONAVIEMCALI;6;NORORIENTE;2
1069;FORTALEZA;5;SUR;2
1070;GAITAN;6;NORORIENTE;2
1071;GRAN COLOMBIA;5;SUR;2
1072;GRANADA;98;CENTRO;2
1073;GRANJAS;5;SUR;2
1074;GUABAL;5;SUR;2
1076;GUADUALES;1;NORTE;2
1077;GUAYACANES;6;NORORIENTE;2
1078;GUAYAQUIL;100;CENTRO-OESTE 1;2
1079;INDEPENDENCIA;3;SUR ORIENTE;2
1080;INGENIO;5;SUR;2
1081;JARDIN;5;SUR;2
1083;JOSE HOLGUIN G.;3;SUR ORIENTE;2
1084;JUNIN;100;CENTRO-OESTE 1;2
1085;LA ESMERALDA;6;NORORIENTE;2
1086;LA ESPERANZA;5;SUR;2
1087;LA FLORA;1;NORTE;2
1088;LA FLORESTA;86;ORIENTE 3;2
1089;LA LIBERTAD;5;SUR;2
1090;LA MERCED;1;NORTE;2
1091;LA PLAYA;3;SUR ORIENTE;2
1092;LA SELVA;5;SUR;2
1093;LA SIRENA;5;SUR;2
1094;LARES COMFANDI;1;NORTE;2
1095;LARES COMFENALCO;1;NORTE;2
1096;LAS VEGAS;3;SUR ORIENTE;2
1097;LEON XIII;5;SUR;2
1098;LIDO;100;CENTRO-OESTE 1;2
1099;LIMONAR;5;SUR;2
1100;LLANOGRANDE;11;PALMIRA;2
1102;MANZANARES;1;NORTE;2
1103;MARIANO RAMOS;3;SUR ORIENTE;2
1104;MARROQUIN;6;NORORIENTE;2
1105;MAYAPAN;3;SUR ORIENTE;2
1106;MELENDEZ;100;CENTRO-OESTE 1;2
1107;METROPOLITANO;6;NORORIENTE;2
1108;MOJICA;5;SUR;2
1109;MORICHAL;3;SUR ORIENTE;2
1110;MULTICENTRO;5;SUR;2
1111;MUNICIPAL;86;ORIENTE 3;2
1112;NUEVO SALOMIA;6;NORORIENTE;2
1113;NUEVA BASE;86;ORIENTE 3;2
1114;NUEVA FLORESTA;86;ORIENTE 3;2
1115;NUEVA GRANADA;100;CENTRO-OESTE 1;2
1116;NAPOLES;100;CENTRO-OESTE 1;2
1118;NUEVA SELVA;5;SUR;2
1119;OLAYA HERRERA;6;NORORIENTE;2
1120;OASIS DE COMFANDI;1;NORTE;2
1121;OBRERO;98;CENTRO;2
1122;OLIMPICO;5;SUR;2
1123;ORQUIDEAS;5;SUR;2
1124;PRADOS DE ORIENTE;5;SUR;2
1127;PAMPALINDA;100;CENTRO-OESTE 1;2
1128;PANAMERICANO;5;SUR;2
1129;PARAISO;5;SUR;2
1131;PARQUE BOSQUE;6;NORORIENTE;2
1132;PASO DEL COMERCIO;1;NORTE;2
1133;PINOS;2;ORIENTE;2
1134;PONDAJE;2;ORIENTE;2
1135;POPULAR;6;NORORIENTE;2
1137;PORVENIR;6;NORORIENTE;2
1138;PRADO SUR;100;CENTRO-OESTE 1;2
1139;PRADOS DEL NORTE;1;NORTE;2
1140;PRIMAVERA;5;SUR;2
1141;PRIMITIVO;86;ORIENTE 3;2
1142;QUINTAS DE SALOMIA;6;NORORIENTE;2
1143;REPUBLICA DE ISRAEL;3;SUR ORIENTE;2
1144;REFUGIO;100;CENTRO-OESTE 1;2
1145;RICARDO BALCAZAR;2;ORIENTE;2
1146;RIVERA;6;NORORIENTE;2
1147;RODEO;86;ORIENTE 3;2
1148;SAN CARLOS;5;SUR;2
1149;SANTA ISABEL;100;CENTRO-OESTE 1;2
1150;SANTA  MONICA POPULAR;86;ORIENTE 3;2
1151;SAAVEDRA GALINDO;86;ORIENTE 3;2
1152;SALOMIA;6;NORORIENTE;2
1153;SAN BENITO;5;SUR;2
1154;SAN BOSCO;98;CENTRO;2
1155;SAN FERNANDO;100;CENTRO-OESTE 1;2
1156;SAN JUDAS;5;SUR;2
1157;SAN LUIS;6;NORORIENTE;2
1159;SAN NICOLAS;98;CENTRO;2
1160;SANTA ANITA;5;SUR;2
1161;SANTA CLARA;5;SUR;2
1162;SANTA ELENA;5;SUR;2
1163;SANTA FE;86;ORIENTE 3;2
1164;SANTANDER;1;NORTE;2
1165;SENA;6;NORORIENTE;2
1166;SIMON BOLIVAR;86;ORIENTE 3;2
1167;SINDICAL;86;ORIENTE 3;2
1169;SANTO.DOMINGO;5;SUR;2
1170;SUCRE;98;CENTRO;2
1171;TORRES DE COMFANDI;6;NORORIENTE;2
1173;TEJARES SALOMIA;6;NORORIENTE;2
1174;TEMPLETE;100;CENTRO-OESTE 1;2
1175;TEQUENDAMA;100;CENTRO-OESTE 1;2
1176;TERRON COLORADO;3;SUR ORIENTE;2
1177;TREBOL;86;ORIENTE 3;2
1178;TRONCAL;86;ORIENTE 3;2
1179;UNION;3;SUR ORIENTE;2
1180;URIBE;86;ORIENTE 3;2
1181;VILLA  DE PAL;5;SUR;2
1182;VILLA DEL PARQUE;6;NORORIENTE;2
1183;VILLA DE GUADALUPE;5;SUR;2
1184;VILLA COLOMBIA;86;ORIENTE 3;2
1186;VILLA DEL PRADO;6;NORORIENTE;2
1187;VILLA DEL SUR;3;SUR ORIENTE;2
1188;VILLA DE VERACRUZ;6;NORORIENTE;2
1189;VILLA DEL LAGO;2;ORIENTE;2
1190;VILLA DEL SOL;6;NORORIENTE;2
1191;VILLANUEVA;5;SUR;2
1192;VIPASA;1;NORTE;2
1193;VALLE DEL LILI;3;SUR ORIENTE;2
1194;VERSALLES;98;CENTRO;2
1195;CIUDAD  JARDIN;100;CENTRO-OESTE 1;2
1196;OTRO;5;SUR;2
1196;OTRO;11;PALMIRA;2
1197;1 DE MAYO;5;SUR;2
1199;SAN PEDRO;1;NORTE;2
1200;SAMAN;5;SUR;2
1203;PASOANCHO;5;SUR;2
1208;MIRAFLORES;100;CENTRO-OESTE 1;2
1211;LA HACIENDA;5;SUR;2
1226;INDUSTRIAL;86;ORIENTE 3;2
1227;COMPARTIR;2;ORIENTE;2
1228;CONQUISTADORES;3;SUR ORIENTE;2
1232;BARTOLOME;86;ORIENTE 3;2
1234;EDUARDO SANTOS;86;ORIENTE 3;2
1236;NUEVO TEQUENDAMA;100;CENTRO-OESTE 1;2
1237;LA CASCADA;100;CENTRO-OESTE 1;2
1238;JOAQUIN BORRERO SINISTERRA;100;CENTRO-OESTE 1;2
1241;LIBERTADORES;100;CENTRO-OESTE 1;2
1242;SAN CAYETANO;100;CENTRO-OESTE 1;2
1244;SAN ANTONIO;100;CENTRO-OESTE 1;2
1245;UNION DE VIVIENDA POPULAR;3;SUR ORIENTE;2
1246;MARACAIBO;3;SUR ORIENTE;2
1247;SANTA BARBARA;6;NORORIENTE;2
1248;SAUCES;3;SUR ORIENTE;2
1249;CAÑAVERALEJO;100;CENTRO-OESTE 1;2
1251;EL DIAMANTE;3;SUR ORIENTE;2
1252;ULPIANO LLOREDA;2;ORIENTE;2
1254;SAMANES GUADALUPE;5;SUR;2
1255;12 DE OCTUBRE;86;ORIENTE 3;2
1257;PORTAL DE  COMFANDI;6;NORORIENTE;2
1258;PRADOS DE  COMFANDI;5;SUR;2
1259;ALTOS MENGA;1;NORTE;2
1260;VALLADO;3;SUR ORIENTE;2
1261;LLERAS RESTREPO;2;ORIENTE;2
1262;CAÑAVERALES;5;SUR;2
1263;PEÑON;100;CENTRO-OESTE 1;2
1264;BRISAS DE LOS ANDES;6;NORORIENTE;2
1265;CAMINO REAL;100;CENTRO-OESTE 1;2
1268;COMFENALCO;1;NORTE;2
1270;BELLO HORIZONTE;86;ORIENTE 3;2
1271;BELLAVISTA;100;CENTRO-OESTE 1;2
1272;SANTA MONICA RESIDENCIAL;98;CENTRO;2
1273;GUADALUPE;5;SUR;2
1275;SOLARES DE SALOMIA;6;NORORIENTE;2
1276;SOLARES DE COMFANDI;6;NORORIENTE;2
1277;BRISAS DEL GUABITO;6;NORORIENTE;2
1278;LA ALIANZA;6;NORORIENTE;2
1279;PACARA 1;1;NORTE;2
1280;PALMERAS DEL NORTE;6;NORORIENTE;2
1281;ALIRIO MORA BELTRAN;9;YUMBO;2
1282;PLAZAS VERDES;6;NORORIENTE;2
1283;SAN VICENTE;98;CENTRO;2
1284;ALFONSO LOPEZ;2;ORIENTE;2
1285;SANTO DOMINGO;5;SUR;2
1286;ALTO JORDAN;100;CENTRO-OESTE 1;2
1287;POBLADO;3;SUR ORIENTE;2
1288;CIUDAD DEL CAMPO;2;ORIENTE;2
1289;CIUDADELA DEL RIO;2;ORIENTE;2
1290;TALANGA;2;ORIENTE;2
1291;LOS CEREZOS;2;ORIENTE;2
1292;VALLE GRANDE;2;ORIENTE;2
1293;NACIONAL;100;CENTRO-OESTE 1;2
1294;CEDRO;100;CENTRO-OESTE 1;2
1295;BELISARIO CAICEDO;100;CENTRO-OESTE 1;2
1296;CAMELIAS;5;SUR;2
1297;EL JORDAN;100;CENTRO-OESTE 1;2
1298;LOURDES;100;CENTRO-OESTE 1;2
1299;SEMINARIO;100;CENTRO-OESTE 1;2
1300;REMANSOS DE COM.;2;ORIENTE;2
1301;ROBLES;3;SUR ORIENTE;2
1302;BRISAS DEL LIMONAR;5;SUR;2
1303;PRADOS DEL LIMONAR;5;SUR;2
1304;JORGE SAWASKY;5;SUR;2
1305;QUINTAS DE DON SIMON;5;SUR;2
1307;MADROÑAL;3;SUR ORIENTE;2
1308;HOLGUIN GARCES;3;SUR ORIENTE;2
1309;ARBOLEDA;2;ORIENTE;2
1310;GRAN LIMONAR;5;SUR;2
1312;BUENO MADRID;1;NORTE;2
1313;ALIANZA;6;NORORIENTE;2
1315;CAMPIÑA;1;NORTE;2
1317;BERLIN;1;NORTE;2
1318;CUARTO DE LEGUA;100;CENTRO-OESTE 1;2
1319;SANTA RITA;100;CENTRO-OESTE 1;2
1320;CIUDAD REAL;3;SUR ORIENTE;2
1321;DECEPAZ;2;ORIENTE;2
1323;LOS CRISTALES;100;CENTRO-OESTE 1;2
1324;CALIBELLA;2;ORIENTE;2
11325;STA TERESITA;100;CENTRO-OESTE 1;2
11327;POBLADO CAMPESTRE;2;ORIENTE;2
11333;NORMANDIA;98;CENTRO;2
11335;CALICANTO;3;SUR ORIENTE;2
11337;CORDOBA RESERVADO;3;SUR ORIENTE;2
11340;SANTA TERESITA;100;CENTRO-OESTE 1;2
11341;SAN LUISITO;6;NORORIENTE;2
11883;ALFERES REAL;100;CENTRO-OESTE 1;2
11885;LAUREANO GOMEZ;3;SUR ORIENTE;2
11886;SANTA CLARA;3;SUR ORIENTE;2
11887;CORDOBA .;3;SUR ORIENTE;2
11888;BONILLA ARAGON;3;SUR ORIENTE;2
11889;SAN JOAQUIN;3;SUR ORIENTE;2
11890;YUMBO;9;YUMBO;2
11892;BOSQUE DEL LIMONAR;5;SUR;2
11922;PILOTO;98;CENTRO;2
11924;UR SAN JUAQUIN;3;SUR ORIENTE;2
11969;MORTIÑAL;100;CENTRO-OESTE 1;2
11972;YIRA CASTRO;3;SUR ORIENTE;2
11981;JAMUNDI;3;SUR ORIENTE;2
11982;CALIMIO DECEPAZ;2;ORIENTE;2
11983;LAS VEGAS DE COMFANDI;3;SUR ORIENTE;2
11984;PALMIRA;11;PALMIRA;2
11985;ALTOS DE LA LUISA;100;CENTRO-OESTE 1;2
11986;CIUDAD JARDIN;100;CENTRO-OESTE 1;2
11992;BELEN LAS PLAYAS;13;NORTE1   (1-4-7);3
11993;AMERICA;14;NORTE2   (9-10-13);3
11994;LAURELES;14;NORTE2   (9-10-13);3
11995;BELEN SAN BERNARDO;13;NORTE1   (1-4-7);3
11996;BELEN LA GLORIA;13;NORTE1   (1-4-7);3
11997;BELEN LA PALMA;13;NORTE1   (1-4-7);3
11998;BELEN ALTA VISTA;13;NORTE1   (1-4-7);3
11999;BELEN RINCON;13;NORTE1   (1-4-7);3
12000;CAMPOAMOR;13;NORTE1   (1-4-7);3
12001;RODEO NORTE;13;NORTE1   (1-4-7);3
12002;MANZANARES;13;NORTE1   (1-4-7);3
12004;ROSALES;13;NORTE1   (1-4-7);3
12005;BELEN GRANADA;13;NORTE1   (1-4-7);3
12006;BELEN LA NUBIA;13;NORTE1   (1-4-7);3
12007;CRISTO REY;13;NORTE1   (1-4-7);3
12008;GUAYABAL;13;NORTE1   (1-4-7);3
12009;ENVIGADO;46;ENVIGADO;3
12010;LA COLINITA;45;ITAGUI;3
12011;SAN PABLO;13;NORTE1   (1-4-7);3
12012;CASA LINDA;13;NORTE1   (1-4-7);3
12013;TRINIDAD;13;NORTE1   (1-4-7);3
12014;SANTA FE;13;NORTE1   (1-4-7);3
12015;ANTIOQUIA;13;NORTE1   (1-4-7);3
12016;NUTIBARA;13;NORTE1   (1-4-7);3
12017;BELEN FATIMA;13;NORTE1   (1-4-7);3
12019;BELEN  LAS VIOLETAS;13;NORTE1   (1-4-7);3
12020;BELEN MALIBU;13;NORTE1   (1-4-7);3
12021;BELEN PORVENIR;13;NORTE1   (1-4-7);3
12022;BELEN LAS MERCEDES;13;NORTE1   (1-4-7);3
12023;BELEN LOS ALPES;13;NORTE1   (1-4-7);3
12024;BELEN LOS  MOLINOS;13;NORTE1   (1-4-7);3
12025;BELEN BUENA VISTA;13;NORTE1   (1-4-7);3
12026;POBLADO;22;POBLADO;3
12027;SAN JAVIER;14;NORTE2   (9-10-13);3
12029;BELEN MIRAVALLE;13;NORTE1   (1-4-7);3
12031;EDUARDO SANTOS;14;NORTE2   (9-10-13);3
12032;LA CASTELLANA;13;NORTE1   (1-4-7);3
12033;QUINTAS DE SAN JAVIER;14;NORTE2   (9-10-13);3
12034;ANTONIO NARIÑO;14;NORTE2   (9-10-13);3
12035;EL SOCORRO;14;NORTE2   (9-10-13);3
12036;ROBLEDO LA CAMPIÑA;15;ROBLEDO;3
12037;ROBLEDO DIAMANTE;15;ROBLEDO;3
12038;ROBLEDO VILLA SOFIA;15;ROBLEDO;3
12040;TEJELO;16;NORTE3   (22-25-28);3
12045;LOMA DE LOS BERNAL;13;NORTE1   (1-4-7);3
12046;ROBLEDO VILLA REAL;15;ROBLEDO;3
12048;ROBLEDO AURES;15;ROBLEDO;3
12049;ROBLEDO BELLO HORIZONTE;15;ROBLEDO;3
12050;ROBLEDO LOS POMOS;15;ROBLEDO;3
12051;ROBLEDO MIRADOR;15;ROBLEDO;3
12052;ROBLEDO VILLA FLORA;15;ROBLEDO;3
12053;ITAGUI- NO USAR;45;ITAGUI;3
12054;ROBLEDO CADIZ;15;ROBLEDO;3
12055;ROBLEDO PILARICA;15;ROBLEDO;3
12056;ROBLEDO LA POLA;15;ROBLEDO;3
12057;ROBLEDO PARQUE;15;ROBLEDO;3
12059;AMERICA SANTA LUCIA;14;NORTE2   (9-10-13);3
12060;PRADERA;14;NORTE2   (9-10-13);3
12061;SANTA LUCIA LA PRADERA;14;NORTE2   (9-10-13);3
12062;SANTA LUCIA METROPOLITANO;14;NORTE2   (9-10-13);3
12063;METROPOLITANO;14;NORTE2   (9-10-13);3
12064;FLORESTA;14;NORTE2   (9-10-13);3
12065;ROBLEDO KENEDY;15;ROBLEDO;3
12066;ROBLEDO MIRAMAR;15;ROBLEDO;3
12067;ALCAZAREZ;14;NORTE2   (9-10-13);3
12068;ALFONZO LOPEZ MED;16;NORTE3   (22-25-28);3
12069;CASTILLA;16;NORTE3   (22-25-28);3
12070;VILLA HERMOSA;76;MANRIQUE;3
12072;CAMPOVALDEZ;76;MANRIQUE;3
12073;BOSTON;17;MEDELLIN ORIENTE5   (31-34-37);3
12074;PEDREGAL;16;NORTE3   (22-25-28);3
12076;BUENOS AIRES;17;MEDELLIN ORIENTE5   (31-34-37);3
12077;MANRIQUE;76;MANRIQUE;3
12078;BOYACA LAS BRISAS;16;NORTE3   (22-25-28);3
12079;FLORENCIA MED;16;NORTE3   (22-25-28);3
12081;GRATAMIRA MED;16;NORTE3   (22-25-28);3
12082;SANTANDER MED;16;NORTE3   (22-25-28);3
12083;BARRIO NUEVO;19;BELLO;3
12084;DOCE DE OCTUBRE MED;16;NORTE3   (22-25-28);3
12085;UR CERROS DE LA MADERA;16;NORTE3   (22-25-28);3
12086;LA MILAGROSA;17;MEDELLIN ORIENTE5   (31-34-37);3
12087;GIRARDOT MED;16;NORTE3   (22-25-28);3
12089;BELALCAZAR;20;COPACABANA - GIRARDOTA;3
12090;LORETO;17;MEDELLIN ORIENTE5   (31-34-37);3
12091;EL SALVADOR;17;MEDELLIN ORIENTE5   (31-34-37);3
12092;LOS COLORES;15;ROBLEDO;3
12093;ESTADIO;14;NORTE2   (9-10-13);3
12096;ENCISO;17;MEDELLIN ORIENTE5   (31-34-37);3
12097;ALEJANDRO ECHAVARRIA;17;MEDELLIN ORIENTE5   (31-34-37);3
12098;MANRIQUE ORIENTAL;76;MANRIQUE;3
12099;MANRIQUE GUADALUPE;76;MANRIQUE;3
12100;MANRIQUE SAN BLAS;76;MANRIQUE;3
12101;MANRIQUE SAN PABLO;76;MANRIQUE;3
12102;ARANJUEZ;76;MANRIQUE;3
12103;SANTA CRUZ LA ROSA;76;MANRIQUE;3
12104;MANRIQUE CENTRAL;76;MANRIQUE;3
12106;CORDOBA;16;NORTE3   (22-25-28);3
12108;CORDOBA CIUDAD CENTRAL;16;NORTE3   (22-25-28);3
12109;CABAÑAS;19;BELLO;3
12110;CABAÑITAS;19;BELLO;3
12111;OBRERO;19;BELLO;3
12112;GRAN AVENIDA;19;BELLO;3
12113;SAN JOSE OBRERO;19;BELLO;3
12114;SANTANA;19;BELLO;3
12118;SERRAMONTE;19;BELLO;3
12119;PALMAR DE SERRAMONTE;19;BELLO;3
12120;TOSCANA;20;COPACABANA - GIRARDOTA;3
12121;CENTRO..;22;POBLADO;3
12122;EL TRAPICHE;19;BELLO;3
12123;CENTRAL BELLO;19;BELLO;3
12125;URBANIZACION SANSIMON;19;BELLO;3
12126;MOLINARES;19;BELLO;3
12127;LA FLORIDA;19;BELLO;3
12128;BARRIO PEREZ;19;BELLO;3
12130;NAZARETH;19;BELLO;3
12131;EL ROSARIO;19;BELLO;3
12132;NIQUIA;19;BELLO;3
12133;ARALIAS;19;BELLO;3
12136;PARAISO;19;BELLO;3
12137;EL PARAISO;19;BELLO;3
12138;BUENOS AIRES;19;BELLO;3
12139;ALTOS DEL CASTILLO;13;NORTE1   (1-4-7);3
12140;NIQUIA CAMACOL;19;BELLO;3
12141;VILLAS DEL SOL;19;BELLO;3
12142;SAN MARTIN;19;BELLO;3
12143;LA SELVA;19;BELLO;3
12144;LA MISERICORDIA;20;COPACABANA - GIRARDOTA;3
12145;MACHADO;20;COPACABANA - GIRARDOTA;3
12146;LA PEDRERA;20;COPACABANA - GIRARDOTA;3
12147;GUADALAJARA;20;COPACABANA - GIRARDOTA;3
12148;LA ASUNCION;20;COPACABANA - GIRARDOTA;3
12149;EL MIRADOR AZUL;20;COPACABANA - GIRARDOTA;3
12150;FATIMA;20;COPACABANA - GIRARDOTA;3
12151;LA AZULITA;20;COPACABANA - GIRARDOTA;3
12152;REMANSO;20;COPACABANA - GIRARDOTA;3
12153;COPACABANA;20;COPACABANA - GIRARDOTA;3
12154;NUEVO HORIZANTE;20;COPACABANA - GIRARDOTA;3
12155;GUAYACANES;20;COPACABANA - GIRARDOTA;3
12156;GIRARDOTA;20;COPACABANA - GIRARDOTA;3
12157;LA NUEVA;20;COPACABANA - GIRARDOTA;3
12158;VILLANUEVA;20;COPACABANA - GIRARDOTA;3
12159;LA FLORIDA;20;COPACABANA - GIRARDOTA;3
12160;MONTECARLO;20;COPACABANA - GIRARDOTA;3
12161;MACHADO LOS CIRUELOS;20;COPACABANA - GIRARDOTA;3
12162;MACHADO ALCALA;20;COPACABANA - GIRARDOTA;3
12163;QUITASOL;19;BELLO;3
12164;NIQUIA UNIDAD SN.BASILIO;19;BELLO;3
12165;NIQUIA MIRADOR DE SN BASILIO;19;BELLO;3
12166;HERMOSA PROVIDENCIA;19;BELLO;3
12167;MARCO TULIO HENAO;19;BELLO;3
12168;ENCISO(COLINAS DE ENCISO);17;MEDELLIN ORIENTE5   (31-34-37);3
12169;NIQUIA CIUDADELA CACIQUE MZ.3;19;BELLO;3
12170;NIQUIA CIUDADELA CACIQUE MZ.5;19;BELLO;3
12171;NIQUIA CIUDADELA CACIQUE MZ.2;19;BELLO;3
12172;NIQUIA URB.ALMENDROS DE TERRANOVA;19;BELLO;3
12173;NIQUIA CIUDADELA CACIQUE MZ.1;19;BELLO;3
12174;PORVENIR;19;BELLO;3
12175;CALAZANS;14;NORTE2   (9-10-13);3
12176;ROBLEDO SAN GERMAN;15;ROBLEDO;3
12177;NIQUIA CIUDADELA CACIQUE MZ.6;19;BELLO;3
12178;SAN ANTONIO DE PRADO;44;S. PRADO;3
12180;NIQUIA  URB.EL CARMEL;19;BELLO;3
12181;SAN DIEGO;22;POBLADO;3
12182;NIQUIA (URB.ROSALES DE TERRANOVA);19;BELLO;3
12183;GUARNE;21;RIONEGRO;3
12184;MESA;19;BELLO;3
12185;MIRADOR;19;BELLO;3
12187;LA CUMBRE;19;BELLO;3
12188;BELEN LA MOTA;13;NORTE1   (1-4-7);3
12189;URB. PARQUES DE STA.FE;13;NORTE1   (1-4-7);3
12190;LAS VEGAS;20;COPACABANA - GIRARDOTA;3
12191;EL VERGEL;19;BELLO;3
12192;NAVARRA;20;COPACABANA - GIRARDOTA;3
12193;MANCHESTER;19;BELLO;3
12194;LAS VEGAS(COPACABANA);20;COPACABANA - GIRARDOTA;3
12195;LA CALLECITA;19;BELLO;3
12196;EL CONGOLO;19;BELLO;3
12197;PLAYA RICA;19;BELLO;3
12198;GORETTI;19;BELLO;3
12199;LA MILAGROSA;19;BELLO;3
12200;URAPANES;19;BELLO;3
12201;PRADO;19;BELLO;3
12202;EL CAIRO;19;BELLO;3
12203;PACHELLY;19;BELLO;3
12205;ROSALPI;19;BELLO;3
12206;SALENTO;19;BELLO;3
12207;DUCADO;19;BELLO;3
12208;BUCAROS;19;BELLO;3
12209;BELLAVISTA;19;BELLO;3
12210;EL CARMELO;19;BELLO;3
12211;BARRIO COLOMBIA;22;POBLADO;3
12212;ROBLEDO CIVITON;15;ROBLEDO;3
12213;SANTA MONICA 1;14;NORTE2   (9-10-13);3
12214;SANTA MONICA 2;14;NORTE2   (9-10-13);3
12215;ROBLEDO PALENQUE;15;ROBLEDO;3
12216;ROBLEDO CURAZAO;15;ROBLEDO;3
12218;PATIO BONITO;22;POBLADO;3
12220;ROBLEDO LAS MARGARITAS;15;ROBLEDO;3
12221;BOLIVARIANA;14;NORTE2   (9-10-13);3
12222;SAN JOANQUIN MED;14;NORTE2   (9-10-13);3
12223;VELODROMO;14;NORTE2   (9-10-13);3
12224;CONQUISTADORES;14;NORTE2   (9-10-13);3
12226;SURAMERICANA;14;NORTE2   (9-10-13);3
12227;BELEN PARQUE;13;NORTE1   (1-4-7);3
12228;BELEN LAS MARGARITAS;13;NORTE1   (1-4-7);3
12229;FRANCISCO ANTONIO ZEA;16;NORTE3   (22-25-28);3
12230;BELEN NOGAL;13;NORTE1   (1-4-7);3
12231;LAURELES FLORIDA NUEVA;14;NORTE2   (9-10-13);3
12233;ANDALUCIA LA FRANCIA;76;MANRIQUE;3
12234;SIMON BOLIVAR;14;NORTE2   (9-10-13);3
12236;NIQUIA LAURELES DE TERRANOVA;19;BELLO;3
12237;BELEN DIEGO ECHAVARRIA;13;NORTE1   (1-4-7);3
12238;LA CAMILA;94;FLORIDABLANCA 2;7
12239;LA GABRIELA;20;COPACABANA - GIRARDOTA;3
12240;NIQUIA SANTA ISABEL II;19;BELLO;3
12241;BELEN ALIADAS;13;NORTE1   (1-4-7);3
12242;CAICEDO;17;MEDELLIN ORIENTE5   (31-34-37);3
12243;NIQUIA (CAMINO DE LOS VIENTOS);19;BELLO;3
12244;NIQUIA (LOS ANGELES);19;BELLO;3
12245;SIN ASIGNAR;22;POBLADO;3
12246;NIQUIA (ROSALES DE TERRANOVA);19;BELLO;3
12247;ZAMORA;20;COPACABANA - GIRARDOTA;3
12248;BELEN VICUÑA;13;NORTE1   (1-4-7);3
12249;NIQUIA (NOGALES DE TERRANOVA);19;BELLO;3
12250;FLORIDA NUEVA;14;NORTE2   (9-10-13);3
12251;NIQUIA (SENDEROS DE SAN JACINTO);19;BELLO;3
12254;TRICENTENARIO;20;COPACABANA - GIRARDOTA;3
12255;LA CEIBA;20;COPACABANA - GIRARDOTA;3
12256;BELEN LA INMACULADA;13;NORTE1   (1-4-7);3
12257;PRADO CENTRO;76;MANRIQUE;3
12258;BELEN VILLA DEL ABURRA;13;NORTE1   (1-4-7);3
12260;BELEN LA PRADERA;13;NORTE1   (1-4-7);3
12261;BUENOS AIRES (MIRAFLORES);17;MEDELLIN ORIENTE5   (31-34-37);3
12262;BUENOS AIRES (QUINTALINDA);17;MEDELLIN ORIENTE5   (31-34-37);3
12263;BUENOS AIRES (LOS CERROS);17;MEDELLIN ORIENTE5   (31-34-37);3
12264;ROBLEDO (BALCON DEL VALLE 2);15;ROBLEDO;3
12265;ROBLEDO EL CORTIJO;15;ROBLEDO;3
12266;FONTIDUEÑO;20;COPACABANA - GIRARDOTA;3
12267;EL PARAISO;20;COPACABANA - GIRARDOTA;3
12268;MANRIQUE LAS ESMERALDAS;76;MANRIQUE;3
12269;MORAVIA;76;MANRIQUE;3
12270;LOPEZ DE MESA;16;NORTE3   (22-25-28);3
12271;GUASIMALITO;20;COPACABANA - GIRARDOTA;3
12272;BELEN SAN CARLOS;13;NORTE1   (1-4-7);3
12273;SAN JUAN;20;COPACABANA - GIRARDOTA;3
12274;LA ALDEA;19;BELLO;3
12275;SIMON BOLIVAR;20;COPACABANA - GIRARDOTA;3
12276;LAURELES (ALMERIA);14;NORTE2   (9-10-13);3
12278;ANDALUCIA;19;BELLO;3
12279;ROBLEDO (LA HUERTA);15;ROBLEDO;3
12280;CARIBE;15;ROBLEDO;3
12281;GUAYABAL (SAN RAFAEL);13;NORTE1   (1-4-7);3
12282;BELEN SANTA CLARA;13;NORTE1   (1-4-7);3
12283;BELENCITO(VILLA LAURA);14;NORTE2   (9-10-13);3
12284;CRISTO REY;20;COPACABANA - GIRARDOTA;3
12285;BUENOS AIRES (VILLA FLORES);17;MEDELLIN ORIENTE5   (31-34-37);3
12286;AURELIO MEJIA;20;COPACABANA - GIRARDOTA;3
12287;POBLADO (MANILA);22;POBLADO;3
12288;NIQUIA (GUAYACANES DE TERRANOVA);19;BELLO;3
12289;SAN JOSE;20;COPACABANA - GIRARDOTA;3
12290;SAN FRANCISCO;20;COPACABANA - GIRARDOTA;3
12291;PEDREGAL;20;COPACABANA - GIRARDOTA;3
12292;NIQUIA (URB. SAN FRANCISCO);19;BELLO;3
12293;SANTA ANA;20;COPACABANA - GIRARDOTA;3
12294;NIQUIA (SANTA ISABEL I);19;BELLO;3
12295;VALADARES;19;BELLO;3
12296;MIRAFLORES;20;COPACABANA - GIRARDOTA;3
12297;LAS CANOAS;20;COPACABANA - GIRARDOTA;3
12298;JUAN XXIII;20;COPACABANA - GIRARDOTA;3
12299;PALMAS DEL LLANO;20;COPACABANA - GIRARDOTA;3
12300;MIRARDOR VERDE;20;COPACABANA - GIRARDOTA;3
12301;GUACIMALITO;20;COPACABANA - GIRARDOTA;3
12302;TOBON QUINTERO;20;COPACABANA - GIRARDOTA;3
12303;SAN DIEGO;20;COPACABANA - GIRARDOTA;3
12304;ESPIRITU SANTO;19;BELLO;3
12305;VILLAS DE COPACABANA;20;COPACABANA - GIRARDOTA;3
12306;SAN RAFAEL;20;COPACABANA - GIRARDOTA;3
12307;EL RECREO;20;COPACABANA - GIRARDOTA;3
12308;BELEN (LOS ALPES);13;NORTE1   (1-4-7);3
12309;CORDOBA;20;COPACABANA - GIRARDOTA;3
12310;TIERRADENTRO;19;BELLO;3
12311;ROBLEDO LA IGUANA;15;ROBLEDO;3
12312;BUENOS AIRES (BARRIOS DE JESUS);17;MEDELLIN ORIENTE5   (31-34-37);3
12313;BUENOS AIRES (EL VERGEL);17;MEDELLIN ORIENTE5   (31-34-37);3
12314;PARQUE;20;COPACABANA - GIRARDOTA;3
12316;LAURELES (NOGAL);14;NORTE2   (9-10-13);3
12317;LOPEZ DE MESA(URB. ALTAMIRA);16;NORTE3   (22-25-28);3
12319;SANTA TERESITA;14;NORTE2   (9-10-13);3
12320;CALAZANS SOLEDAD;14;NORTE2   (9-10-13);3
12323;BELEN VILLA CAFE;13;NORTE1   (1-4-7);3
12327;FLORENCIA (CERRO DE LA CUMBRE);16;NORTE3   (22-25-28);3
12328;RODEO SUR;13;NORTE1   (1-4-7);3
12329;ROBLEDO PRIMAVERAL;15;ROBLEDO;3
12330;PENDIENTES SACAR;45;ITAGUI;3
12576;EL ROSARIO;19;BELLO;3
12577;HORIZONTES;20;COPACABANA - GIRARDOTA;3
12578;LA SOLITA;20;COPACABANA - GIRARDOTA;3
12579;PORVENIR;20;COPACABANA - GIRARDOTA;3
12580;OBRERO;20;COPACABANA - GIRARDOTA;3
12581;EL TABLAZO;20;COPACABANA - GIRARDOTA;3
12582;EL TREBOL;20;COPACABANA - GIRARDOTA;3
12583;PARQUE;20;COPACABANA - GIRARDOTA;3
12585;NARANJAL;20;COPACABANA - GIRARDOTA;3
12586;EL SALADO;20;COPACABANA - GIRARDOTA;3
12587;BARRIO MARIA;20;COPACABANA - GIRARDOTA;3
12588;BUENOS AIRES (LOS SAUCES);17;MEDELLIN ORIENTE5   (31-34-37);3
12589;LA MADERA;20;COPACABANA - GIRARDOTA;3
12590;LA MILAGROSA (CATALUÑA);17;MEDELLIN ORIENTE5   (31-34-37);3
12591;LA MILAGROSA (AVILA);17;MEDELLIN ORIENTE5   (31-34-37);3
12593;LAS PALMAS;17;MEDELLIN ORIENTE5   (31-34-37);3
12594;PEDREGAL1;16;NORTE3   (22-25-28);3
12595;BELEN ROSALES;13;NORTE1   (1-4-7);3
12598;EDUARDO SANTOS 1;14;NORTE2   (9-10-13);3
12599;PORVENIR EL LLANO;21;RIONEGRO;3
12601;LA GALERIA;21;RIONEGRO;3
12602;EL HOYO;21;RIONEGRO;3
12604;VILLAS;21;RIONEGRO;3
12605;OBRERO;21;RIONEGRO;3
12606;LA CARMINA;21;RIONEGRO;3
12607;QUINTAS;21;RIONEGRO;3
12608;GALAN;21;RIONEGRO;3
12609;OASIS;21;RIONEGRO;3
12610;ALTO DE LA CAPILLA;21;RIONEGRO;3
12612;EL PALMAR;21;RIONEGRO;3
12613;SAN ANTONIO DE PEREIRA (REMANSOS);21;RIONEGRO;3
12614;SANTA ANA;21;RIONEGRO;3
12615;EL AGUILA;21;RIONEGRO;3
12616;ALDEA DE AZUCOR;21;RIONEGRO;3
12617;VILLA CLEMEN;21;RIONEGRO;3
12618;4 ESQUINAS;21;RIONEGRO;3
12619;MIRADOR DE SAN NICOLAS;21;RIONEGRO;3
12620;CENTRO;21;RIONEGRO;3
12621;BOSQUES DEL NORTE;21;RIONEGRO;3
12622;ALTO DE LA MOSCA;21;RIONEGRO;3
12623;EL ALTO;21;RIONEGRO;3
12624;HORIZONTE BAJA;21;RIONEGRO;3
12625;SAN JUAN DE LAURELES;21;RIONEGRO;3
12626;QUEBRADA ARRIBA;21;RIONEGRO;3
12627;JOSE MARIA;21;RIONEGRO;3
12628;VILLA MANUELA;21;RIONEGRO;3
12629;VEGAS DE LA CALLEJA;21;RIONEGRO;3
12630;LA COOPERATIVA;21;RIONEGRO;3
12631;ALTO DEL MEDIO;21;RIONEGRO;3
12632;BELCHITE;21;RIONEGRO;3
12633;SANTA TERESA;21;RIONEGRO;3
12635;SAN JOAQUIN;21;RIONEGRO;3
12636;LOS REMANSOS;21;RIONEGRO;3
12637;LOS LAGOS;21;RIONEGRO;3
12639;SERRANIAS;21;RIONEGRO;3
12640;EL LLANITO;21;RIONEGRO;3
12641;ALBORADA;21;RIONEGRO;3
12642;MIRADOR DEL CARRETERO;21;RIONEGRO;3
12643;ENCENILLOS;21;RIONEGRO;3
12644;HOSPITAL;21;RIONEGRO;3
12645;ALTOS DE LA PEREIRA;21;RIONEGRO;3
12647;EL PORVENIR;21;RIONEGRO;3
12648;LOS CRISTALES;21;RIONEGRO;3
12649;PORVENIR EL AGUACATE;21;RIONEGRO;3
12650;LA COLINA;21;RIONEGRO;3
12651;FLORIDA;21;RIONEGRO;3
12652;FARO-CALLE DE LA MADERA;21;RIONEGRO;3
12653;LAURELES(MEDELLIN);14;NORTE2   (9-10-13);3
12654;SANTA CLARA;21;RIONEGRO;3
12655;VILLA DEL RIO;21;RIONEGRO;3
12655;VILLA DEL RIO;76;MANRIQUE;3
12656;LINDA GRANJA;21;RIONEGRO;3
12657;CASAS DEL MAR;21;RIONEGRO;3
12658;LA ESPERANZA II;21;RIONEGRO;3
12659;LA INMACULADA;21;RIONEGRO;3
12660;SECTOR 3;21;RIONEGRO;3
12662;ALTOS DE VILLA MARIA;21;RIONEGRO;3
12663;MANANTIALES;21;RIONEGRO;3
12664;LA ESMERALDA;21;RIONEGRO;3
12665;GUILLERMO GAVIRIA;21;RIONEGRO;3
12666;LAURELES;21;RIONEGRO;3
12667;ALTOS DE SAN NICOLAS;21;RIONEGRO;3
12668;C.R ARRAYANES;21;RIONEGRO;3
12669;QUINTAS DEL CARRETERO;21;RIONEGRO;3
12670;CALLE DE LA CALLEJA;21;RIONEGRO;3
12671;SAN ANTONIO DE PEREIRA (SANTA FE);21;RIONEGRO;3
12672;HORIZONTE ALTA;21;RIONEGRO;3
12673;CASTILLA 1;16;NORTE3   (22-25-28);3
12674;VILLAMARIA;21;RIONEGRO;3
12676;ROBLEDO JORGE E GAITAN;15;ROBLEDO;3
12677;BELEN;21;RIONEGRO;3
12679;NIQUIA CIUDADELA CACIQUE MZ7;19;BELLO;3
12683;UR 7 ALTOS DEL CASTILLO CRA 88 31DA-41;13;NORTE1   (1-4-7);3
12684;UR MANAOS CLL 27 B-58D-334 CABAÑAS;19;BELLO;3
12686;ROBLEDO ALTAMIRA;15;ROBLEDO;3
12687;UR.ALTOS DE SAN JAVIER CRA 109 43-07;14;NORTE2   (9-10-13);3
12688;U.R ALTOS DE SAN JUAN.CLL 42B 117A-7;14;NORTE2   (9-10-13);3
12696;SAN SILVESTRE;19;BELLO;3
12697;U.R MIRADOR DE SAN JAVIER. CR 117B 42B-75;14;NORTE2   (9-10-13);3
12698;UR. CERCANÍAS DE LA MOTA. CALLE 9A-73-95;14;NORTE2   (9-10-13);3
12701;QUINTALINDA;17;MEDELLIN ORIENTE5   (31-34-37);3
12703;SANTA CATALINA;34;KENNEDY SUR;4
12704;KENNEDY CENTRAL;34;KENNEDY SUR;4
12706;VILLA ALSACIA;34;KENNEDY SUR;4
12707;CASTILLA;32;KENNEDY NORTE;4
12714;PIO XII KENNEDY;34;KENNEDY SUR;4
12715;VALLADOLID KENNEDY;32;KENNEDY NORTE;4
12717;PATIO BONITO KENNEDY;96;BOSA NORTE;4
12720;PRIMAVERA KENNEDY;27;BOSA SUR;4
12721;MANDALAY KENNEDY;34;KENNEDY SUR;4
12723;FONTIBON;75;FONTIBON;4
12725;MARSELLA;33;ENGATIVA OCCIDENTAL;4
12726;AMERICAS OCCIDENTAL KENNEDY;34;KENNEDY SUR;4
12728;ROMA KENNEDY;34;KENNEDY SUR;4
12729;VENECIA TUNJUELITO;83;TUNJUELITO - R. URIBE U.;4
12730;20 DE JULIO SAN CRISTOBAL;82;Z FDC SUR;4
12731;CENTRO;34;KENNEDY SUR;4
12736;PERDOMO CIUDAD BOLIVAR;34;KENNEDY SUR;4
12738;AMERICAS CENTRAL;33;ENGATIVA OCCIDENTAL;4
12739;PALENQUE KENNEDY;34;KENNEDY SUR;4
12741;EL CORTIJO ENGATIVA;33;ENGATIVA OCCIDENTAL;4
12742;ATALAYAS BOSA;27;BOSA SUR;4
12743;LA SOLEDAD NORTE ENGATIVA;102;ENGATIVA ORIENTAL;4
12744;COUNTRY SUR RAFAEL URIBE URIBE;83;TUNJUELITO - R. URIBE U.;4
12748;EL MOTORISTA BOSA;27;BOSA SUR;4
12752;HAYUELOS FONT;75;FONTIBON;4
12754;SANTA ISABEL;26;P. ARANDA - ANTONIO NARIÑO;4
12756;ABRAHAM LINCOLN KENNEDY;34;KENNEDY SUR;4
12758;GALERIAS;81;Z FDC NORTE;4
12759;CATALINA KENNEDY;34;KENNEDY SUR;4
12760;VILLAS DE GRANADA ENGATIVA;33;ENGATIVA OCCIDENTAL;4
12762;PERIODISTAS KENNEDY;34;KENNEDY SUR;4
12763;CARBONELL;27;BOSA SUR;4
12764;CASA BLANCA;34;KENNEDY SUR;4
12765;CATANIA;34;KENNEDY SUR;4
12767;KENNEDDY GRAN COLOMBIANO;34;KENNEDY SUR;4
12768;EL RINCON SUBA;101;SUBA;4
12769;TIMIZA KENNEDY;34;KENNEDY SUR;4
12770;VILLA DEL ROSARIO;26;P. ARANDA - ANTONIO NARIÑO;4
12771;LAGO TIMIZA;34;KENNEDY SUR;4
12772;AURES SUBA;101;SUBA;4
12773;LA FLORIDA ENGATIVA;33;ENGATIVA OCCIDENTAL;4
12774;BOITA KENNEDY;34;KENNEDY SUR;4
12775;ESTADOS UNIDOS KENNEDY;34;KENNEDY SUR;4
12776;CAPELLANIA FONT;75;FONTIBON;4
12777;VILLAMAR FONT;75;FONTIBON;4
12778;NUEVA DELICIAS;34;KENNEDY SUR;4
12779;LA ESTACION;27;BOSA SUR;4
12780;SAN ANDRES KENNEDY;83;TUNJUELITO - R. URIBE U.;4
12781;DELICIAS KENNEDY;83;TUNJUELITO - R. URIBE U.;4
12783;ALAMOS NORTE ENGATIVA;33;ENGATIVA OCCIDENTAL;4
12784;MORABIA;34;KENNEDY SUR;4
12785;CHAPINERO;81;Z FDC NORTE;4
12786;LA CHUCUA KENNEDY;34;KENNEDY SUR;4
12787;LA PAZ BOSA;27;BOSA SUR;4
12788;URAPANES;34;KENNEDY SUR;4
12789;LAS FERIAS ENGATIVA;33;ENGATIVA OCCIDENTAL;4
12790;GALICIA CIUDAD BOLIVAR;34;KENNEDY SUR;4
12791;ARBORIZADORA ALTA;26;P. ARANDA - ANTONIO NARIÑO;4
12795;SOACHA SAN MATEO;28;Z FDC SOACHA;4
12796;KENNEDY ARGELIA;34;KENNEDY SUR;4
12797;CARIMAGUA KENNEDY;34;KENNEDY SUR;4
12798;BOMBAY;34;KENNEDY SUR;4
12799;NUEVA YORK KENNEDY;83;TUNJUELITO - R. URIBE U.;4
12801;TALAVERA;83;TUNJUELITO - R. URIBE U.;4
12802;FLORALIA KENNEDY;26;P. ARANDA - ANTONIO NARIÑO;4
12803;LAS LUCES KENNEDY;34;KENNEDY SUR;4
12804;ALQUERIA LA FRAGUA PUENTE ARANDA;26;P. ARANDA - ANTONIO NARIÑO;4
12805;CARVAJAL;34;KENNEDY SUR;4
12808;BENJAMIN HERRERA;81;Z FDC NORTE;4
12811;BOSA CENTRO;27;BOSA SUR;4
12812;SANTA FE BOSA;27;BOSA SUR;4
12815;FATIMA TUNJIELITO;83;TUNJUELITO - R. URIBE U.;4
12816;VILLA ANDREA;27;BOSA SUR;4
12817;SAN RAFAEL PUENTE ARANDA;26;P. ARANDA - ANTONIO NARIÑO;4
12819;FLORESTA SUR KENNEDY;33;ENGATIVA OCCIDENTAL;4
12820;VILLA CLAUDIA KENNEDY;33;ENGATIVA OCCIDENTAL;4
12821;LA LLANURA;33;ENGATIVA OCCIDENTAL;4
12822;FLORIDA BOSA;27;BOSA SUR;4
12824;VILLA EMILIA;34;KENNEDY SUR;4
12825;BELLAVISTA KENNEDY;96;BOSA NORTE;4
12826;SAN JOAQUIN ENGATIVA;33;ENGATIVA OCCIDENTAL;4
12827;NORMANDIA ENGATIVA;33;ENGATIVA OCCIDENTAL;4
12828;CLARET TUNJUELITO;83;TUNJUELITO - R. URIBE U.;4
12829;COMPARTIR SUBA;81;Z FDC NORTE;4
12832;BRITALIA;27;BOSA SUR;4
12833;SAN VICENTE FERRER TUNJUELITO;83;TUNJUELITO - R. URIBE U.;4
12834;VILLA ADRIANA ENGATIVA;33;ENGATIVA OCCIDENTAL;4
12837;AYACUCHO;34;KENNEDY SUR;4
12840;SUPER 7;34;KENNEDY SUR;4
12841;KENNEDY LA IGUALDAD;26;P. ARANDA - ANTONIO NARIÑO;4
12842;PALESTINA;27;BOSA SUR;4
12844;LAURELES;27;BOSA SUR;4
12845;FRANCISCO JOSE CALDAS;34;KENNEDY SUR;4
12846;CALIFORNIA SUP3;34;KENNEDY SUR;4
12847;HOGARES COLOMBIANOS;34;KENNEDY SUR;4
12852;CIUDAD ALSACIA ENGATIVA;33;ENGATIVA OCCIDENTAL;4
12853;TIERRA BUENA;96;BOSA NORTE;4
12857;HIPOTECHO;33;ENGATIVA OCCIDENTAL;4
12858;NUEVA MARSELLA KENNEDY;33;ENGATIVA OCCIDENTAL;4
12860;TRINIDAD GALAN PUENTE ARANDA;26;P. ARANDA - ANTONIO NARIÑO;4
12861;CENTRO AMÉRICAS;33;ENGATIVA OCCIDENTAL;4
12862;NARANJOS BOSA;27;BOSA SUR;4
12863;VILLA NUEVA KENNEDY;26;P. ARANDA - ANTONIO NARIÑO;4
12865;BRITALIA NORTE SUBA;81;Z FDC NORTE;4
12866;EL CARMELO;27;BOSA SUR;4
12867;VILLA LA TORRE;34;KENNEDY SUR;4
12868;VILLA DE KENNEDY;27;BOSA SUR;4
12869;VILLA ANITA;27;BOSA SUR;4
12870;JACKELINE KENNEDY;34;KENNEDY SUR;4
12871;AMARU BOSA;27;BOSA SUR;4
12872;ALTAMAR;96;BOSA NORTE;4
12873;CIUDAD DE CALI KENNEDY;96;BOSA NORTE;4
12874;VILLA CLEMENCIA;27;BOSA SUR;4
12875;TINTALITO KENNEDY;96;BOSA NORTE;4
12876;VILLA HERMOSA;96;BOSA NORTE;4
12877;LAS BRISAS;96;BOSA NORTE;4
12878;RIVERAS DE OCCIDENTE KENNEDY;96;BOSA NORTE;4
12879;ZARZAMORA;27;BOSA SUR;4
12880;ANDALUCIA;32;KENNEDY NORTE;4
12881;VEGAS SANTA ANA;27;BOSA SUR;4
12882;LA ESPERANZA BOSA;27;BOSA SUR;4
12883;S M DE PORRES;34;KENNEDY SUR;4
12884;EL SOCORRO;34;KENNEDY SUR;4
12885;VILLA RICA;34;KENNEDY SUR;4
12886;NUEVA TIMIZA;34;KENNEDY SUR;4
12887;ONASIS;34;KENNEDY SUR;4
12889;VILLA NELLY;34;KENNEDY SUR;4
12891;SANTA RITA;26;P. ARANDA - ANTONIO NARIÑO;4
12893;AZUCENA BOSA;27;BOSA SUR;4
12897;CAMILO TORRES;34;KENNEDY SUR;4
12898;VISION COLOMBIA;34;KENNEDY SUR;4
12901;LA GUACA;26;P. ARANDA - ANTONIO NARIÑO;4
12902;ALCALA PUENTE ARANDA;26;P. ARANDA - ANTONIO NARIÑO;4
12903;EL TEJAR PUENTE ARANDA;26;P. ARANDA - ANTONIO NARIÑO;4
12904;TORREMOLINOS PUENTE ARANDA;26;P. ARANDA - ANTONIO NARIÑO;4
12905;MILENTA PUENTE ARANDA;26;P. ARANDA - ANTONIO NARIÑO;4
12906;LA FRAGUA;26;P. ARANDA - ANTONIO NARIÑO;4
12907;BARRANQUILLITA KENNEDY;96;BOSA NORTE;4
12909;LUCERNA;34;KENNEDY SUR;4
12910;VILLA DEL RIO BOSA;34;KENNEDY SUR;4
12911;OLARTE BOSA;34;KENNEDY SUR;4
12912;VILLA DE LOS SAUCES KENNEDY;34;KENNEDY SUR;4
12913;JOSE ANTONIO GALAN;27;BOSA SUR;4
12915;TAIRONA;96;BOSA NORTE;4
12916;VILLA LILIANA;83;TUNJUELITO - R. URIBE U.;4
12917;ALMENDROS;96;BOSA NORTE;4
12919;LAS CAMELIAS PUENTE ARANDA;26;P. ARANDA - ANTONIO NARIÑO;4
12920;EL AMPARO KENNEDY;34;KENNEDY SUR;4
12921;EL JAZMIN PUENTE ARANDA;26;P. ARANDA - ANTONIO NARIÑO;4
12922;LA PONDEROSA PUENTE ARANDA;26;P. ARANDA - ANTONIO NARIÑO;4
12923;LAS MARGARITAS;27;BOSA SUR;4
12924;ACIP KENNEDY;34;KENNEDY SUR;4
12925;EL RUBI;34;KENNEDY SUR;4
12926;CLASS KENNEDY;27;BOSA SUR;4
12929;MARIA PAZ;96;BOSA NORTE;4
12930;SUPER 2;34;KENNEDY SUR;4
12931;CASA B MIRAFLORES;34;KENNEDY SUR;4
12933;ALMENAR;27;BOSA SUR;4
12934;LA GIRALDILLA;34;KENNEDY SUR;4
12936;NUEVO CHILE BOSA;34;KENNEDY SUR;4
12937;TINTAL KENNEDY;32;KENNEDY NORTE;4
12941;MODELIA FONTIBON;75;FONTIBON;4
12942;CHICALA BOSA;27;BOSA SUR;4
12943;BRASILIA BOSA;27;BOSA SUR;4
12944;BETANIA;27;BOSA SUR;4
12945;ALAMEDAS DE SAN JOSE;27;BOSA SUR;4
12946;TOCAREMA;96;BOSA NORTE;4
12947;MUZU PUENTE ARANDA;26;P. ARANDA - ANTONIO NARIÑO;4
12948;NUEVO MUZU TUNJUELITO;83;TUNJUELITO - R. URIBE U.;4
12949;CIUDAD MONTES PUENTE ARANDA;26;P. ARANDA - ANTONIO NARIÑO;4
12950;VILLA SONIA;26;P. ARANDA - ANTONIO NARIÑO;4
12951;VILLA MAYOR RAFEL URIBE URIBE;26;P. ARANDA - ANTONIO NARIÑO;4
12952;TEQUENDAMA KENNEDY;34;KENNEDY SUR;4
12953;NUEVO KENNEDY;34;KENNEDY SUR;4
12954;PASTRANITA KENNEDY;27;BOSA SUR;4
12955;COLON;26;P. ARANDA - ANTONIO NARIÑO;4
12956;SAN GABRIEL;26;P. ARANDA - ANTONIO NARIÑO;4
12957;LA PRADERA PUENTE ARANDA;26;P. ARANDA - ANTONIO NARIÑO;4
12958;RINCON DE VENECIA TUNJUELITO;83;TUNJUELITO - R. URIBE U.;4
12959;ISLA DEL SOL TUNJUELITO;83;TUNJUELITO - R. URIBE U.;4
12960;MADELENA CIUDAD BOLIVAR;34;KENNEDY SUR;4
12961;BERLIN KENNEDY;34;KENNEDY SUR;4
12962;VILLA ANDRES;27;BOSA SUR;4
12963;EL CARMEN TUNJUELITO;83;TUNJUELITO - R. URIBE U.;4
12964;EL INGLES RAFAEL URIBE URIBE;83;TUNJUELITO - R. URIBE U.;4
12965;VILLA NHORA;27;BOSA SUR;4
12966;VILLA LOMA KENNEDY;34;KENNEDY SUR;4
12967;BRASIL BOSA;27;BOSA SUR;4
12968;SAN MARTIN BOSA;27;BOSA SUR;4
12969;VILLA COLOMBIA;27;BOSA SUR;4
12970;DINDALITO KENNEDY;96;BOSA NORTE;4
12971;CIUDAD GRANADA;96;BOSA NORTE;4
12972;PALMERAS;27;BOSA SUR;4
12973;SANTA MONICA KENNEDY;96;BOSA NORTE;4
12974;SINAI;34;KENNEDY SUR;4
12976;SAN EUSEBIO PUENTE ARANDA;26;P. ARANDA - ANTONIO NARIÑO;4
12978;OLIVOS;28;Z FDC SOACHA;4
12979;CALARCA;27;BOSA SUR;4
12980;LA FRANCIA PUENTE ARANDA;26;P. ARANDA - ANTONIO NARIÑO;4
12983;LAS TORRES;26;P. ARANDA - ANTONIO NARIÑO;4
12984;KENNEDY CARVAJAL OSORIO;26;P. ARANDA - ANTONIO NARIÑO;4
12985;NUEVA PRIMAVERA PUENTE ARANDA;26;P. ARANDA - ANTONIO NARIÑO;4
12986;VERAGUAS;26;P. ARANDA - ANTONIO NARIÑO;4
12987;EL PROGRESO;27;BOSA SUR;4
12988;SANTA MATILDE PUENTE ARANDA;26;P. ARANDA - ANTONIO NARIÑO;4
12989;REMANSO;26;P. ARANDA - ANTONIO NARIÑO;4
12990;BOCHICA;26;P. ARANDA - ANTONIO NARIÑO;4
12991;LA ASUNCION PUENTE ARANDA;26;P. ARANDA - ANTONIO NARIÑO;4
12992;GALAN PUENTE ARANDA;26;P. ARANDA - ANTONIO NARIÑO;4
12993;COLONIA ORIENTAL;26;P. ARANDA - ANTONIO NARIÑO;4
12994;LAS VEGAS;96;BOSA NORTE;4
12995;SUMAPAZ;27;BOSA SUR;4
12996;LA RIVERA BOSA;96;BOSA NORTE;4
12997;CAMPO HERMOSO;27;BOSA SUR;4
12999;UNIR 1;96;BOSA NORTE;4
13230;GLORIETA AMERICAS;34;KENNEDY SUR;4
13231;TECHO;34;KENNEDY SUR;4
13236;LA ALQUERIA PUENTE ARANDA;26;P. ARANDA - ANTONIO NARIÑO;4
13237;SUPER 12;34;KENNEDY SUR;4
13242;ESTANCIA CIUDAD BOLIVAR;34;KENNEDY SUR;4
13244;CARABELAS;26;P. ARANDA - ANTONIO NARIÑO;4
13245;VILLA INES;26;P. ARANDA - ANTONIO NARIÑO;4
13246;GAITAN CORTES;26;P. ARANDA - ANTONIO NARIÑO;4
13248;LEON CORKIDI;26;P. ARANDA - ANTONIO NARIÑO;4
13249;EL SOL;26;P. ARANDA - ANTONIO NARIÑO;4
13250;TIBANA;26;P. ARANDA - ANTONIO NARIÑO;4
13252;SAN FRANCI OCCI;26;P. ARANDA - ANTONIO NARIÑO;4
13253;BARCELONA;26;P. ARANDA - ANTONIO NARIÑO;4
13254;CENTENARIO RAFAEL URIBE URIBE;83;TUNJUELITO - R. URIBE U.;4
13255;EDUARDO SANTOS;26;P. ARANDA - ANTONIO NARIÑO;4
13256;TUNAL;83;TUNJUELITO - R. URIBE U.;4
13258;LA AMISTAD;27;BOSA SUR;4
13259;EL PORVENIR BOSA;27;BOSA SUR;4
13260;LOS SAUCES;26;P. ARANDA - ANTONIO NARIÑO;4
13262;AUTOPISTA SUR;26;P. ARANDA - ANTONIO NARIÑO;4
13263;SAN ANTONIO ANTONIO NARIÑO;26;P. ARANDA - ANTONIO NARIÑO;4
13265;LOS ANGELES;26;P. ARANDA - ANTONIO NARIÑO;4
13266;LA FRAGUITA;26;P. ARANDA - ANTONIO NARIÑO;4
13267;LA LIBERTAD BOSA;27;BOSA SUR;4
13268;EL RECREO;27;BOSA SUR;4
13269;NEW JERSEY BOSA;27;BOSA SUR;4
13271;VILLAS CHICALA;27;BOSA SUR;4
13272;EL  PARAISO BOSA;27;BOSA SUR;4
13273;NUEVA ESCOCIA;27;BOSA SUR;4
13275;HOLANDA BOSA;27;BOSA SUR;4
13276;DANUBIO;27;BOSA SUR;4
13277;ESCOCIA;27;BOSA SUR;4
13278;DIAMANTE;27;BOSA SUR;4
13279;LA PORTADA;27;BOSA SUR;4
13280;EL BOSQUE;27;BOSA SUR;4
13281;LA CONCEPCIÓN;27;BOSA SUR;4
13282;CHICO SUR;27;BOSA SUR;4
13283;DIVINO NIÑO;27;BOSA SUR;4
13286;LA ESMERALDA BOSA;27;BOSA SUR;4
13287;CAI LA LIBERTAD BOSA;27;BOSA SUR;4
13288;EL CAUCE;27;BOSA SUR;4
13289;LA ESTANZUELA BOSA;27;BOSA SUR;4
13292;SANTA INES;82;Z FDC SUR;4
13293;VILLA NATALIA;27;BOSA SUR;4
13294;SAN PABLO BOSA;27;BOSA SUR;4
13295;SOACHA LEON XIII;28;Z FDC SOACHA;4
13296;SAN CARLOS RAFAEL URIBE URIBE;83;TUNJUELITO - R. URIBE U.;4
13297;CALDAS;27;BOSA SUR;4
13298;7 DE AGOSTO;81;Z FDC NORTE;4
13299;VILLA ALEGRE;27;BOSA SUR;4
13300;EL REGALO BOSA;27;BOSA SUR;4
13301;BOSA LINDA;27;BOSA SUR;4
13302;BOSA NOVA;27;BOSA SUR;4
13303;PIAMONTE BOSA;27;BOSA SUR;4
13305;DESPENSA BOSA;27;BOSA SUR;4
13307;PABLO VI BOSA;27;BOSA SUR;4
13308;NUEVA GRANADA BOSA;27;BOSA SUR;4
13309;CARLOS ALBAN;27;BOSA SUR;4
13310;VILLA ANY;27;BOSA SUR;4
13311;ASOVIVIR;27;BOSA SUR;4
13312;JIMENEZ DE QUESADA;27;BOSA SUR;4
13313;EL VERGEL;26;P. ARANDA - ANTONIO NARIÑO;4
13314;SOSOROM;34;KENNEDY SUR;4
13315;SAN ANDRES ABAJO;34;KENNEDY SUR;4
13316;NEW YORK ABAJO;83;TUNJUELITO - R. URIBE U.;4
13317;SANTA LUCIA RAFAEL URIBE URIBE;83;TUNJUELITO - R. URIBE U.;4
13318;QUIROGA RAFAEL URIBE URIBE;83;TUNJUELITO - R. URIBE U.;4
13319;QUIROGA CENTRAL;83;TUNJUELITO - R. URIBE U.;4
13320;OLAYA RAFAEL URIBE URIBE;83;TUNJUELITO - R. URIBE U.;4
13321;LIBERTADORES;26;P. ARANDA - ANTONIO NARIÑO;4
13322;SANTANDER ANTINO NARIÑO;26;P. ARANDA - ANTONIO NARIÑO;4
13323;RESTREPO ANTONIO NARIÑO;83;TUNJUELITO - R. URIBE U.;4
13324;ANTONIA SANTOS;27;BOSA SUR;4
13326;MURILLO TORO;83;TUNJUELITO - R. URIBE U.;4
13327;BRAVO PAEZ RAFAEL URIBE URIBE;83;TUNJUELITO - R. URIBE U.;4
13328;SAN PEDRO FONTIBON;75;FONTIBON;4
13329;FONTIBON  CENTRO *;75;FONTIBON;4
13330;5 DE NOVIEMBRE;26;P. ARANDA - ANTONIO NARIÑO;4
13331;LA FELICIDAD FONT;75;FONTIBON;4
13332;VILLA CARMENZA FONT;75;FONTIBON;4
13333;SABANA GRANDE FONT;75;FONTIBON;4
13334;EL GUADUAL FONTIBON;75;FONTIBON;4
13337;SAN PABLO FONTIBON;75;FONTIBON;4
13338;EL CARMEN FONTIBON;75;FONTIBON;4
13339;FLANDES FONT;75;FONTIBON;4
13341;BATAVIA FONT;75;FONTIBON;4
13342;LA LAGUNA FONTIBON;75;FONTIBON;4
13343;ZONA FRANCA FONT;75;FONTIBON;4
13344;CENTENARIO FONT;75;FONTIBON;4
13346;ZAPETE FONT;75;FONTIBON;4
13347;BAHIA SOLANO FONT;75;FONTIBON;4
13349;THALIA FONT;75;FONTIBON;4
13350;BOHIOS FONT;75;FONTIBON;4
13351;SAN JOSE FONT;75;FONTIBON;4
13352;PALESTINA FONT;75;FONTIBON;4
13353;EL JORDAN FONTIBON;75;FONTIBON;4
13354;BELEN FONTIBON;75;FONTIBON;4
13356;LA CABAÑA FONT;75;FONTIBON;4
13357;LA CELFITA FONT;75;FONTIBON;4
13358;VILLA LILIANA FONT;75;FONTIBON;4
13359;EL REFUGIO FONTIBON;75;FONTIBON;4
13360;LA ALDEA FONT;75;FONTIBON;4
13361;BOSTON FONTIBON;75;FONTIBON;4
13363;SELVA DORADA FONTIBON;75;FONTIBON;4
13365;SALAMANCA FONT;75;FONTIBON;4
13366;SANATANDER FONT;75;FONTIBON;4
13367;GIRALDA FONTIBON;75;FONTIBON;4
13368;PEDREGAL FONT;75;FONTIBON;4
13370;ATAHUALPA FONTIBON;75;FONTIBON;4
13371;VERSALLES FONTIBON;75;FONTIBON;4
13372;BRISAS FONT;75;FONTIBON;4
13373;SANTIAGO FONT;75;FONTIBON;4
13374;BETANIA FONT;75;FONTIBON;4
13376;RINCON SANTOS FONT;75;FONTIBON;4
13378;ARABIA FONT;75;FONTIBON;4
13380;SAN VICENTE FONT;75;FONTIBON;4
13382;LAREDO FONTIBON;75;FONTIBON;4
13383;COFRADIA FONT;75;FONTIBON;4
13384;RECODO FONT;75;FONTIBON;4
13385;FERROCAJA FONT;75;FONTIBON;4
13386;VERACRUZ FONT;75;FONTIBON;4
13387;LA ROSITA FONT;75;FONTIBON;4
13388;NOGAL FONT;75;FONTIBON;4
13389;LAS FLORES FONT;75;FONTIBON;4
13390;POLICARPA ANTONIO NARIÑO;26;P. ARANDA - ANTONIO NARIÑO;4
13391;CAPULO FONT;75;FONTIBON;4
13392;CIUDAD BERNA ANTONIO NARIÑO;26;P. ARANDA - ANTONIO NARIÑO;4
13393;SEVILLA ENGATIVA;33;ENGATIVA OCCIDENTAL;4
13394;TAPETE FONT;75;FONTIBON;4
13395;CIUDAD JARDIN SUR ANTONIO NARIÑO;83;TUNJUELITO - R. URIBE U.;4
13398;SAN PEDRO ROBLES FONT;75;FONTIBON;4
13400;EL TRIUNFO FONT;75;FONTIBON;4
13401;LANDERO FONT;75;FONTIBON;4
13403;LAGOS DE CASTILLA;32;KENNEDY NORTE;4
13404;SAN JORGE;83;TUNJUELITO - R. URIBE U.;4
13405;SAN JOSE SUR RAFAEL URIBE URIBE;26;P. ARANDA - ANTONIO NARIÑO;4
13406;SOCIEGO SAN CRISTOBAL;26;P. ARANDA - ANTONIO NARIÑO;4
13407;GUSTAVO RESTREPO RAFAEL URIBE URIBE;83;TUNJUELITO - R. URIBE U.;4
13408;LOS MONJES ENGATIVA;33;ENGATIVA OCCIDENTAL;4
13409;SANTA CECILIA ENGATIVA;33;ENGATIVA OCCIDENTAL;4
13410;SAN IGNACIO ENGATIVA;33;ENGATIVA OCCIDENTAL;4
13411;VILLA LUZ ENGATIVA;33;ENGATIVA OCCIDENTAL;4
13412;EL ENCANTO ENGATIVA;33;ENGATIVA OCCIDENTAL;4
13413;LAS COLINAS SUBA;81;Z FDC NORTE;4
13414;LUJAN ENGATIVA;33;ENGATIVA OCCIDENTAL;4
13415;BOYACA REAL ENGATIVA;33;ENGATIVA OCCIDENTAL;4
13416;LA CONSOLACION ENGATIVA;33;ENGATIVA OCCIDENTAL;4
13417;SANTA HELENITA ENGATIVA;33;ENGATIVA OCCIDENTAL;4
13418;LA CLARITA ENGATIVA;33;ENGATIVA OCCIDENTAL;4
13419;SAN MARCOS ENGATIVA;33;ENGATIVA OCCIDENTAL;4
13420;LA ISABELA ENGATIVA;33;ENGATIVA OCCIDENTAL;4
13421;LOS PINOS ENGATIVA;33;ENGATIVA OCCIDENTAL;4
13424;TABORA ENGATIVA;33;ENGATIVA OCCIDENTAL;4
13425;LA GRANJA ENGATIVA;33;ENGATIVA OCCIDENTAL;4
13428;ALMERIA ENGATIVA;33;ENGATIVA OCCIDENTAL;4
13429;STA MA DEL LAGO ENGATIVA;33;ENGATIVA OCCIDENTAL;4
13430;BONANZA ENGATIVA;33;ENGATIVA OCCIDENTAL;4
13431;LA ESTRADITA ENGATIVA;33;ENGATIVA OCCIDENTAL;4
13432;BELLA VISTA ENGATIVA;33;ENGATIVA OCCIDENTAL;4
13434;VILLA CONSTANZA ENGATIVA;33;ENGATIVA OCCIDENTAL;4
13435;LOS CEREZOS ENGATIVA;33;ENGATIVA OCCIDENTAL;4
13436;SANTA ROSITA ENGATIVA;33;ENGATIVA OCCIDENTAL;4
13437;CIUDAD SALITRE;81;Z FDC NORTE;4
13438;MINUTO DE DIOS ENGATIVA;33;ENGATIVA OCCIDENTAL;4
13439;BOSQUES DE MARIANA ENGATIVA;33;ENGATIVA OCCIDENTAL;4
13440;LA RELIQUIA ENGATIVA;33;ENGATIVA OCCIDENTAL;4
13441;LA CABAÑA ENGATIVA;102;ENGATIVA ORIENTAL;4
13442;BOSQUE POPULAR ENGATIVA;33;ENGATIVA OCCIDENTAL;4
13443;RICAURTE;29;Z FDC CENTRO;4
13444;LA ESTRADA ENGATIVA;33;ENGATIVA OCCIDENTAL;4
13445;EL PASEO ENGATIVA;33;ENGATIVA OCCIDENTAL;4
13446;ENGATIV LAUREL;33;ENGATIVA OCCIDENTAL;4
13447;DORADO NORTE ENGATIVA;33;ENGATIVA OCCIDENTAL;4
13448;EUROPA ENGATIVA;33;ENGATIVA OCCIDENTAL;4
13449;NUEVO LAURES;33;ENGATIVA OCCIDENTAL;4
13450;ENG ACAPULCO;33;ENGATIVA OCCIDENTAL;4
13451;PALO BLANCO ENGATIVA;33;ENGATIVA OCCIDENTAL;4
13454;QUIRIGUA ENGATIVA;33;ENGATIVA OCCIDENTAL;4
13456;SAN JOSE DE LA GRANJA ENGATIVA;102;ENGATIVA ORIENTAL;4
13461;LA SALINA ENGATIVA;33;ENGATIVA OCCIDENTAL;4
13462;FLORIDA BLANCA ENGATIVA;33;ENGATIVA OCCIDENTAL;4
13463;FLORENCIA ENGATIVA;33;ENGATIVA OCCIDENTAL;4
13464;LOS CAMPOS ENGATIVA;33;ENGATIVA OCCIDENTAL;4
13465;VILLAS DEL DORADO ENGATIVA;33;ENGATIVA OCCIDENTAL;4
13466;PRIMAVERA BOSA;26;P. ARANDA - ANTONIO NARIÑO;4
13467;VILLA GLADYS ENGATIVA;33;ENGATIVA OCCIDENTAL;4
13469;PARIS GAITAN ENGATIVA;33;ENGATIVA OCCIDENTAL;4
13470;MADRIGAL ENGATIVA;33;ENGATIVA OCCIDENTAL;4
13473;LOS ANGELES ENGATIVA;32;KENNEDY NORTE;4
13474;GARCES NAVAS ENGATIVA;33;ENGATIVA OCCIDENTAL;4
13475;VILLA AMALIA ENGATIVA;33;ENGATIVA OCCIDENTAL;4
13476;BOLIVIA ENGATIVA;33;ENGATIVA OCCIDENTAL;4
13477;SAN ANTONIO ENGATIVA;33;ENGATIVA OCCIDENTAL;4
13478;VILLA SAGRARIO ENGATIVA;33;ENGATIVA OCCIDENTAL;4
13479;EL MUELLE ENGATIVA;33;ENGATIVA OCCIDENTAL;4
13481;SANTA MONICA ENGATIVA;33;ENGATIVA OCCIDENTAL;4
13482;VILLA CLAVER ENGATIVA;33;ENGATIVA OCCIDENTAL;4
13483;VILLAS MADRIGAL ENGATIVA;33;ENGATIVA OCCIDENTAL;4
13485;GRAN GRANADA ENGATIVA;33;ENGATIVA OCCIDENTAL;4
13486;VILLA DEL PROGRESO;27;BOSA SUR;4
13487;PLAZA DEL VIRREY ENGATIVA;33;ENGATIVA OCCIDENTAL;4
13488;CIUD COLSUBSIDIO ENGATIVA;33;ENGATIVA OCCIDENTAL;4
13490;VILLA MARY ENGATIVA;33;ENGATIVA OCCIDENTAL;4
13491;MERCEDES ENGATIVA;33;ENGATIVA OCCIDENTAL;4
13492;LA RIVIERA ENGATIVA;33;ENGATIVA OCCIDENTAL;4
13493;MARANDU ENGATIVA;33;ENGATIVA OCCIDENTAL;4
13494;ENGATIVA LITUANA;33;ENGATIVA OCCIDENTAL;4
13496;VILLA TERESITA ENGATIVA;33;ENGATIVA OCCIDENTAL;4
13497;LINTERAMA ENGATIVA;33;ENGATIVA OCCIDENTAL;4
13498;EL PALMAR;27;BOSA SUR;4
13499;LA VICTORIA ENGATIVA;33;ENGATIVA OCCIDENTAL;4
13500;EL MIRADOR;83;TUNJUELITO - R. URIBE U.;4
13501;SABANAS DEL DORADO ENGATIVA;33;ENGATIVA OCCIDENTAL;4
13502;LA ESTANCIA FONT;75;FONTIBON;4
13503;PORTAL DEL RIO ENGATIVA;33;ENGATIVA OCCIDENTAL;4
13505;LA SERENA ENGATIVA;33;ENGATIVA OCCIDENTAL;4
13506;LA ESPAÑOLA ENGATIVA;33;ENGATIVA OCCIDENTAL;4
13507;LAUREL ENGATIVA;33;ENGATIVA OCCIDENTAL;4
13508;TISQUESUZA ENGATIVA;33;ENGATIVA OCCIDENTAL;4
13511;PRADERA NORTE;81;Z FDC NORTE;4
13512;SIDAUTO ENGATIVA;33;ENGATIVA OCCIDENTAL;4
13513;LUIS CARLOS GALAN ENGATIVA;33;ENGATIVA OCCIDENTAL;4
13514;BACHUE ENGATIVA;33;ENGATIVA OCCIDENTAL;4
13515;SAN BASILIO ENGATIVA;33;ENGATIVA OCCIDENTAL;4
13516;VILLA CRISTINA ENGATIVA;33;ENGATIVA OCCIDENTAL;4
13519;CLARELANDIA BOSA;27;BOSA SUR;4
13522;ARGELIA BOSA;27;BOSA SUR;4
13523;PORTAL BOSA;27;BOSA SUR;4
13525;SAN DIEGO BOSA;27;BOSA SUR;4
13527;EL JARDIN BOSA;26;P. ARANDA - ANTONIO NARIÑO;4
13528;SAN ANTONIO BOSA;27;BOSA SUR;4
13529;LA CABAÑA BOSA;27;BOSA SUR;4
13530;EL ANHELO;27;BOSA SUR;4
13531;SAN PEDRO BOSA;27;BOSA SUR;4
13532;SAN BERNARDINO;27;BOSA SUR;4
13535;FLORESTA NORTE;81;Z FDC NORTE;4
13537;PENSILVANIA;26;P. ARANDA - ANTONIO NARIÑO;4
13538;SOACHA MERCURIO;28;Z FDC SOACHA;4
13539;PALOQUEMAO;29;Z FDC CENTRO;4
13540;SAN FERNANDO;81;Z FDC NORTE;4
13541;LLANO GRANDE;27;BOSA SUR;4
13542;LA CORUÑA;83;TUNJUELITO - R. URIBE U.;4
13546;CASA LINDA;83;TUNJUELITO - R. URIBE U.;4
13547;LA ESMERALDA NORTE;29;Z FDC CENTRO;4
13548;LA CASTELLANA;81;Z FDC NORTE;4
13550;CANDELARIA;82;Z FDC SUR;4
13551;LA VICTORIA;38;2;6
13552;VERBENAL;81;Z FDC NORTE;4
13553;MODELO SUR;34;KENNEDY SUR;4
13557;METROPOLIS;81;Z FDC NORTE;4
13558;PALERMO;29;Z FDC CENTRO;4
13559;ZARZAMORA ENGATIVA;33;ENGATIVA OCCIDENTAL;4
13560;SALAZAR GOMEZ ENGATIVA;33;ENGATIVA OCCIDENTAL;4
13561;CEDRITOS GOLD;81;Z FDC NORTE;4
13562;SAN JOSE BAVARIA SUBA;81;Z FDC NORTE;4
13563;LAS CRUCES;27;BOSA SUR;4
13565;BILBAO SUBA;101;SUBA;4
13566;PORVENIR ENGATIVA;33;ENGATIVA OCCIDENTAL;4
13567;CASANDRA FONT;75;FONTIBON;4
13568;VILLA JAVIER;27;BOSA SUR;4
13569;VELODROMO SAN CRISTOBAL;83;TUNJUELITO - R. URIBE U.;4
13570;NIZA SUBA;81;Z FDC NORTE;4
13571;SAN ANTONIO NORTE;81;Z FDC NORTE;4
13573;LAS ORQUIDEAS;81;Z FDC NORTE;4
13575;SANTA ANA;81;Z FDC NORTE;4
13577;PUENTE GRANDE FONT;75;FONTIBON;4
13578;QUINTA PAREDES;81;Z FDC NORTE;4
13579;MODELO NORTE;29;Z FDC CENTRO;4
13581;COLINA CAMPESTRE SUBA;81;Z FDC NORTE;4
13582;JULIO FLORES;81;Z FDC NORTE;4
13583;CUNDINAMARCA;26;P. ARANDA - ANTONIO NARIÑO;4
13585;MARCO FIDEL SUAREZ;26;P. ARANDA - ANTONIO NARIÑO;4
13586;MIRANDELA SUBA;81;Z FDC NORTE;4
13587;SANTA LIBRADA;96;BOSA NORTE;4
13588;MAZUREN SUBA;81;Z FDC NORTE;4
13590;BOCHICA ENGATIVA;33;ENGATIVA OCCIDENTAL;4
13594;MOLINOS;82;Z FDC SUR;4
13595;PONTEVEDRA SUBA;101;SUBA;4
13596;TEUSAQUILLO;29;Z FDC CENTRO;4
13597;PUENTE ARANDA;26;P. ARANDA - ANTONIO NARIÑO;4
13599;UNIR ENGATIVA;33;ENGATIVA OCCIDENTAL;4
13601;LAS BRISAS FONT;75;FONTIBON;4
13602;CASA GRANDE;83;TUNJUELITO - R. URIBE U.;4
13604;MONTEVIDEO;81;Z FDC NORTE;4
13605;PASADENA SUBA;81;Z FDC NORTE;4
13606;12 DE OCTUBRE;81;Z FDC NORTE;4
13607;USME;75;FONTIBON;4
13607;USME;93;3;6
25494;LA ENEA;37;1;6
25495;LA ESTRELLA;37;1;6
25496;SAN JOAQUÍN;38;2;6
25497;COLOMBIA;93;3;6
25498;EUCALIPTUS;93;3;6
25499;BAJO TABLAZO;37;1;6
25500;ONDAS DE OTUN;93;3;6
25501;VELEZ;93;3;6
25502;LA SULTANA;37;1;6
25503;BAJO CARIBE;37;1;6
25504;CHIPRE;38;2;6
25505;CENTRO;38;2;6
25506;FATIMA;37;1;6
25507;BODEGAS PARQUE CENTRO;37;1;6
25508;EL CAMPIN;93;3;6
25509;EL PARAISO;93;3;6
25510;BOSQUES DELNORTE;37;1;6
25511;VILLA JULIA;37;1;6
25512;SANTOS;93;3;6
25513;LUSITANIA;37;1;6
25514;LOS CEDROS;37;1;6
25515;LA CAROLA;37;1;6
25516;SAN JOSE;38;2;6
25517;LOS MOLINOS;93;3;6
25518;EL CARIBE;37;1;6
25519;BAJO PRADO;93;3;6
25520;SANTA ANA;93;3;6
25521;LA PRADERA;93;3;6
25522;VILLA PILAR;38;2;6
25523;EL BOSQUE;38;2;6
25524;PALERMO;37;1;6
25525;MALHABAR;37;1;6
25526;LOS ALCAZARES;38;2;6
25527;LOS AGUSTINOS;38;2;6
25528;SAN JORGE;37;1;6
25529;VILLA NUEVA;38;2;6
25530;ESTACION URIBE;38;2;6
25531;LA CUMBRE;37;1;6
25532;VILLA HERMOSA;37;1;6
25533;LLERAS;93;3;6
25534;VILLA LUZ;37;1;6
25535;MINITAS;37;1;6
25536;BETANIA (FATIMA);37;1;6
25537;VIVEROS;37;1;6
25538;VILLA CAFE LOS YARUMOS;37;1;6
25539;LA TOSCANA;37;1;6
25540;MINUTO DE DIOS;37;1;6
25541;ALTA SUIZA;37;1;6
25542;LA FLORIDA;37;1;6
25543;COLSEGUROS;37;1;6
25544;LA ARGENTINA;37;1;6
25545;ARANJUEZ;37;1;6
25546;ATANASIO GIRARDOT;37;1;6
25547;LINARES;38;2;6
25548;MILAN;37;1;6
25549;KENNEDY;37;1;6
25550;NUEVO FATIMA;37;1;6
25551;PALOGRANDE;37;1;6
25553;VILLACARMENZA;93;3;6
25554;LAS COLINAS;37;1;6
25555;CASTILLA;93;3;6
25557;BETANIA;37;1;6
25558;GUAMAL;93;3;6
25559;ESTAMBUL;38;2;6
25560;ISABELA;93;3;6
25562;PALONEGRO;37;1;6
25563;PANORAMA;38;2;6
25564;URBANIZACION GALICIA;93;3;6
25565;ARRAYANES;93;3;6
25566;LA FUENTE;93;3;6
25567;EL PALMAR;93;3;6
25568;PRADO;93;3;6
25569;CERVANTES;38;2;6
25570;BAVARIA;93;3;6
25571;CAMPO HERMOSO;38;2;6
25572;SAN ANTONIO;38;2;6
25573;PRADO ALTO;93;3;6
25574;ALAMOS;93;3;6
25575;PRADO MEDIO;93;3;6
25576;URIBE;93;3;6
25577;RESERVA DE CASTILLA;37;1;6
25578;PERALONSO;37;1;6
25579;BAJO PERSIA;93;3;6
25580;CAMPOAMOR;38;2;6
25581;BAJO CERVANTES;38;2;6
25582;SAENZ;37;1;6
25583;LA RAMBLA;37;1;6
25584;SAN CAYETANO;37;1;6
25585;SAN VICENTE;38;2;6
25586;LA ASUNCION;37;1;6
25587;CENTENARIO;38;2;6
25588;LAURELES;37;1;6
25589;ALTA CAROLA;37;1;6
25590;NOGALES;38;2;6
25591;GUAYACANES;37;1;6
25593;NUEVO HORIZONTE;38;2;6
25594;EL PEÑON;38;2;6
25595;ARENILLO;38;2;6
25596;QUINTAHISPANIA;38;2;6
25597;ASTURIAS;38;2;6
25598;VILLA KEMPIS;38;2;6
25600;LA CAMELIA;37;1;6
25601;LA FRANCIA;38;2;6
25602;TOPACIO;38;2;6
25603;MORROGACHO;38;2;6
25604;OLAYA;38;2;6
25605;BELLAS ARTES;38;2;6
25606;PORTAL DE ALCAZARES;38;2;6
25607;VERSALLES;93;3;6
25608;SANTA HELENA;38;2;6
25611;ALFERES REAL;93;3;6
25613;LA DANIELA;37;1;6
25614;JOSE RESTREPO;93;3;6
25615;EL NEVADO;38;2;6
25616;TERRAZAS DE CAMPOHERMOSO;38;2;6
25617;LIBORIO;38;2;6
25618;LA PÀLMA;93;3;6
25619;AMERICAS (SAN JORGE);37;1;6
25620;CAMILO TORRES;93;3;6
25621;LEONORA;37;1;6
25622;FUNDADORES;38;2;6
25623;ALTOS DE CAPRI;37;1;6
25624;BELEN;37;1;6
25625;CERROS DE LA ALHAMBRA;37;1;6
25626;PIO XII;37;1;6
25627;ALTO CARIBE;37;1;6
25628;LUSITANIA ALTA;37;1;6
25629;VILLA DEL RIO;37;1;6
25630;EL CARMEN;38;2;6
25631;COMUNERO;37;1;6
25632;LA CASTELLANA;38;2;6
25633;MONTANA;38;2;6
25634;BENGALA;37;1;6
25635;JESUS DE LA BUENA ESPERANZA;38;2;6
25636;GALLINAZO;37;1;6
25637;LOS ROSALES;37;1;6
25638;GRANJAS DE ESTAMBUL;38;2;6
25639;LA LINDA;38;2;6
25640;VILLA CAFE (CAROLA);37;1;6
25641;FANNY GONZALEZ;37;1;6
25642;GONZALEZ;93;3;6
25643;LA ARBOLEDA;93;3;6
25644;LA CAROLITA;37;1;6
25645;NIÑO JESUS DE PRAGA;38;2;6
25646;PALONEGRO NUEVO;37;1;6
25647;LA FLORESTA;93;3;6
25648;TURIN;93;3;6
25649;LAS DELICIAS;38;2;6
25650;LA PRIMAVERA;37;1;6
25651;BETANIA (CUMBRE);37;1;6
25652;BAJA LEONORA;37;1;6
25653;EL SOL;37;1;6
25654;AMERICAS (AGUSTINOS);38;2;6
25656;PUERTAS DEL SOL;37;1;6
25657;TRIANGULO;37;1;6
25658;VIÑA DEL RIO;37;1;6
25660;PORTAL DEL CAFE;37;1;6
25661;COLINAS DE VILLA CAFE;37;1;6
25662;MIRADOR DE LA CAROLA;37;1;6
25664;ALTOS DE GRANADA;37;1;6
25666;AV. PARALELA;37;1;6
25668;BAJA CAROLA;37;1;6
25669;SAMARIA;38;2;6
25672;CAMINO DEL PALMAR;38;2;6
25673;PORVENIR;37;1;6
25674;VENGALA;37;1;6
25675;BAJO PALERMO;37;1;6
25676;SAN RAFAEL;37;1;6
25677;SAN MARCEL;37;1;6
25678;20 DE JULIO;38;2;6
25679;URAPANES;93;3;6
25680;TERRAZA DE LA GRANJA;93;3;6
25681;LA GRANJITA;93;3;6
25682;LA PORTEÑA;93;3;6
25683;ALTO PRADO;93;3;6
25684;BOSQUES DE LA ENEA;37;1;6
25685;BOSQUES;38;2;6
25686;VILLA CAFE MINITAS;37;1;6
25687;RINCON DE CASTILLA;37;1;6
25688;SAN SEBASTIAN;37;1;6
25689;CRISTO REY;38;2;6
25690;LAS PALMAS;38;2;6
25691;ALTO PERCIA;78;SABANETA;3
25693;PORTAL DE LA HALAMBRA;37;1;6
25694;CAPRI;37;1;6
25695;GALERIA;38;2;6
25696;VILLA JARDIN;93;3;6
25697;AV KEVIN ANGEL;37;1;6
25698;FANEON;93;3;6
25699;ALTO TABLAZO;37;1;6
25700;ALBANIA;38;2;6
25702;ALTOS DEL PORTON;93;3;6
25703;PERSIA;93;3;6
25705;DIAMANTE 2;59;PROVENZA;7
25706;LA FERIA;61;ZONA1;7
25707;PROVENZA;59;PROVENZA;7
25708;NAPOLES;61;ZONA1;7
25709;GIRARDOT;61;ZONA1;7
25710;SAN LUIS;59;PROVENZA;7
25711;SANTANDER;61;ZONA1;7
25713;DON BOSCO;61;ZONA1;7
25714;DOCE DE OCTUBRE;61;ZONA1;7
25715;PIO XII;61;ZONA1;7
25716;LA JOYA;61;ZONA1;7
25717;ALFONSO LOPEZ;61;ZONA1;7
25718;EL ROCIO;59;PROVENZA;7
25719;MANUELA BELTRAN;59;PROVENZA;7
25720;MUTIS;58;MUTIS;7
25721;COMUNEROS;55;CENTRO  BMANGA;7
25722;CAMPOHERMOSO;61;ZONA1;7
25723;TRANSICION;60;NORTE19;7
25724;23 DE JUNIO;61;ZONA1;7
25725;SANTA ANA;57;FLORIDABLANCA;7
25726;BUCARAMANGA;58;MUTIS;7
25727;PORVENIR;59;PROVENZA;7
25728;CABECERA;55;CENTRO  BMANGA;7
25729;URBANIZACION VILLA ALICIA;59;PROVENZA;7
25730;VILLA PRADO;61;ZONA1;7
25731;VILLAS DE SAN JUAN;56;GIRON;7
25732;ALVAREZ;55;CENTRO  BMANGA;7
25733;SAN FRANCISCO;55;CENTRO  BMANGA;7
25734;VILLA ALICIA;59;PROVENZA;7
25735;ANTONIA SANTOS;55;CENTRO  BMANGA;7
25736;QUINTA ESTRELLA;61;ZONA1;7
25737;PRIMERO DE MAYO;61;ZONA1;7
25738;ASTURIAS II;57;FLORIDABLANCA;7
25739;BUCARICA;94;FLORIDABLANCA 2;7
25742;ESTORAQUES;58;MUTIS;7
25743;MANZANARES;58;MUTIS;7
25744;PUNTA ESTRELLA;58;MUTIS;7
25745;ESTORAQUES 1;58;MUTIS;7
25746;ESTORAQUES 2;58;MUTIS;7
25747;MONTERREDONDO;58;MUTIS;7
25748;PRADOS DEL MUTIS;58;MUTIS;7
25749;BRISAS DEL MUTIS;58;MUTIS;7
25751;CIUDAD BOLIVAR;58;MUTIS;7
25752;TOLEDO PLATA;59;PROVENZA;7
25753;DANGON;59;PROVENZA;7
25754;GAITAN;60;NORTE19;7
25755;NARANJO;58;MUTIS;7
25756;NARANJO 2;58;MUTIS;7
25757;HEROES;58;MUTIS;7
25758;ALARES;57;FLORIDABLANCA;7
25759;PABLO VI;58;MUTIS;7
25760;LA VICTORIA;58;MUTIS;7
25761;SAN GERARDO;58;MUTIS;7
25762;CORDONCILLO;58;MUTIS;7
25763;CENTAUROS;58;MUTIS;7
25764;CANELOS;58;MUTIS;7
25765;LA CUMBRE;57;FLORIDABLANCA;7
25768;COAVICONSA;59;PROVENZA;7
25769;SANTA MARIA;59;PROVENZA;7
25770;CORDONCILLO II;58;MUTIS;7
25771;LAS DELICIAS;59;PROVENZA;7
25772;CIUDAD VENECIA;59;PROVENZA;7
25773;CONQUISTADORES;59;PROVENZA;7
25774;NUEVA FONTANA;59;PROVENZA;7
25775;CANDILES;58;MUTIS;7
25776;SAN MIGUEL;58;MUTIS;7
25777;KENEDY;60;NORTE19;7
25778;COLOMBIA;58;MUTIS;7
25779;CRISTAL ALTO;59;PROVENZA;7
25780;LAURELES;57;FLORIDABLANCA;7
25782;ALAMEDA;55;CENTRO  BMANGA;7
25783;OMAGA;60;NORTE19;7
25784;ESPAÑA;59;PROVENZA;7
25785;CIUDAD METROPOLITANA;59;PROVENZA;7
25788;MIRADOR DEL KENEDY;60;NORTE19;7
25789;TEJAR II;60;NORTE19;7
25790;GUADUALES;59;PROVENZA;7
25792;BRISAS DEL PALMAR;59;PROVENZA;7
25794;SAN ALONSO;55;CENTRO  BMANGA;7
25795;ALBANIA;55;CENTRO  BMANGA;7
25796;LA UNIVERSIDAD;55;CENTRO  BMANGA;7
25797;CENTRO;55;CENTRO  BMANGA;7
25798;VILLA ROSA;60;NORTE19;7
25800;LA CONCORDIA;55;CENTRO  BMANGA;7
25801;SOTOMAYOR;55;CENTRO  BMANGA;7
25802;ANTONIA SANTOS SUR;59;PROVENZA;7
25803;LA FLORESTA;55;CENTRO  BMANGA;7
25804;TERRAZAS;55;CENTRO  BMANGA;7
25805;LA SALLE;58;MUTIS;7
25806;LA CEIBA;58;MUTIS;7
25807;GRANADA SUR;59;PROVENZA;7
25808;BOLARQUI;55;CENTRO  BMANGA;7
25809;NUEVO SOTOMAYOR;55;CENTRO  BMANGA;7
25810;MEJORAS PUBLICAS;55;CENTRO  BMANGA;7
25811;LA AURORA;55;CENTRO  BMANGA;7
25812;ALARCON;55;CENTRO  BMANGA;7
25813;MUTUALIDAD;58;MUTIS;7
25814;MODELO;55;CENTRO  BMANGA;7
25815;LOS PINOS;55;CENTRO  BMANGA;7
25816;TEJADOS;55;CENTRO  BMANGA;7
25817;EL PRADO;55;CENTRO  BMANGA;7
25818;PORTAL 1;56;GIRON;7
25819;CARRISAL CAMPESTRE;56;GIRON;7
25820;PORTAL CAMPESTRE;56;GIRON;7
25821;LOS ALPES;57;FLORIDABLANCA;7
25822;ANDALUCIA;94;FLORIDABLANCA 2;7
25823;LA CAMPIÑA;56;GIRON;7
25825;ZAPAMANGA V ETAPA;57;FLORIDABLANCA;7
25826;ALTO VIENTO I;57;FLORIDABLANCA;7
25827;ALTOS DE FONTANA;59;PROVENZA;7
25828;PAN DE AZUCAR;55;CENTRO  BMANGA;7
25829;LA INDEPENDENCIA;55;CENTRO  BMANGA;7
25830;OLAS ALTAS;60;NORTE19;7
25831;LAGOS III;94;FLORIDABLANCA 2;7
25832;ALMENDROS CIUDADELA;58;MUTIS;7
25833;CORVIANDI 1RA ETAPA;56;GIRON;7
25834;DIAMANTE I;57;FLORIDABLANCA;7
25835;CENTRO ;62;PIEDECUESTA;7
25836;MERCEDES;55;CENTRO  BMANGA;7
25837;NUEVA GRANADA;59;PROVENZA;7
25839;EL REPOSO;57;FLORIDABLANCA;7
25840;CONJUNTO TAJAMAR (CACIQUE FLORIDA);57;FLORIDABLANCA;7
25841;PUNTA PARAISO;59;PROVENZA;7
25842;CAÑAVERAL;94;FLORIDABLANCA 2;7
25844;VILLA SARA;59;PROVENZA;7
25846;CAFE MADRID;60;NORTE19;7
25848;SAN MARTIN;59;PROVENZA;7
25849;TEJAR I;60;NORTE19;7
25850;QUEBRADA LA IGLESIA;59;PROVENZA;7
25851;MINUTO DE DIOS;60;NORTE19;7
25852;VILLAS DEL NOGAL;59;PROVENZA;7
25853;ZAPAMANGA II ETAPA;57;FLORIDABLANCA;7
25854;SAN PEDRO;59;PROVENZA;7
25857;BABARIA II;56;GIRON;7
25858;NIZA;57;FLORIDABLANCA;7
25860;BETANIA;60;NORTE19;7
25861;NUEVA SANTA BARBARA;57;FLORIDABLANCA;7
25862;REAL DE MINAS;58;MUTIS;7
25864;PEDREGOSA;57;FLORIDABLANCA;7
25865;VILLA INES;59;PROVENZA;7
25866;EDEN;57;FLORIDABLANCA;7
25867;BELLAVISTA;57;FLORIDABLANCA;7
25868;FONTANA;59;PROVENZA;7
25869;GUARIN;55;CENTRO  BMANGA;7
25870;URB BELLAVISTA;57;FLORIDABLANCA;7
25871;OLAS BAJAS;60;NORTE19;7
25872;RINCON DE GIRON;56;GIRON;7
25873;LA LIBERTAD;57;FLORIDABLANCA;7
25874;ISABELAR;59;PROVENZA;7
25876;CALDAS;57;FLORIDABLANCA;7
25877;CIUDAD VALENCIA;94;FLORIDABLANCA 2;7
25878;VILLABEL;94;FLORIDABLANCA 2;7
25879;TRINIDAD - ZAPAMANGA;57;FLORIDABLANCA;7
25880;MIRADOR DE ARENALES;56;GIRON;7
25881;VILLA CAMPESTRE;56;GIRON;7
25883;POBLADO;56;GIRON;7
25884;VILLA JARDIN;94;FLORIDABLANCA 2;7
25885;CIUDAD JARDIN;57;FLORIDABLANCA;7
25886;MARIA PAZ;60;NORTE19;7
25888;MOLINOS BAJOS;94;FLORIDABLANCA 2;7
25889;PORTOFINO;59;PROVENZA;7
25890;LA GRAN LADERA;58;MUTIS;7
25891;RICAUTE;58;MUTIS;7
25892;ALTOS DEL CACIQUE;57;FLORIDABLANCA;7
25893;SAN RAFAEL;60;NORTE19;7
25894;COLSEGUROS;60;NORTE19;7
25895;ZAPAMANGA IV ETAPA;57;FLORIDABLANCA;7
25897;LAGOS II;94;FLORIDABLANCA 2;7
25898;ALTAGRACIA;60;NORTE19;7
25899;BOSQUE NORTE;60;NORTE19;7
25900;ZAPAMANGA;57;FLORIDABLANCA;7
25901;SANTA HELENA DE LA SIERRA;57;FLORIDABLANCA;7
25902;TAJAMAR;57;FLORIDABLANCA;7
25903;DORADO;57;FLORIDABLANCA;7
25904;HACIENDA SAN JUAN;57;FLORIDABLANCA;7
25906;ALPES DE CAMPESTRE;56;GIRON;7
25907;ZAPAMANGA ETAPA III;57;FLORIDABLANCA;7
25908;MALPASO;59;PROVENZA;7
25909;VILLA ELENA NORTE;59;PROVENZA;7
25910;ZAPAMANGA VI ETAPA;57;FLORIDABLANCA;7
25911;JUVENTUD;58;MUTIS;7
25912;COLORADOS;60;NORTE19;7
25913;VEGAS DE MORRORICO;55;CENTRO  BMANGA;7
25914;GALAN;55;CENTRO  BMANGA;7
25915;ESPERANZA 2;55;CENTRO  BMANGA;7
25916;BOSQUES DEL PAYADOR NIZA;57;FLORIDABLANCA;7
25917;LOS ALMENDROS;58;MUTIS;7
25918;LAS VILLAS;57;FLORIDABLANCA;7
25920;CAMPESTRE;60;NORTE19;7
25921;ROSAL;60;NORTE19;7
25922;LAS HAMACAS;60;NORTE19;7
25923;PABLON;60;NORTE19;7
25924;REGADERO;60;NORTE19;7
25925;CRISTAL BAJO;59;PROVENZA;7
25927;SANTA BARBARA;57;FLORIDABLANCA;7
25928;SAN CRISTOBAL;60;NORTE19;7
25929;EL PROGRESO;56;GIRON;7
25930;PALOMITAS;94;FLORIDABLANCA 2;7
25931;ALTAMIRA;94;FLORIDABLANCA 2;7
25932;MOLINOS ALTOS;94;FLORIDABLANCA 2;7
25933;SAN BERNARDO;57;FLORIDABLANCA;7
25934;BOSQUE;94;FLORIDABLANCA 2;7
25935;PORTON DEL TEJAR;57;FLORIDABLANCA;7
25936;ALTOS DEL PROGRESO;60;NORTE19;7
25937;PRIMAVERAL;60;NORTE19;7
25940;RIO PRADO;56;GIRON;7
25942;JARDIN DE LIMONCITO;94;FLORIDABLANCA 2;7
25943;VILLA CLAVEL;56;GIRON;7
25944;LAGOS I;94;FLORIDABLANCA 2;7
25947;ROSALES 3;94;FLORIDABLANCA 2;7
25948;CAÑAVERAL PLAZA;94;FLORIDABLANCA 2;7
25949;SAN ESPEDITO;57;FLORIDABLANCA;7
25950;BALCON DEL LAGO;57;FLORIDABLANCA;7
25951;CONJUNTO LOS TRINITARIOS;94;FLORIDABLANCA 2;7
25952;VILLAS SANTA SOFIA (REAL DE MINAS);58;MUTIS;7
25953;GARCIA ROVIRA;55;CENTRO  BMANGA;7
25954;BOSQUE DEL CACIQUE;57;FLORIDABLANCA;7
25955;SANTAFE;57;FLORIDABLANCA;7
25956;PALMAS DEL CAMPO;94;FLORIDABLANCA 2;7
25957;CENTRO FLORIDABLANCA;94;FLORIDABLANCA 2;7
25958;LAGOS DEL CACIQUE;57;FLORIDABLANCA;7
25960;PEÑON DEL VALLE;58;MUTIS;7
25961;JARDIN DE VERSALLES;94;FLORIDABLANCA 2;7
25963;CASTELLANA;57;FLORIDABLANCA;7
25964;PARAISO ALTO;56;GIRON;7
25965;ALTOS DE BELLAVISTA;57;FLORIDABLANCA;7
25966;EL SOL;59;PROVENZA;7
25968;BELENCITO;57;FLORIDABLANCA;7
25969;RIO DE ORO 2;56;GIRON;7
25970;LOS ROBLES;57;FLORIDABLANCA;7
25971;ZAPAMANGA VII;57;FLORIDABLANCA;7
25972;OASIS;57;FLORIDABLANCA;7
25973;LUZ DE SALVACION;59;PROVENZA;7
25974;JORDAN DEL REPOSO;57;FLORIDABLANCA;7
25975;PALMERA DE VILLA LUZ;57;FLORIDABLANCA;7
25976;VILLA LUZ;57;FLORIDABLANCA;7
25977;LA CASTELLANA;57;FLORIDABLANCA;7
25979;EL CARMEN;57;FLORIDABLANCA;7
25980;ARRALLANES;57;FLORIDABLANCA;7
25981;LAS PALMERAS;57;FLORIDABLANCA;7
25983;CERROS DEL REPOSO;57;FLORIDABLANCA;7
25984;JOSE A MORALES;57;FLORIDABLANCA;7
25985;VILLAMPIS;56;GIRON;7
25986;BALCONCITO;58;MUTIS;7
25987;PALMAR DEL VIENTO;94;FLORIDABLANCA 2;7
25988;13 DE JUNIO(KENEDY);60;NORTE19;7
25989;EL CARMEN II;57;FLORIDABLANCA;7
25990;EL CARMEN IV;57;FLORIDABLANCA;7
25991;EL CARMEN V;57;FLORIDABLANCA;7
25992;EL CARMEN VI;57;FLORIDABLANCA;7
25993;VILLA ALCAZAR;57;FLORIDABLANCA;7
25995;LOS LAURELES;57;FLORIDABLANCA;7
25996;AVITEL;57;FLORIDABLANCA;7
25997;LA ESMERALDA;57;FLORIDABLANCA;7
25998;OIPIES BOMBA COTRANDER;57;FLORIDABLANCA;7
25999;ARENALES;56;GIRON;7
26000;GUANATA;94;FLORIDABLANCA 2;7
26001;CASTILLA REAL II;56;GIRON;7
26002;ROSALES;94;FLORIDABLANCA 2;7
26003;LA PAZ;94;FLORIDABLANCA 2;7
26005;VILLA HELENA;57;FLORIDABLANCA;7
26006;ARBOLEDA CAMPESTRE;56;GIRON;7
26007;ESCOFLOR;57;FLORIDABLANCA;7
26008;VILLA REAL;57;FLORIDABLANCA;7
26009;LAURELES;57;FLORIDABLANCA;7
26010;LAGOS IV;94;FLORIDABLANCA 2;7
26011;LOS ANDES;94;FLORIDABLANCA 2;7
26012;MESETA I;56;GIRON;7
26013;ASOVILAGOS;94;FLORIDABLANCA 2;7
26014;COVIFLORIDA II;94;FLORIDABLANCA 2;7
26015;ALTOS DE VILLABEL;57;FLORIDABLANCA;7
26016;CARACOLI;94;FLORIDABLANCA 2;7
26017;BRISAS DEL CAMPO;56;GIRON;7
26018;VILLA SAN FRANCISCO;94;FLORIDABLANCA 2;7
26019;VILLA DEL SOL;94;FLORIDABLANCA 2;7
26020;LIMONCITO;94;FLORIDABLANCA 2;7
26021;FLORIDA;94;FLORIDABLANCA 2;7
26022;RECREO;94;FLORIDABLANCA 2;7
26023;VERSALLES;94;FLORIDABLANCA 2;7
26024;BELLAVISTA;57;FLORIDABLANCA;7
26025;MANANTIAL;94;FLORIDABLANCA 2;7
26026;LA RONDAII;94;FLORIDABLANCA 2;7
26027;LLANITO II;56;GIRON;7
26028;ALTOS DE CARRISAL;56;GIRON;7
26029;VILLA DE SAN DIEGO;94;FLORIDABLANCA 2;7
26030;SAN JORGE II;56;GIRON;7
26031;PALMERAS II;57;FLORIDABLANCA;7
26032;SAN ANTONIO DE CARRISAL;56;GIRON;7
26034;PRIMAVERA II;94;FLORIDABLANCA 2;7
26035;BAVIERA;94;FLORIDABLANCA 2;7
26036;SAN DIEGO;94;FLORIDABLANCA 2;7
26037;VILLA ESPAÑA;94;FLORIDABLANCA 2;7
26038;TERRAGONA;94;FLORIDABLANCA 2;7
26039;VILLA CLAVER;94;FLORIDABLANCA 2;7
26040;SAN AGUSTIN;94;FLORIDABLANCA 2;7
26042;VILLA MAYORCA;94;FLORIDABLANCA 2;7
26043;LA ESMERALDA;56;GIRON;7
26045;EL PALENQUE;56;GIRON;7
26046;CARRIZAL;56;GIRON;7
26049;ALDEA ALTA;56;GIRON;7
26050;QUINTAS DEL LLANITO;56;GIRON;7
26051;CIUDADELA DEL ORIENTE;56;GIRON;7
26052;PALMERAS;56;GIRON;7
26053;BALCONES;56;GIRON;7
26054;CORVIANDI 3;56;GIRON;7
26055;CIUDADELA COMFENALCO;56;GIRON;7
26056;MORADA DE SAN JUAN;56;GIRON;7
26057;VILLA PAULA;56;GIRON;7
26058;MIRADOR DE LA ALDEA;56;GIRON;7
26059;JARDINES DE LA ALDEA;56;GIRON;7
26060;VILLA CAROLINA 1;56;GIRON;7
26061;ALDEA MEDIA;56;GIRON;7
26062;BRISAS DE LA CAMPIÑA;56;GIRON;7
26063;BELLAVISTA;56;GIRON;7
26064;FATIMA;57;FLORIDABLANCA;7
26065;PORTAL CASTILLA;56;GIRON;7
26066;SAGRADO CORAZON;56;GIRON;7
26067;PORTAL CAMPIÑA;56;GIRON;7
26068;ALTOS DE LA CAMPIÑA;56;GIRON;7
26069;SANTA CRUZ;56;GIRON;7
26070;CASTILLA REAL I;56;GIRON;7
26071;ALTOS DE CASTILLA;56;GIRON;7
26072;GIRALUZ;56;GIRON;7
26073;ELOI VALENZUELA;56;GIRON;7
26074;EL CONSUELO;56;GIRON;7
26075;EL TEJAR;56;GIRON;7
26076;GALLINERAL;56;GIRON;7
26077;BRISA CAMPESTRE;56;GIRON;7
26078;VILLA AMPIS;56;GIRON;7
26079;VILLAS DE DON JUAN;56;GIRON;7
26080;JARDIN DE ARENALES;56;GIRON;7
26081;RIO DE ORO I;56;GIRON;7
26082;ALTOS DE ARENALES;56;GIRON;7
26083;ALMENARES DE SAN JUAN;56;GIRON;7
26084;CASA LINDA;56;GIRON;7
26085;VILLA CAMPESTRE 2 ETAPA;56;GIRON;7
26086;VILLA CAMPESTRE 3 ETAPA;56;GIRON;7
26087;PORTAL CAMPESTRE NORTE;56;GIRON;7
26088;LOS CAMBULOS;56;GIRON;7
26089;ARENALES 4 ETAPA;56;GIRON;7
26090;ARENALES 3 ETAPA;56;GIRON;7
26091;ARENALES CAMPESTRE;56;GIRON;7
26092;VILLAS DE DON JUAN 2 ETAPA;56;GIRON;7
26093;RIVERA DEL RIO;56;GIRON;7
26094;ALTOS DE LA PRADERA;57;FLORIDABLANCA;7
26095;PORTAL CAMPESTRE ETAPAII;56;GIRON;7
26096;CIUDADELA DE VILLAMIT;56;GIRON;7
26097;VIDA EN PRIMAVERA;56;GIRON;7
26098;CONJ QUITAS DEL CAMPESTRE;56;GIRON;7
26099;MIRADOR SAN JUAN;56;GIRON;7
26100;BALCONES DE ALEJANDRIA;56;GIRON;7
26101;CONJUNTO VALMONTE;94;FLORIDABLANCA 2;7
26102;ASOCOFLOR;57;FLORIDABLANCA;7
26103;PAYADOR;57;FLORIDABLANCA;7
26104;PRADOS DEL SUR LA CUMBRE;57;FLORIDABLANCA;7
26105;PRIMAVERA I;94;FLORIDABLANCA 2;7
26106;RIVERA;56;GIRON;7
26107;CONUCOS;55;CENTRO  BMANGA;7
26110;LA ARGENTINA ;62;PIEDECUESTA;7
26111;SAN FRANCISCO;62;PIEDECUESTA;7
26112;LA COLINA  ;62;PIEDECUESTA;7
26113;CABECERA;62;PIEDECUESTA;7
26114;BARRO BLANCO;62;PIEDECUESTA;7
26115;SAN MARCOS ;62;PIEDECUESTA;7
26116;LA CANTERA ;62;PIEDECUESTA;7
26117;SAN CRISTOBAL ETAPA VII;62;PIEDECUESTA;7
26118;SAN RAFAEL ;62;PIEDECUESTA;7
26119;SAN CRISTOBAL ETAPA II;62;PIEDECUESTA;7
26120;CABECERA ETAPA II ;62;PIEDECUESTA;7
26121;SAN CARLOS ;62;PIEDECUESTA;7
26122;CALLEJUELAS ;62;PIEDECUESTA;7
26123;SAN CRISTOBAL V ;62;PIEDECUESTA;7
26124;QUINTA GRANADA;62;PIEDECUESTA;7
26125;SAN CRISTOBAL ETAPA IV;62;PIEDECUESTA;7
26126;SAN CRISTOBAL ETAPA III;62;PIEDECUESTA;7
26127;SAN CRISTOBAL ETAPA I ;62;PIEDECUESTA;7
26128;DIVINO NIÑO ;62;PIEDECUESTA;7
26129;NUEVA CANDELARIA ;62;PIEDECUESTA;7
26130;TEJADITOS ;62;PIEDECUESTA;7
26131;MOLINOS DEL CAMPO;62;PIEDECUESTA;7
26132;PORTAL DEL VALLE;62;PIEDECUESTA;7
26133;PASEO DEL PUENTE II;62;PIEDECUESTA;7
26134;LOS CISNES ;62;PIEDECUESTA;7
26135;MOLINOS DEL  VIENTO;62;PIEDECUESTA;7
26136;SAN ANTONIO;62;PIEDECUESTA;7
26137;SAN FRANCISCO ;62;PIEDECUESTA;7
26138;SAN JUAN ;62;PIEDECUESTA;7
26139;NUEVA CANDELARIA;62;PIEDECUESTA;7
26140;PASEO DEL PUENTE I ;62;PIEDECUESTA;7
26141;ALTOS DEL MOLINO;62;PIEDECUESTA;7
26142;BRISAS DE PRIMAVERA I;62;PIEDECUESTA;7
26143;PORTAL DEL MOLINO;62;PIEDECUESTA;7
26144;PASEO CATALUÑA;62;PIEDECUESTA;7
26145;BUENOS AIRES;62;PIEDECUESTA;7
26146;LA CASTELLANA;62;PIEDECUESTA;7
26147;VILLAS DEL RIO;62;PIEDECUESTA;7
26148;PASEO ALCALA;62;PIEDECUESTA;7
26149;CAMINOS DEL MOLINO;62;PIEDECUESTA;7
26150;ANTIGUA CANDELARIA;62;PIEDECUESTA;7
26151;VILLA LUZ;62;PIEDECUESTA;7
26152;PALERMO I ;62;PIEDECUESTA;7
26153;CHACARITA III ;62;PIEDECUESTA;7
26154;LAS DELICIAS ;62;PIEDECUESTA;7
26155;VILLA NAVARRO ;62;PIEDECUESTA;7
26156;LA PRESENTACION ;62;PIEDECUESTA;7
26157;VILLANUEVA ;62;PIEDECUESTA;7
26158;SAN CRISTOBAL ETAPA  VI ;62;PIEDECUESTA;7
26159;LA FERIA ;62;PIEDECUESTA;7
26160;VILLA NUEVA ;62;PIEDECUESTA;7
26161;SANTELMO II ;62;PIEDECUESTA;7
26162;PRADOS DE VILLANUEVA ;62;PIEDECUESTA;7
26163;LA CANDELARIA ;62;PIEDECUESTA;7
26164;LA TACHUELA ;62;PIEDECUESTA;7
26165;PUERTOMADERO ;62;PIEDECUESTA;7
26166;LA GLORIA ;62;PIEDECUESTA;7
26167;VILLAS DEL CAMPO;62;PIEDECUESTA;7
26168;VILLAS DE NAVARRO;62;PIEDECUESTA;7
26169;SAN LUIS;62;PIEDECUESTA;7
26170;BALCONES DE LA CASTELLANA;62;PIEDECUESTA;7
26171;SURATOQUE I ETAPA;62;PIEDECUESTA;7
26172;BARILOCHE I ETAPA;62;PIEDECUESTA;7
26173;CAMPO VERDE;62;PIEDECUESTA;7
26174;CHACARITA II;62;PIEDECUESTA;7
26175;ARGENTINA LA ANTIGUA;62;PIEDECUESTA;7
26176;PASEO GALICIA ;62;PIEDECUESTA;7
26177;CABELLANO ;62;PIEDECUESTA;7
26178;PALERMO II;62;PIEDECUESTA;7
26179;CATALUÑA;62;PIEDECUESTA;7
26180;BARILOCHE II ETAPA ;62;PIEDECUESTA;7
26181;VILLA LINA ;62;PIEDECUESTA;7
26182;SURATOQUE II ETAPA ;62;PIEDECUESTA;7
26183;PORTAL DEL TALAO;62;PIEDECUESTA;7
26184;VILLAS DE SANTA MARIA;62;PIEDECUESTA;7
26185;TRAPICHE ;62;PIEDECUESTA;7
26186;ANTIGUA ARGENTINA ;62;PIEDECUESTA;7
26187;REFUGIO ;62;PIEDECUESTA;7
26188;PAISANDU ;62;PIEDECUESTA;7
26190;PORTAL DE BELEN;62;PIEDECUESTA;7
26191;BOSQUES DE ARANJUEZ;62;PIEDECUESTA;7
26192;SAN SILVESTRE;62;PIEDECUESTA;7
26193;BRISAS DE GUATIGUARA;62;PIEDECUESTA;7
26204;SANTELMO I ;62;PIEDECUESTA;7
26205;PARAISO ;62;PIEDECUESTA;7
26211;MIRAMAR;60;NORTE19;7
26212;VILLA CANDADO;59;PROVENZA;7
26213;EL UVO;59;PROVENZA;7
26214;VILLA FLOR;59;PROVENZA;7
26215;VILLADE LOS CABALLEROS;56;GIRON;7
26216;PUERTOMADERO;56;GIRON;7
26217;CAMPESTRE;56;GIRON;7
26218;VILLA PIEDRA DEL SOL;94;FLORIDABLANCA 2;7
26219;ALTOS CARACOLI;94;FLORIDABLANCA 2;7
26220;LOS PRINCIPES;94;FLORIDABLANCA 2;7
26222;BOSQUES DE PIEDECUESTA;62;PIEDECUESTA;7
26223;BUCARICA 2;94;FLORIDABLANCA 2;7
26225;NO APLICA;65;BAQ ORIENTE;8
26225;NO APLICA;66;BAQ NORTE;8
26225;NO APLICA;67;BAQ NORTE 2;8
26225;NO APLICA;68;SOLEDAD;8
26225;NO APLICA;69;SOLEDAD 2;8
26225;NO APLICA;70;SOLEDAD 3;8
26225;NO APLICA;71;BAQ-SOLEDAD;8
26225;NO APLICA;72;BAQ SUR;8
26225;NO APLICA;73;BAQ NORTE 3;8
26225;NO APLICA;74;BAQ SUR 2;8
26226;CEVILLAR;65;BAQ ORIENTE;8
26226;CEVILLAR;66;BAQ NORTE;8
26226;CEVILLAR;67;BAQ NORTE 2;8
26226;CEVILLAR;68;SOLEDAD;8
26226;CEVILLAR;69;SOLEDAD 2;8
26226;CEVILLAR;70;SOLEDAD 3;8
26226;CEVILLAR;71;BAQ-SOLEDAD;8
26226;CEVILLAR;72;BAQ SUR;8
26226;CEVILLAR;73;BAQ NORTE 3;8
26226;CEVILLAR;74;BAQ SUR 2;8
26227;LA MAGDALENA;65;BAQ ORIENTE;8
26227;LA MAGDALENA;66;BAQ NORTE;8
26227;LA MAGDALENA;67;BAQ NORTE 2;8
26227;LA MAGDALENA;68;SOLEDAD;8
26227;LA MAGDALENA;69;SOLEDAD 2;8
26227;LA MAGDALENA;70;SOLEDAD 3;8
26227;LA MAGDALENA;71;BAQ-SOLEDAD;8
26227;LA MAGDALENA;72;BAQ SUR;8
26227;LA MAGDALENA;73;BAQ NORTE 3;8
26227;LA MAGDALENA;74;BAQ SUR 2;8
26228;SAN JOSE;65;BAQ ORIENTE;8
26228;SAN JOSE;66;BAQ NORTE;8
26228;SAN JOSE;67;BAQ NORTE 2;8
26228;SAN JOSE;68;SOLEDAD;8
26228;SAN JOSE;69;SOLEDAD 2;8
26228;SAN JOSE;70;SOLEDAD 3;8
26228;SAN JOSE;71;BAQ-SOLEDAD;8
26228;SAN JOSE;72;BAQ SUR;8
26228;SAN JOSE;73;BAQ NORTE 3;8
26228;SAN JOSE;74;BAQ SUR 2;8
26229;ALBORAYA;65;BAQ ORIENTE;8
26229;ALBORAYA;66;BAQ NORTE;8
26229;ALBORAYA;67;BAQ NORTE 2;8
26229;ALBORAYA;68;SOLEDAD;8
26229;ALBORAYA;69;SOLEDAD 2;8
26229;ALBORAYA;70;SOLEDAD 3;8
26229;ALBORAYA;71;BAQ-SOLEDAD;8
26229;ALBORAYA;72;BAQ SUR;8
26229;ALBORAYA;73;BAQ NORTE 3;8
26229;ALBORAYA;74;BAQ SUR 2;8
26230;LA VICTORIA;65;BAQ ORIENTE;8
26230;LA VICTORIA;66;BAQ NORTE;8
26230;LA VICTORIA;67;BAQ NORTE 2;8
26230;LA VICTORIA;68;SOLEDAD;8
26230;LA VICTORIA;69;SOLEDAD 2;8
26230;LA VICTORIA;70;SOLEDAD 3;8
26230;LA VICTORIA;71;BAQ-SOLEDAD;8
26230;LA VICTORIA;72;BAQ SUR;8
26230;LA VICTORIA;73;BAQ NORTE 3;8
26230;LA VICTORIA;74;BAQ SUR 2;8
26231;SANTA MONICA;65;BAQ ORIENTE;8
26231;SANTA MONICA;66;BAQ NORTE;8
26231;SANTA MONICA;67;BAQ NORTE 2;8
26231;SANTA MONICA;68;SOLEDAD;8
26231;SANTA MONICA;69;SOLEDAD 2;8
26231;SANTA MONICA;70;SOLEDAD 3;8
26231;SANTA MONICA;71;BAQ-SOLEDAD;8
26231;SANTA MONICA;72;BAQ SUR;8
26231;SANTA MONICA;73;BAQ NORTE 3;8
26231;SANTA MONICA;74;BAQ SUR 2;8
26232;BUENOS AIRES;65;BAQ ORIENTE;8
26232;BUENOS AIRES;66;BAQ NORTE;8
26232;BUENOS AIRES;67;BAQ NORTE 2;8
26232;BUENOS AIRES;68;SOLEDAD;8
26232;BUENOS AIRES;69;SOLEDAD 2;8
26232;BUENOS AIRES;70;SOLEDAD 3;8
26232;BUENOS AIRES;71;BAQ-SOLEDAD;8
26232;BUENOS AIRES;72;BAQ SUR;8
26232;BUENOS AIRES;73;BAQ NORTE 3;8
26232;BUENOS AIRES;74;BAQ SUR 2;8
26233;LAS PALMAS;65;BAQ ORIENTE;8
26233;LAS PALMAS;66;BAQ NORTE;8
26233;LAS PALMAS;67;BAQ NORTE 2;8
26233;LAS PALMAS;68;SOLEDAD;8
26233;LAS PALMAS;69;SOLEDAD 2;8
26233;LAS PALMAS;70;SOLEDAD 3;8
26233;LAS PALMAS;71;BAQ-SOLEDAD;8
26233;LAS PALMAS;72;BAQ SUR;8
26233;LAS PALMAS;73;BAQ NORTE 3;8
26233;LAS PALMAS;74;BAQ SUR 2;8
26234;SAN NICOLAS;65;BAQ ORIENTE;8
26234;SAN NICOLAS;66;BAQ NORTE;8
26234;SAN NICOLAS;67;BAQ NORTE 2;8
26234;SAN NICOLAS;68;SOLEDAD;8
26234;SAN NICOLAS;69;SOLEDAD 2;8
26234;SAN NICOLAS;70;SOLEDAD 3;8
26234;SAN NICOLAS;71;BAQ-SOLEDAD;8
26234;SAN NICOLAS;72;BAQ SUR;8
26234;SAN NICOLAS;73;BAQ NORTE 3;8
26234;SAN NICOLAS;74;BAQ SUR 2;8
26235;JOSE ANTONIO GALAN;65;BAQ ORIENTE;8
26235;JOSE ANTONIO GALAN;66;BAQ NORTE;8
26235;JOSE ANTONIO GALAN;67;BAQ NORTE 2;8
26235;JOSE ANTONIO GALAN;68;SOLEDAD;8
26235;JOSE ANTONIO GALAN;69;SOLEDAD 2;8
26235;JOSE ANTONIO GALAN;70;SOLEDAD 3;8
26235;JOSE ANTONIO GALAN;71;BAQ-SOLEDAD;8
26235;JOSE ANTONIO GALAN;72;BAQ SUR;8
26235;JOSE ANTONIO GALAN;73;BAQ NORTE 3;8
26235;JOSE ANTONIO GALAN;74;BAQ SUR 2;8
26236;UNIVERSAL;65;BAQ ORIENTE;8
26236;UNIVERSAL;66;BAQ NORTE;8
26236;UNIVERSAL;67;BAQ NORTE 2;8
26236;UNIVERSAL;68;SOLEDAD;8
26236;UNIVERSAL;69;SOLEDAD 2;8
26236;UNIVERSAL;70;SOLEDAD 3;8
26236;UNIVERSAL;71;BAQ-SOLEDAD;8
26236;UNIVERSAL;72;BAQ SUR;8
26236;UNIVERSAL;73;BAQ NORTE 3;8
26236;UNIVERSAL;74;BAQ SUR 2;8
26237;LIMON;65;BAQ ORIENTE;8
26237;LIMON;66;BAQ NORTE;8
26237;LIMON;67;BAQ NORTE 2;8
26237;LIMON;68;SOLEDAD;8
26237;LIMON;69;SOLEDAD 2;8
26237;LIMON;70;SOLEDAD 3;8
26237;LIMON;71;BAQ-SOLEDAD;8
26237;LIMON;72;BAQ SUR;8
26237;LIMON;73;BAQ NORTE 3;8
26237;LIMON;74;BAQ SUR 2;8
26238;EL CAMPITO;65;BAQ ORIENTE;8
26238;EL CAMPITO;66;BAQ NORTE;8
26238;EL CAMPITO;67;BAQ NORTE 2;8
26238;EL CAMPITO;68;SOLEDAD;8
26238;EL CAMPITO;69;SOLEDAD 2;8
26238;EL CAMPITO;70;SOLEDAD 3;8
26238;EL CAMPITO;71;BAQ-SOLEDAD;8
26238;EL CAMPITO;72;BAQ SUR;8
26238;EL CAMPITO;73;BAQ NORTE 3;8
26238;EL CAMPITO;74;BAQ SUR 2;8
26239;EL CARMEN;65;BAQ ORIENTE;8
26239;EL CARMEN;66;BAQ NORTE;8
26239;EL CARMEN;67;BAQ NORTE 2;8
26239;EL CARMEN;68;SOLEDAD;8
26239;EL CARMEN;69;SOLEDAD 2;8
26239;EL CARMEN;70;SOLEDAD 3;8
26239;EL CARMEN;71;BAQ-SOLEDAD;8
26239;EL CARMEN;72;BAQ SUR;8
26239;EL CARMEN;73;BAQ NORTE 3;8
26239;EL CARMEN;74;BAQ SUR 2;8
26240;SAN ISIDRO;65;BAQ ORIENTE;8
26240;SAN ISIDRO;66;BAQ NORTE;8
26240;SAN ISIDRO;67;BAQ NORTE 2;8
26240;SAN ISIDRO;68;SOLEDAD;8
26240;SAN ISIDRO;69;SOLEDAD 2;8
26240;SAN ISIDRO;70;SOLEDAD 3;8
26240;SAN ISIDRO;71;BAQ-SOLEDAD;8
26240;SAN ISIDRO;72;BAQ SUR;8
26240;SAN ISIDRO;73;BAQ NORTE 3;8
26240;SAN ISIDRO;74;BAQ SUR 2;8
26241;VILLA CAROLINA;65;BAQ ORIENTE;8
26241;VILLA CAROLINA;66;BAQ NORTE;8
26241;VILLA CAROLINA;67;BAQ NORTE 2;8
26241;VILLA CAROLINA;68;SOLEDAD;8
26241;VILLA CAROLINA;69;SOLEDAD 2;8
26241;VILLA CAROLINA;70;SOLEDAD 3;8
26241;VILLA CAROLINA;71;BAQ-SOLEDAD;8
26241;VILLA CAROLINA;72;BAQ SUR;8
26241;VILLA CAROLINA;73;BAQ NORTE 3;8
26241;VILLA CAROLINA;74;BAQ SUR 2;8
26242;ALFONSO LOPEZ;65;BAQ ORIENTE;8
26242;ALFONSO LOPEZ;66;BAQ NORTE;8
26242;ALFONSO LOPEZ;67;BAQ NORTE 2;8
26242;ALFONSO LOPEZ;68;SOLEDAD;8
26242;ALFONSO LOPEZ;69;SOLEDAD 2;8
26242;ALFONSO LOPEZ;70;SOLEDAD 3;8
26242;ALFONSO LOPEZ;71;BAQ-SOLEDAD;8
26242;ALFONSO LOPEZ;72;BAQ SUR;8
26242;ALFONSO LOPEZ;73;BAQ NORTE 3;8
26242;ALFONSO LOPEZ;74;BAQ SUR 2;8
26243;CHIQUINQUIRA;65;BAQ ORIENTE;8
26243;CHIQUINQUIRA;66;BAQ NORTE;8
26243;CHIQUINQUIRA;67;BAQ NORTE 2;8
26243;CHIQUINQUIRA;68;SOLEDAD;8
26243;CHIQUINQUIRA;69;SOLEDAD 2;8
26243;CHIQUINQUIRA;70;SOLEDAD 3;8
26243;CHIQUINQUIRA;71;BAQ-SOLEDAD;8
26243;CHIQUINQUIRA;72;BAQ SUR;8
26243;CHIQUINQUIRA;73;BAQ NORTE 3;8
26243;CHIQUINQUIRA;74;BAQ SUR 2;8
26245;LOS PINOS;65;BAQ ORIENTE;8
26245;LOS PINOS;66;BAQ NORTE;8
26245;LOS PINOS;67;BAQ NORTE 2;8
26245;LOS PINOS;68;SOLEDAD;8
26245;LOS PINOS;69;SOLEDAD 2;8
26245;LOS PINOS;70;SOLEDAD 3;8
26245;LOS PINOS;71;BAQ-SOLEDAD;8
26245;LOS PINOS;72;BAQ SUR;8
26245;LOS PINOS;73;BAQ NORTE 3;8
26245;LOS PINOS;74;BAQ SUR 2;8
26246;SIMON BOLIVAR;65;BAQ ORIENTE;8
26246;SIMON BOLIVAR;66;BAQ NORTE;8
26246;SIMON BOLIVAR;67;BAQ NORTE 2;8
26246;SIMON BOLIVAR;68;SOLEDAD;8
26246;SIMON BOLIVAR;69;SOLEDAD 2;8
26246;SIMON BOLIVAR;70;SOLEDAD 3;8
26246;SIMON BOLIVAR;71;BAQ-SOLEDAD;8
26246;SIMON BOLIVAR;72;BAQ SUR;8
26246;SIMON BOLIVAR;73;BAQ NORTE 3;8
26246;SIMON BOLIVAR;74;BAQ SUR 2;8
26247;LUCERO;65;BAQ ORIENTE;8
26247;LUCERO;66;BAQ NORTE;8
26247;LUCERO;67;BAQ NORTE 2;8
26247;LUCERO;68;SOLEDAD;8
26247;LUCERO;69;SOLEDAD 2;8
26247;LUCERO;70;SOLEDAD 3;8
26247;LUCERO;71;BAQ-SOLEDAD;8
26247;LUCERO;72;BAQ SUR;8
26247;LUCERO;73;BAQ NORTE 3;8
26247;LUCERO;74;BAQ SUR 2;8
26248;BUENA ESPERANZA;65;BAQ ORIENTE;8
26248;BUENA ESPERANZA;66;BAQ NORTE;8
26248;BUENA ESPERANZA;67;BAQ NORTE 2;8
26248;BUENA ESPERANZA;68;SOLEDAD;8
26248;BUENA ESPERANZA;69;SOLEDAD 2;8
26248;BUENA ESPERANZA;70;SOLEDAD 3;8
26248;BUENA ESPERANZA;71;BAQ-SOLEDAD;8
26248;BUENA ESPERANZA;72;BAQ SUR;8
26248;BUENA ESPERANZA;73;BAQ NORTE 3;8
26248;BUENA ESPERANZA;74;BAQ SUR 2;8
26249;EL RECREO;65;BAQ ORIENTE;8
26249;EL RECREO;66;BAQ NORTE;8
26249;EL RECREO;67;BAQ NORTE 2;8
26249;EL RECREO;68;SOLEDAD;8
26249;EL RECREO;69;SOLEDAD 2;8
26249;EL RECREO;70;SOLEDAD 3;8
26249;EL RECREO;71;BAQ-SOLEDAD;8
26249;EL RECREO;72;BAQ SUR;8
26249;EL RECREO;73;BAQ NORTE 3;8
26249;EL RECREO;74;BAQ SUR 2;8
26250;LOS ANDES;65;BAQ ORIENTE;8
26250;LOS ANDES;66;BAQ NORTE;8
26250;LOS ANDES;67;BAQ NORTE 2;8
26250;LOS ANDES;68;SOLEDAD;8
26250;LOS ANDES;69;SOLEDAD 2;8
26250;LOS ANDES;70;SOLEDAD 3;8
26250;LOS ANDES;71;BAQ-SOLEDAD;8
26250;LOS ANDES;72;BAQ SUR;8
26250;LOS ANDES;73;BAQ NORTE 3;8
26250;LOS ANDES;74;BAQ SUR 2;8
26251;NUEVA GRANADA;65;BAQ ORIENTE;8
26251;NUEVA GRANADA;66;BAQ NORTE;8
26251;NUEVA GRANADA;67;BAQ NORTE 2;8
26251;NUEVA GRANADA;68;SOLEDAD;8
26251;NUEVA GRANADA;69;SOLEDAD 2;8
26251;NUEVA GRANADA;70;SOLEDAD 3;8
26251;NUEVA GRANADA;71;BAQ-SOLEDAD;8
26251;NUEVA GRANADA;72;BAQ SUR;8
26251;NUEVA GRANADA;73;BAQ NORTE 3;8
26251;NUEVA GRANADA;74;BAQ SUR 2;8
26252;SAN FELIPE;65;BAQ ORIENTE;8
26252;SAN FELIPE;66;BAQ NORTE;8
26252;SAN FELIPE;67;BAQ NORTE 2;8
26252;SAN FELIPE;68;SOLEDAD;8
26252;SAN FELIPE;69;SOLEDAD 2;8
26252;SAN FELIPE;70;SOLEDAD 3;8
26252;SAN FELIPE;71;BAQ-SOLEDAD;8
26252;SAN FELIPE;72;BAQ SUR;8
26252;SAN FELIPE;73;BAQ NORTE 3;8
26252;SAN FELIPE;74;BAQ SUR 2;8
26253;SANTO DOMINGO;65;BAQ ORIENTE;8
26253;SANTO DOMINGO;66;BAQ NORTE;8
26253;SANTO DOMINGO;67;BAQ NORTE 2;8
26253;SANTO DOMINGO;68;SOLEDAD;8
26253;SANTO DOMINGO;69;SOLEDAD 2;8
26253;SANTO DOMINGO;70;SOLEDAD 3;8
26253;SANTO DOMINGO;71;BAQ-SOLEDAD;8
26253;SANTO DOMINGO;72;BAQ SUR;8
26253;SANTO DOMINGO;73;BAQ NORTE 3;8
26253;SANTO DOMINGO;74;BAQ SUR 2;8
26254;OLAYA;65;BAQ ORIENTE;8
26254;OLAYA;66;BAQ NORTE;8
26254;OLAYA;67;BAQ NORTE 2;8
26254;OLAYA;68;SOLEDAD;8
26254;OLAYA;69;SOLEDAD 2;8
26254;OLAYA;70;SOLEDAD 3;8
26254;OLAYA;71;BAQ-SOLEDAD;8
26254;OLAYA;72;BAQ SUR;8
26254;OLAYA;73;BAQ NORTE 3;8
26254;OLAYA;74;BAQ SUR 2;8
26256;LA LIBERTAD;65;BAQ ORIENTE;8
26256;LA LIBERTAD;66;BAQ NORTE;8
26256;LA LIBERTAD;67;BAQ NORTE 2;8
26256;LA LIBERTAD;68;SOLEDAD;8
26256;LA LIBERTAD;69;SOLEDAD 2;8
26256;LA LIBERTAD;70;SOLEDAD 3;8
26256;LA LIBERTAD;71;BAQ-SOLEDAD;8
26256;LA LIBERTAD;72;BAQ SUR;8
26256;LA LIBERTAD;73;BAQ NORTE 3;8
26256;LA LIBERTAD;74;BAQ SUR 2;8
26257;SILENCIO;65;BAQ ORIENTE;8
26257;SILENCIO;66;BAQ NORTE;8
26257;SILENCIO;67;BAQ NORTE 2;8
26257;SILENCIO;68;SOLEDAD;8
26257;SILENCIO;69;SOLEDAD 2;8
26257;SILENCIO;70;SOLEDAD 3;8
26257;SILENCIO;71;BAQ-SOLEDAD;8
26257;SILENCIO;72;BAQ SUR;8
26257;SILENCIO;73;BAQ NORTE 3;8
26257;SILENCIO;74;BAQ SUR 2;8
26258;DELICIAS;65;BAQ ORIENTE;8
26258;DELICIAS;66;BAQ NORTE;8
26258;DELICIAS;67;BAQ NORTE 2;8
26258;DELICIAS;68;SOLEDAD;8
26258;DELICIAS;69;SOLEDAD 2;8
26258;DELICIAS;70;SOLEDAD 3;8
26258;DELICIAS;71;BAQ-SOLEDAD;8
26258;DELICIAS;72;BAQ SUR;8
26258;DELICIAS;73;BAQ NORTE 3;8
26258;DELICIAS;74;BAQ SUR 2;8
26259;BETANIA;65;BAQ ORIENTE;8
26259;BETANIA;66;BAQ NORTE;8
26259;BETANIA;67;BAQ NORTE 2;8
26259;BETANIA;68;SOLEDAD;8
26259;BETANIA;69;SOLEDAD 2;8
26259;BETANIA;70;SOLEDAD 3;8
26259;BETANIA;71;BAQ-SOLEDAD;8
26259;BETANIA;72;BAQ SUR;8
26259;BETANIA;73;BAQ NORTE 3;8
26259;BETANIA;74;BAQ SUR 2;8
26260;LAS MERCEDES;65;BAQ ORIENTE;8
26260;LAS MERCEDES;66;BAQ NORTE;8
26260;LAS MERCEDES;67;BAQ NORTE 2;8
26260;LAS MERCEDES;68;SOLEDAD;8
26260;LAS MERCEDES;69;SOLEDAD 2;8
26260;LAS MERCEDES;70;SOLEDAD 3;8
26260;LAS MERCEDES;71;BAQ-SOLEDAD;8
26260;LAS MERCEDES;72;BAQ SUR;8
26260;LAS MERCEDES;73;BAQ NORTE 3;8
26260;LAS MERCEDES;74;BAQ SUR 2;8
26262;LOS TRUPILLOS;65;BAQ ORIENTE;8
26262;LOS TRUPILLOS;66;BAQ NORTE;8
26262;LOS TRUPILLOS;67;BAQ NORTE 2;8
26262;LOS TRUPILLOS;68;SOLEDAD;8
26262;LOS TRUPILLOS;69;SOLEDAD 2;8
26262;LOS TRUPILLOS;70;SOLEDAD 3;8
26262;LOS TRUPILLOS;71;BAQ-SOLEDAD;8
26262;LOS TRUPILLOS;72;BAQ SUR;8
26262;LOS TRUPILLOS;73;BAQ NORTE 3;8
26262;LOS TRUPILLOS;74;BAQ SUR 2;8
26264;LAS COLINAS;65;BAQ ORIENTE;8
26264;LAS COLINAS;66;BAQ NORTE;8
26264;LAS COLINAS;67;BAQ NORTE 2;8
26264;LAS COLINAS;68;SOLEDAD;8
26264;LAS COLINAS;69;SOLEDAD 2;8
26264;LAS COLINAS;70;SOLEDAD 3;8
26264;LAS COLINAS;71;BAQ-SOLEDAD;8
26264;LAS COLINAS;72;BAQ SUR;8
26264;LAS COLINAS;73;BAQ NORTE 3;8
26264;LAS COLINAS;74;BAQ SUR 2;8
26265;CIUDAD JARDIN;65;BAQ ORIENTE;8
26265;CIUDAD JARDIN;66;BAQ NORTE;8
26265;CIUDAD JARDIN;67;BAQ NORTE 2;8
26265;CIUDAD JARDIN;68;SOLEDAD;8
26265;CIUDAD JARDIN;69;SOLEDAD 2;8
26265;CIUDAD JARDIN;70;SOLEDAD 3;8
26265;CIUDAD JARDIN;71;BAQ-SOLEDAD;8
26265;CIUDAD JARDIN;72;BAQ SUR;8
26265;CIUDAD JARDIN;73;BAQ NORTE 3;8
26265;CIUDAD JARDIN;74;BAQ SUR 2;8
26266;CAMPO ALEGRE;65;BAQ ORIENTE;8
26266;CAMPO ALEGRE;66;BAQ NORTE;8
26266;CAMPO ALEGRE;67;BAQ NORTE 2;8
26266;CAMPO ALEGRE;68;SOLEDAD;8
26266;CAMPO ALEGRE;69;SOLEDAD 2;8
26266;CAMPO ALEGRE;70;SOLEDAD 3;8
26266;CAMPO ALEGRE;71;BAQ-SOLEDAD;8
26266;CAMPO ALEGRE;72;BAQ SUR;8
26266;CAMPO ALEGRE;73;BAQ NORTE 3;8
26266;CAMPO ALEGRE;74;BAQ SUR 2;8
26267;LAS ESTRELLAS;65;BAQ ORIENTE;8
26267;LAS ESTRELLAS;66;BAQ NORTE;8
26267;LAS ESTRELLAS;67;BAQ NORTE 2;8
26267;LAS ESTRELLAS;68;SOLEDAD;8
26267;LAS ESTRELLAS;69;SOLEDAD 2;8
26267;LAS ESTRELLAS;70;SOLEDAD 3;8
26267;LAS ESTRELLAS;71;BAQ-SOLEDAD;8
26267;LAS ESTRELLAS;72;BAQ SUR;8
26267;LAS ESTRELLAS;73;BAQ NORTE 3;8
26267;LAS ESTRELLAS;74;BAQ SUR 2;8
26268;LOS JOBOS;65;BAQ ORIENTE;8
26268;LOS JOBOS;66;BAQ NORTE;8
26268;LOS JOBOS;67;BAQ NORTE 2;8
26268;LOS JOBOS;68;SOLEDAD;8
26268;LOS JOBOS;69;SOLEDAD 2;8
26268;LOS JOBOS;70;SOLEDAD 3;8
26268;LOS JOBOS;71;BAQ-SOLEDAD;8
26268;LOS JOBOS;72;BAQ SUR;8
26268;LOS JOBOS;73;BAQ NORTE 3;8
26268;LOS JOBOS;74;BAQ SUR 2;8
26269;LOS ROBLES;65;BAQ ORIENTE;8
26269;LOS ROBLES;66;BAQ NORTE;8
26269;LOS ROBLES;67;BAQ NORTE 2;8
26269;LOS ROBLES;68;SOLEDAD;8
26269;LOS ROBLES;69;SOLEDAD 2;8
26269;LOS ROBLES;70;SOLEDAD 3;8
26269;LOS ROBLES;71;BAQ-SOLEDAD;8
26269;LOS ROBLES;72;BAQ SUR;8
26269;LOS ROBLES;73;BAQ NORTE 3;8
26269;LOS ROBLES;74;BAQ SUR 2;8
26271;MODELO;65;BAQ ORIENTE;8
26271;MODELO;66;BAQ NORTE;8
26271;MODELO;67;BAQ NORTE 2;8
26271;MODELO;68;SOLEDAD;8
26271;MODELO;69;SOLEDAD 2;8
26271;MODELO;70;SOLEDAD 3;8
26271;MODELO;71;BAQ-SOLEDAD;8
26271;MODELO;72;BAQ SUR;8
26271;MODELO;73;BAQ NORTE 3;8
26271;MODELO;74;BAQ SUR 2;8
26272;SANTA ELENA;65;BAQ ORIENTE;8
26272;SANTA ELENA;66;BAQ NORTE;8
26272;SANTA ELENA;67;BAQ NORTE 2;8
26272;SANTA ELENA;68;SOLEDAD;8
26272;SANTA ELENA;69;SOLEDAD 2;8
26272;SANTA ELENA;70;SOLEDAD 3;8
26272;SANTA ELENA;71;BAQ-SOLEDAD;8
26272;SANTA ELENA;72;BAQ SUR;8
26272;SANTA ELENA;73;BAQ NORTE 3;8
26272;SANTA ELENA;74;BAQ SUR 2;8
26273;LA UNION;65;BAQ ORIENTE;8
26273;LA UNION;66;BAQ NORTE;8
26273;LA UNION;67;BAQ NORTE 2;8
26273;LA UNION;68;SOLEDAD;8
26273;LA UNION;69;SOLEDAD 2;8
26273;LA UNION;70;SOLEDAD 3;8
26273;LA UNION;71;BAQ-SOLEDAD;8
26273;LA UNION;72;BAQ SUR;8
26273;LA UNION;73;BAQ NORTE 3;8
26273;LA UNION;74;BAQ SUR 2;8
26274;COSTA HERMOSA;65;BAQ ORIENTE;8
26274;COSTA HERMOSA;66;BAQ NORTE;8
26274;COSTA HERMOSA;67;BAQ NORTE 2;8
26274;COSTA HERMOSA;68;SOLEDAD;8
26274;COSTA HERMOSA;69;SOLEDAD 2;8
26274;COSTA HERMOSA;70;SOLEDAD 3;8
26274;COSTA HERMOSA;71;BAQ-SOLEDAD;8
26274;COSTA HERMOSA;72;BAQ SUR;8
26274;COSTA HERMOSA;73;BAQ NORTE 3;8
26274;COSTA HERMOSA;74;BAQ SUR 2;8
26275;LOS NOGALES;65;BAQ ORIENTE;8
26275;LOS NOGALES;66;BAQ NORTE;8
26275;LOS NOGALES;67;BAQ NORTE 2;8
26275;LOS NOGALES;68;SOLEDAD;8
26275;LOS NOGALES;69;SOLEDAD 2;8
26275;LOS NOGALES;70;SOLEDAD 3;8
26275;LOS NOGALES;71;BAQ-SOLEDAD;8
26275;LOS NOGALES;72;BAQ SUR;8
26275;LOS NOGALES;73;BAQ NORTE 3;8
26275;LOS NOGALES;74;BAQ SUR 2;8
26276;EL SANTUARIO;65;BAQ ORIENTE;8
26276;EL SANTUARIO;66;BAQ NORTE;8
26276;EL SANTUARIO;67;BAQ NORTE 2;8
26276;EL SANTUARIO;68;SOLEDAD;8
26276;EL SANTUARIO;69;SOLEDAD 2;8
26276;EL SANTUARIO;70;SOLEDAD 3;8
26276;EL SANTUARIO;71;BAQ-SOLEDAD;8
26276;EL SANTUARIO;72;BAQ SUR;8
26276;EL SANTUARIO;73;BAQ NORTE 3;8
26276;EL SANTUARIO;74;BAQ SUR 2;8
26278;BARRIO ABAJO;65;BAQ ORIENTE;8
26278;BARRIO ABAJO;66;BAQ NORTE;8
26278;BARRIO ABAJO;67;BAQ NORTE 2;8
26278;BARRIO ABAJO;68;SOLEDAD;8
26278;BARRIO ABAJO;69;SOLEDAD 2;8
26278;BARRIO ABAJO;70;SOLEDAD 3;8
26278;BARRIO ABAJO;71;BAQ-SOLEDAD;8
26278;BARRIO ABAJO;72;BAQ SUR;8
26278;BARRIO ABAJO;73;BAQ NORTE 3;8
26278;BARRIO ABAJO;74;BAQ SUR 2;8
26279;MONTES;65;BAQ ORIENTE;8
26279;MONTES;66;BAQ NORTE;8
26279;MONTES;67;BAQ NORTE 2;8
26279;MONTES;68;SOLEDAD;8
26279;MONTES;69;SOLEDAD 2;8
26279;MONTES;70;SOLEDAD 3;8
26279;MONTES;71;BAQ-SOLEDAD;8
26279;MONTES;72;BAQ SUR;8
26279;MONTES;73;BAQ NORTE 3;8
26279;MONTES;74;BAQ SUR 2;8
26280;VILLA COUNTRY;65;BAQ ORIENTE;8
26280;VILLA COUNTRY;66;BAQ NORTE;8
26280;VILLA COUNTRY;67;BAQ NORTE 2;8
26280;VILLA COUNTRY;68;SOLEDAD;8
26280;VILLA COUNTRY;69;SOLEDAD 2;8
26280;VILLA COUNTRY;70;SOLEDAD 3;8
26280;VILLA COUNTRY;71;BAQ-SOLEDAD;8
26280;VILLA COUNTRY;72;BAQ SUR;8
26280;VILLA COUNTRY;73;BAQ NORTE 3;8
26280;VILLA COUNTRY;74;BAQ SUR 2;8
26281;MONTECRISTO;65;BAQ ORIENTE;8
26281;MONTECRISTO;66;BAQ NORTE;8
26281;MONTECRISTO;67;BAQ NORTE 2;8
26281;MONTECRISTO;68;SOLEDAD;8
26281;MONTECRISTO;69;SOLEDAD 2;8
26281;MONTECRISTO;70;SOLEDAD 3;8
26281;MONTECRISTO;71;BAQ-SOLEDAD;8
26281;MONTECRISTO;72;BAQ SUR;8
26281;MONTECRISTO;73;BAQ NORTE 3;8
26281;MONTECRISTO;74;BAQ SUR 2;8
26282;SANTA ANA;65;BAQ ORIENTE;8
26282;SANTA ANA;66;BAQ NORTE;8
26282;SANTA ANA;67;BAQ NORTE 2;8
26282;SANTA ANA;68;SOLEDAD;8
26282;SANTA ANA;69;SOLEDAD 2;8
26282;SANTA ANA;70;SOLEDAD 3;8
26282;SANTA ANA;71;BAQ-SOLEDAD;8
26282;SANTA ANA;72;BAQ SUR;8
26282;SANTA ANA;73;BAQ NORTE 3;8
26282;SANTA ANA;74;BAQ SUR 2;8
26283;SAN FRANCISCO;65;BAQ ORIENTE;8
26283;SAN FRANCISCO;66;BAQ NORTE;8
26283;SAN FRANCISCO;67;BAQ NORTE 2;8
26283;SAN FRANCISCO;68;SOLEDAD;8
26283;SAN FRANCISCO;69;SOLEDAD 2;8
26283;SAN FRANCISCO;70;SOLEDAD 3;8
26283;SAN FRANCISCO;71;BAQ-SOLEDAD;8
26283;SAN FRANCISCO;72;BAQ SUR;8
26283;SAN FRANCISCO;73;BAQ NORTE 3;8
26283;SAN FRANCISCO;74;BAQ SUR 2;8
26284;BELLAVISTA;65;BAQ ORIENTE;8
26284;BELLAVISTA;66;BAQ NORTE;8
26284;BELLAVISTA;67;BAQ NORTE 2;8
26284;BELLAVISTA;68;SOLEDAD;8
26284;BELLAVISTA;69;SOLEDAD 2;8
26284;BELLAVISTA;70;SOLEDAD 3;8
26284;BELLAVISTA;71;BAQ-SOLEDAD;8
26284;BELLAVISTA;72;BAQ SUR;8
26284;BELLAVISTA;73;BAQ NORTE 3;8
26284;BELLAVISTA;74;BAQ SUR 2;8
26285;LA CONCEPCION;65;BAQ ORIENTE;8
26285;LA CONCEPCION;66;BAQ NORTE;8
26285;LA CONCEPCION;67;BAQ NORTE 2;8
26285;LA CONCEPCION;68;SOLEDAD;8
26285;LA CONCEPCION;69;SOLEDAD 2;8
26285;LA CONCEPCION;70;SOLEDAD 3;8
26285;LA CONCEPCION;71;BAQ-SOLEDAD;8
26285;LA CONCEPCION;72;BAQ SUR;8
26285;LA CONCEPCION;73;BAQ NORTE 3;8
26285;LA CONCEPCION;74;BAQ SUR 2;8
26286;EL PRADO;65;BAQ ORIENTE;8
26286;EL PRADO;66;BAQ NORTE;8
26286;EL PRADO;67;BAQ NORTE 2;8
26286;EL PRADO;68;SOLEDAD;8
26286;EL PRADO;69;SOLEDAD 2;8
26286;EL PRADO;70;SOLEDAD 3;8
26286;EL PRADO;71;BAQ-SOLEDAD;8
26286;EL PRADO;72;BAQ SUR;8
26286;EL PRADO;73;BAQ NORTE 3;8
26286;EL PRADO;74;BAQ SUR 2;8
26289;ALTOS DEL PRADO;65;BAQ ORIENTE;8
26289;ALTOS DEL PRADO;66;BAQ NORTE;8
26289;ALTOS DEL PRADO;67;BAQ NORTE 2;8
26289;ALTOS DEL PRADO;68;SOLEDAD;8
26289;ALTOS DEL PRADO;69;SOLEDAD 2;8
26289;ALTOS DEL PRADO;70;SOLEDAD 3;8
26289;ALTOS DEL PRADO;71;BAQ-SOLEDAD;8
26289;ALTOS DEL PRADO;72;BAQ SUR;8
26289;ALTOS DEL PRADO;73;BAQ NORTE 3;8
26289;ALTOS DEL PRADO;74;BAQ SUR 2;8
26290;EL GOLF;65;BAQ ORIENTE;8
26290;EL GOLF;66;BAQ NORTE;8
26290;EL GOLF;67;BAQ NORTE 2;8
26290;EL GOLF;68;SOLEDAD;8
26290;EL GOLF;69;SOLEDAD 2;8
26290;EL GOLF;70;SOLEDAD 3;8
26290;EL GOLF;71;BAQ-SOLEDAD;8
26290;EL GOLF;72;BAQ SUR;8
26290;EL GOLF;73;BAQ NORTE 3;8
26290;EL GOLF;74;BAQ SUR 2;8
26291;PARAISO;65;BAQ ORIENTE;8
26291;PARAISO;66;BAQ NORTE;8
26291;PARAISO;67;BAQ NORTE 2;8
26291;PARAISO;68;SOLEDAD;8
26291;PARAISO;69;SOLEDAD 2;8
26291;PARAISO;70;SOLEDAD 3;8
26291;PARAISO;71;BAQ-SOLEDAD;8
26291;PARAISO;72;BAQ SUR;8
26291;PARAISO;73;BAQ NORTE 3;8
26291;PARAISO;74;BAQ SUR 2;8
26292;EL CASTILLO;65;BAQ ORIENTE;8
26292;EL CASTILLO;66;BAQ NORTE;8
26292;EL CASTILLO;67;BAQ NORTE 2;8
26292;EL CASTILLO;68;SOLEDAD;8
26292;EL CASTILLO;69;SOLEDAD 2;8
26292;EL CASTILLO;70;SOLEDAD 3;8
26292;EL CASTILLO;71;BAQ-SOLEDAD;8
26292;EL CASTILLO;72;BAQ SUR;8
26292;EL CASTILLO;73;BAQ NORTE 3;8
26292;EL CASTILLO;74;BAQ SUR 2;8
26293;SAN SALVADOR;65;BAQ ORIENTE;8
26293;SAN SALVADOR;66;BAQ NORTE;8
26293;SAN SALVADOR;67;BAQ NORTE 2;8
26293;SAN SALVADOR;68;SOLEDAD;8
26293;SAN SALVADOR;69;SOLEDAD 2;8
26293;SAN SALVADOR;70;SOLEDAD 3;8
26293;SAN SALVADOR;71;BAQ-SOLEDAD;8
26293;SAN SALVADOR;72;BAQ SUR;8
26293;SAN SALVADOR;73;BAQ NORTE 3;8
26293;SAN SALVADOR;74;BAQ SUR 2;8
26294;LAS TRES AVEMARIA;65;BAQ ORIENTE;8
26294;LAS TRES AVEMARIA;66;BAQ NORTE;8
26294;LAS TRES AVEMARIA;67;BAQ NORTE 2;8
26294;LAS TRES AVEMARIA;68;SOLEDAD;8
26294;LAS TRES AVEMARIA;69;SOLEDAD 2;8
26294;LAS TRES AVEMARIA;70;SOLEDAD 3;8
26294;LAS TRES AVEMARIA;71;BAQ-SOLEDAD;8
26294;LAS TRES AVEMARIA;72;BAQ SUR;8
26294;LAS TRES AVEMARIA;73;BAQ NORTE 3;8
26294;LAS TRES AVEMARIA;74;BAQ SUR 2;8
26295;LA FLORESTA;65;BAQ ORIENTE;8
26295;LA FLORESTA;66;BAQ NORTE;8
26295;LA FLORESTA;67;BAQ NORTE 2;8
26295;LA FLORESTA;68;SOLEDAD;8
26295;LA FLORESTA;69;SOLEDAD 2;8
26295;LA FLORESTA;70;SOLEDAD 3;8
26295;LA FLORESTA;71;BAQ-SOLEDAD;8
26295;LA FLORESTA;72;BAQ SUR;8
26295;LA FLORESTA;73;BAQ NORTE 3;8
26295;LA FLORESTA;74;BAQ SUR 2;8
26296;EL LIMONCITO;65;BAQ ORIENTE;8
26296;EL LIMONCITO;66;BAQ NORTE;8
26296;EL LIMONCITO;67;BAQ NORTE 2;8
26296;EL LIMONCITO;68;SOLEDAD;8
26296;EL LIMONCITO;69;SOLEDAD 2;8
26296;EL LIMONCITO;70;SOLEDAD 3;8
26296;EL LIMONCITO;71;BAQ-SOLEDAD;8
26296;EL LIMONCITO;72;BAQ SUR;8
26296;EL LIMONCITO;73;BAQ NORTE 3;8
26296;EL LIMONCITO;74;BAQ SUR 2;8
26297;CIUDADELA 20 DE JULIO;65;BAQ ORIENTE;8
26297;CIUDADELA 20 DE JULIO;66;BAQ NORTE;8
26297;CIUDADELA 20 DE JULIO;67;BAQ NORTE 2;8
26297;CIUDADELA 20 DE JULIO;68;SOLEDAD;8
26297;CIUDADELA 20 DE JULIO;69;SOLEDAD 2;8
26297;CIUDADELA 20 DE JULIO;70;SOLEDAD 3;8
26297;CIUDADELA 20 DE JULIO;71;BAQ-SOLEDAD;8
26297;CIUDADELA 20 DE JULIO;72;BAQ SUR;8
26297;CIUDADELA 20 DE JULIO;73;BAQ NORTE 3;8
26297;CIUDADELA 20 DE JULIO;74;BAQ SUR 2;8
26298;BOSTON;65;BAQ ORIENTE;8
26298;BOSTON;66;BAQ NORTE;8
26298;BOSTON;67;BAQ NORTE 2;8
26298;BOSTON;68;SOLEDAD;8
26298;BOSTON;69;SOLEDAD 2;8
26298;BOSTON;70;SOLEDAD 3;8
26298;BOSTON;71;BAQ-SOLEDAD;8
26298;BOSTON;72;BAQ SUR;8
26298;BOSTON;73;BAQ NORTE 3;8
26298;BOSTON;74;BAQ SUR 2;8
26299;CONIDEC;65;BAQ ORIENTE;8
26299;CONIDEC;66;BAQ NORTE;8
26299;CONIDEC;67;BAQ NORTE 2;8
26299;CONIDEC;68;SOLEDAD;8
26299;CONIDEC;69;SOLEDAD 2;8
26299;CONIDEC;70;SOLEDAD 3;8
26299;CONIDEC;71;BAQ-SOLEDAD;8
26299;CONIDEC;72;BAQ SUR;8
26299;CONIDEC;73;BAQ NORTE 3;8
26299;CONIDEC;74;BAQ SUR 2;8
26300;LOS GIRASOLES;65;BAQ ORIENTE;8
26300;LOS GIRASOLES;66;BAQ NORTE;8
26300;LOS GIRASOLES;67;BAQ NORTE 2;8
26300;LOS GIRASOLES;68;SOLEDAD;8
26300;LOS GIRASOLES;69;SOLEDAD 2;8
26300;LOS GIRASOLES;70;SOLEDAD 3;8
26300;LOS GIRASOLES;71;BAQ-SOLEDAD;8
26300;LOS GIRASOLES;72;BAQ SUR;8
26300;LOS GIRASOLES;73;BAQ NORTE 3;8
26300;LOS GIRASOLES;74;BAQ SUR 2;8
26301;LAS GAVIOTAS;65;BAQ ORIENTE;8
26301;LAS GAVIOTAS;66;BAQ NORTE;8
26301;LAS GAVIOTAS;67;BAQ NORTE 2;8
26301;LAS GAVIOTAS;68;SOLEDAD;8
26301;LAS GAVIOTAS;69;SOLEDAD 2;8
26301;LAS GAVIOTAS;70;SOLEDAD 3;8
26301;LAS GAVIOTAS;71;BAQ-SOLEDAD;8
26301;LAS GAVIOTAS;72;BAQ SUR;8
26301;LAS GAVIOTAS;73;BAQ NORTE 3;8
26301;LAS GAVIOTAS;74;BAQ SUR 2;8
26302;LOS BALCANES;65;BAQ ORIENTE;8
26302;LOS BALCANES;66;BAQ NORTE;8
26302;LOS BALCANES;67;BAQ NORTE 2;8
26302;LOS BALCANES;68;SOLEDAD;8
26302;LOS BALCANES;69;SOLEDAD 2;8
26302;LOS BALCANES;70;SOLEDAD 3;8
26302;LOS BALCANES;71;BAQ-SOLEDAD;8
26302;LOS BALCANES;72;BAQ SUR;8
26302;LOS BALCANES;73;BAQ NORTE 3;8
26302;LOS BALCANES;74;BAQ SUR 2;8
26303;EL PARQUE;65;BAQ ORIENTE;8
26303;EL PARQUE;66;BAQ NORTE;8
26303;EL PARQUE;67;BAQ NORTE 2;8
26303;EL PARQUE;68;SOLEDAD;8
26303;EL PARQUE;69;SOLEDAD 2;8
26303;EL PARQUE;70;SOLEDAD 3;8
26303;EL PARQUE;71;BAQ-SOLEDAD;8
26303;EL PARQUE;72;BAQ SUR;8
26303;EL PARQUE;73;BAQ NORTE 3;8
26303;EL PARQUE;74;BAQ SUR 2;8
26304;ATLANTICO;65;BAQ ORIENTE;8
26304;ATLANTICO;66;BAQ NORTE;8
26304;ATLANTICO;67;BAQ NORTE 2;8
26304;ATLANTICO;68;SOLEDAD;8
26304;ATLANTICO;69;SOLEDAD 2;8
26304;ATLANTICO;70;SOLEDAD 3;8
26304;ATLANTICO;71;BAQ-SOLEDAD;8
26304;ATLANTICO;72;BAQ SUR;8
26304;ATLANTICO;73;BAQ NORTE 3;8
26304;ATLANTICO;74;BAQ SUR 2;8
26305;LAS NIEVES;65;BAQ ORIENTE;8
26305;LAS NIEVES;66;BAQ NORTE;8
26305;LAS NIEVES;67;BAQ NORTE 2;8
26305;LAS NIEVES;68;SOLEDAD;8
26305;LAS NIEVES;69;SOLEDAD 2;8
26305;LAS NIEVES;70;SOLEDAD 3;8
26305;LAS NIEVES;71;BAQ-SOLEDAD;8
26305;LAS NIEVES;72;BAQ SUR;8
26305;LAS NIEVES;73;BAQ NORTE 3;8
26305;LAS NIEVES;74;BAQ SUR 2;8
26306;VILLA CEVERA;65;BAQ ORIENTE;8
26306;VILLA CEVERA;66;BAQ NORTE;8
26306;VILLA CEVERA;67;BAQ NORTE 2;8
26306;VILLA CEVERA;68;SOLEDAD;8
26306;VILLA CEVERA;69;SOLEDAD 2;8
26306;VILLA CEVERA;70;SOLEDAD 3;8
26306;VILLA CEVERA;71;BAQ-SOLEDAD;8
26306;VILLA CEVERA;72;BAQ SUR;8
26306;VILLA CEVERA;73;BAQ NORTE 3;8
26306;VILLA CEVERA;74;BAQ SUR 2;8
26307;LOS LAURELES;65;BAQ ORIENTE;8
26307;LOS LAURELES;66;BAQ NORTE;8
26307;LOS LAURELES;67;BAQ NORTE 2;8
26307;LOS LAURELES;68;SOLEDAD;8
26307;LOS LAURELES;69;SOLEDAD 2;8
26307;LOS LAURELES;70;SOLEDAD 3;8
26307;LOS LAURELES;71;BAQ-SOLEDAD;8
26307;LOS LAURELES;72;BAQ SUR;8
26307;LOS LAURELES;73;BAQ NORTE 3;8
26307;LOS LAURELES;74;BAQ SUR 2;8
26308;VILLA CECILIA;65;BAQ ORIENTE;8
26308;VILLA CECILIA;66;BAQ NORTE;8
26308;VILLA CECILIA;67;BAQ NORTE 2;8
26308;VILLA CECILIA;68;SOLEDAD;8
26308;VILLA CECILIA;69;SOLEDAD 2;8
26308;VILLA CECILIA;70;SOLEDAD 3;8
26308;VILLA CECILIA;71;BAQ-SOLEDAD;8
26308;VILLA CECILIA;72;BAQ SUR;8
26308;VILLA CECILIA;73;BAQ NORTE 3;8
26308;VILLA CECILIA;74;BAQ SUR 2;8
26309;VISTA HERMOSA;65;BAQ ORIENTE;8
26309;VISTA HERMOSA;66;BAQ NORTE;8
26309;VISTA HERMOSA;67;BAQ NORTE 2;8
26309;VISTA HERMOSA;68;SOLEDAD;8
26309;VISTA HERMOSA;69;SOLEDAD 2;8
26309;VISTA HERMOSA;70;SOLEDAD 3;8
26309;VISTA HERMOSA;71;BAQ-SOLEDAD;8
26309;VISTA HERMOSA;72;BAQ SUR;8
26309;VISTA HERMOSA;73;BAQ NORTE 3;8
26309;VISTA HERMOSA;74;BAQ SUR 2;8
26310;EL RIO;65;BAQ ORIENTE;8
26310;EL RIO;66;BAQ NORTE;8
26310;EL RIO;67;BAQ NORTE 2;8
26310;EL RIO;68;SOLEDAD;8
26310;EL RIO;69;SOLEDAD 2;8
26310;EL RIO;70;SOLEDAD 3;8
26310;EL RIO;71;BAQ-SOLEDAD;8
26310;EL RIO;72;BAQ SUR;8
26310;EL RIO;73;BAQ NORTE 3;8
26310;EL RIO;74;BAQ SUR 2;8
26311;HIPODROMO;65;BAQ ORIENTE;8
26311;HIPODROMO;66;BAQ NORTE;8
26311;HIPODROMO;67;BAQ NORTE 2;8
26311;HIPODROMO;68;SOLEDAD;8
26311;HIPODROMO;69;SOLEDAD 2;8
26311;HIPODROMO;70;SOLEDAD 3;8
26311;HIPODROMO;71;BAQ-SOLEDAD;8
26311;HIPODROMO;72;BAQ SUR;8
26311;HIPODROMO;73;BAQ NORTE 3;8
26311;HIPODROMO;74;BAQ SUR 2;8
26312;SANTA INES;65;BAQ ORIENTE;8
26312;SANTA INES;66;BAQ NORTE;8
26312;SANTA INES;67;BAQ NORTE 2;8
26312;SANTA INES;68;SOLEDAD;8
26312;SANTA INES;69;SOLEDAD 2;8
26312;SANTA INES;70;SOLEDAD 3;8
26312;SANTA INES;71;BAQ-SOLEDAD;8
26312;SANTA INES;72;BAQ SUR;8
26312;SANTA INES;73;BAQ NORTE 3;8
26312;SANTA INES;74;BAQ SUR 2;8
26313;SALAMANCA;65;BAQ ORIENTE;8
26313;SALAMANCA;66;BAQ NORTE;8
26313;SALAMANCA;67;BAQ NORTE 2;8
26313;SALAMANCA;68;SOLEDAD;8
26313;SALAMANCA;69;SOLEDAD 2;8
26313;SALAMANCA;70;SOLEDAD 3;8
26313;SALAMANCA;71;BAQ-SOLEDAD;8
26313;SALAMANCA;72;BAQ SUR;8
26313;SALAMANCA;73;BAQ NORTE 3;8
26313;SALAMANCA;74;BAQ SUR 2;8
26314;MARGARITAS;65;BAQ ORIENTE;8
26314;MARGARITAS;66;BAQ NORTE;8
26314;MARGARITAS;67;BAQ NORTE 2;8
26314;MARGARITAS;68;SOLEDAD;8
26314;MARGARITAS;69;SOLEDAD 2;8
26314;MARGARITAS;70;SOLEDAD 3;8
26314;MARGARITAS;71;BAQ-SOLEDAD;8
26314;MARGARITAS;72;BAQ SUR;8
26314;MARGARITAS;73;BAQ NORTE 3;8
26314;MARGARITAS;74;BAQ SUR 2;8
26315;VILLA SALAMAR;65;BAQ ORIENTE;8
26315;VILLA SALAMAR;66;BAQ NORTE;8
26315;VILLA SALAMAR;67;BAQ NORTE 2;8
26315;VILLA SALAMAR;68;SOLEDAD;8
26315;VILLA SALAMAR;69;SOLEDAD 2;8
26315;VILLA SALAMAR;70;SOLEDAD 3;8
26315;VILLA SALAMAR;71;BAQ-SOLEDAD;8
26315;VILLA SALAMAR;72;BAQ SUR;8
26315;VILLA SALAMAR;73;BAQ NORTE 3;8
26315;VILLA SALAMAR;74;BAQ SUR 2;8
26316;CENTENARIO;65;BAQ ORIENTE;8
26316;CENTENARIO;66;BAQ NORTE;8
26316;CENTENARIO;67;BAQ NORTE 2;8
26316;CENTENARIO;68;SOLEDAD;8
26316;CENTENARIO;69;SOLEDAD 2;8
26316;CENTENARIO;70;SOLEDAD 3;8
26316;CENTENARIO;71;BAQ-SOLEDAD;8
26316;CENTENARIO;72;BAQ SUR;8
26316;CENTENARIO;73;BAQ NORTE 3;8
26316;CENTENARIO;74;BAQ SUR 2;8
26317;TRIUNFO;65;BAQ ORIENTE;8
26317;TRIUNFO;66;BAQ NORTE;8
26317;TRIUNFO;67;BAQ NORTE 2;8
26317;TRIUNFO;68;SOLEDAD;8
26317;TRIUNFO;69;SOLEDAD 2;8
26317;TRIUNFO;70;SOLEDAD 3;8
26317;TRIUNFO;71;BAQ-SOLEDAD;8
26317;TRIUNFO;72;BAQ SUR;8
26317;TRIUNFO;73;BAQ NORTE 3;8
26317;TRIUNFO;74;BAQ SUR 2;8
26318;VILLA MUVDI;65;BAQ ORIENTE;8
26318;VILLA MUVDI;66;BAQ NORTE;8
26318;VILLA MUVDI;67;BAQ NORTE 2;8
26318;VILLA MUVDI;68;SOLEDAD;8
26318;VILLA MUVDI;69;SOLEDAD 2;8
26318;VILLA MUVDI;70;SOLEDAD 3;8
26318;VILLA MUVDI;71;BAQ-SOLEDAD;8
26318;VILLA MUVDI;72;BAQ SUR;8
26318;VILLA MUVDI;73;BAQ NORTE 3;8
26318;VILLA MUVDI;74;BAQ SUR 2;8
26319;VILLA KATANGA;65;BAQ ORIENTE;8
26319;VILLA KATANGA;66;BAQ NORTE;8
26319;VILLA KATANGA;67;BAQ NORTE 2;8
26319;VILLA KATANGA;68;SOLEDAD;8
26319;VILLA KATANGA;69;SOLEDAD 2;8
26319;VILLA KATANGA;70;SOLEDAD 3;8
26319;VILLA KATANGA;71;BAQ-SOLEDAD;8
26319;VILLA KATANGA;72;BAQ SUR;8
26319;VILLA KATANGA;73;BAQ NORTE 3;8
26319;VILLA KATANGA;74;BAQ SUR 2;8
26320;LAS MORAS;65;BAQ ORIENTE;8
26320;LAS MORAS;66;BAQ NORTE;8
26320;LAS MORAS;67;BAQ NORTE 2;8
26320;LAS MORAS;68;SOLEDAD;8
26320;LAS MORAS;69;SOLEDAD 2;8
26320;LAS MORAS;70;SOLEDAD 3;8
26320;LAS MORAS;71;BAQ-SOLEDAD;8
26320;LAS MORAS;72;BAQ SUR;8
26320;LAS MORAS;73;BAQ NORTE 3;8
26320;LAS MORAS;74;BAQ SUR 2;8
26321;ARBOLEDA;65;BAQ ORIENTE;8
26321;ARBOLEDA;66;BAQ NORTE;8
26321;ARBOLEDA;67;BAQ NORTE 2;8
26321;ARBOLEDA;68;SOLEDAD;8
26321;ARBOLEDA;69;SOLEDAD 2;8
26321;ARBOLEDA;70;SOLEDAD 3;8
26321;ARBOLEDA;71;BAQ-SOLEDAD;8
26321;ARBOLEDA;72;BAQ SUR;8
26321;ARBOLEDA;73;BAQ NORTE 3;8
26321;ARBOLEDA;74;BAQ SUR 2;8
26322;TRINITARIA;65;BAQ ORIENTE;8
26322;TRINITARIA;66;BAQ NORTE;8
26322;TRINITARIA;67;BAQ NORTE 2;8
26322;TRINITARIA;68;SOLEDAD;8
26322;TRINITARIA;69;SOLEDAD 2;8
26322;TRINITARIA;70;SOLEDAD 3;8
26322;TRINITARIA;71;BAQ-SOLEDAD;8
26322;TRINITARIA;72;BAQ SUR;8
26322;TRINITARIA;73;BAQ NORTE 3;8
26322;TRINITARIA;74;BAQ SUR 2;8
26325;ARAGON;44;S. PRADO;3
26326;BARICHARA;44;S. PRADO;3
26327;BARRIOS UNIDOS;79;CALDAS;3
26330;BRISAS;79;CALDAS;3
26331;PARQUE;79;CALDAS;3
26332;EL PALMAR;45;ITAGUI;3
26335;GUAYABAL;13;NORTE1   (1-4-7);3
26336;INDEPENDENCIA;45;ITAGUI;3
26337;ITAGUI;45;ITAGUI;3
26340;LIMONAR 1;44;S. PRADO;3
26341;MALTA;45;ITAGUI;3
26343;MARGARITAS;45;ITAGUI;3
26347;PEDREGAL;45;ITAGUI;3
26348;PILSEN;44;S. PRADO;3
26349;PRADERA-PRADO;44;S. PRADO;3
26350;PRADO;44;S. PRADO;3
26353;ROBLES;45;ITAGUI;3
26354;ROSALEDA;44;S. PRADO;3
26355;ROSARIO;45;ITAGUI;3
26356;SAMARIA;45;ITAGUI;3
26357;SAN BERNARDO;13;NORTE1   (1-4-7);3
26358;SAN GABRIEL;44;S. PRADO;3
26359;SAN JOSE;45;ITAGUI;3
26361;SAN PIO;45;ITAGUI;3
26363;SANTA MARIA;45;ITAGUI;3
26364;SANTANA;45;ITAGUI;3
26365;SURAMERICA;79;CALDAS;3
26371;VALLE SUR;45;ITAGUI;3
26372;VEGAS DE ALCALA;44;S. PRADO;3
26373;YARUMITO;45;ITAGUI;3
26374;ASTURIAS;45;ITAGUI;3
26377;BELLA VISTA;79;CALDAS;3
26378;DITAIRES;44;S. PRADO;3
26381;PLAYA RICA;45;ITAGUI;3
26383;LA GLORIA;45;ITAGUI;3
26384;BELLO;19;BELLO;3
26385;ARAUCARIA;45;ITAGUI;3
26386;ESTRELLA;79;CALDAS;3
26387;BARILOCHE;44;S. PRADO;3
26388;LAS MARGARITAS;45;ITAGUI;3
26389;LA UNION;45;ITAGUI;3
26392;LAS MERCEDES;45;ITAGUI;3
26393;ALDEA;45;ITAGUI;3
26394;CALATRAVA;45;ITAGUI;3
26396;COLINAS DE ASIS-NO USAR;44;S. PRADO;3
26397;TERRANOVA;45;ITAGUI;3
26398;SAN FRANCISCO;44;S. PRADO;3
26399;SALADO;46;ENVIGADO;3
26401;CAMPO ALEGRE;45;ITAGUI;3
26402;VILLA PAULA;45;ITAGUI;3
26403;TRIANA;45;ITAGUI;3
26404;EL TABLAZO;45;ITAGUI;3
26405;ALCAZAR DE LOS PRADOS;44;S. PRADO;3
26407;VILLA LIA;45;ITAGUI;3
26408;LA TABLAZA;79;CALDAS;3
26409;LA HORTENCIA;45;ITAGUI;3
26410;SANTA MARIA LA NUEVA;45;ITAGUI;3
26412;SABANETA;78;SABANETA;3
26413;SAN JAVIER;45;ITAGUI;3
26414;SIMON BOLIVAR;45;ITAGUI;3
26416;PALMAR;45;ITAGUI;3
26417;CEDROS;45;ITAGUI;3
26419;LA ESMERALDA;45;ITAGUI;3
26420;EL  BRAZIL;46;ENVIGADO;3
26421;LIMONAR 2;44;S. PRADO;3
26423;VIVIENDAS DEL SUR;45;ITAGUI;3
26424;RODEO - NO USAR;13;NORTE1   (1-4-7);3
26425;PORTAL DE DITAIRES;44;S. PRADO;3
26426;EL DESCANSO;45;ITAGUI;3
26427;LA CAPILLA;45;ITAGUI;3
26429;FERRARA;45;ITAGUI;3
26430;PRADOS DEL CAMPO;44;S. PRADO;3
26431;ACASIAS;45;ITAGUI;3
26432;NARANJOS;46;ENVIGADO;3
26433;SANTA CATALINA;45;ITAGUI;3
26437;SAN ISIDRO;45;ITAGUI;3
26438;SATEXCO;45;ITAGUI;3
26440;OLIVAREZ;45;ITAGUI;3
26441;CENTRAL MAYORISTA;45;ITAGUI;3
26443;ARTEX;45;ITAGUI;3
26444;GUAMALITO;45;ITAGUI;3
26445;COMPARTIR;44;S. PRADO;3
26446;PRADITO;44;S. PRADO;3
26448;BARRIO NUEVO - PRADO;44;S. PRADO;3
26449;CAMPIÑAS;44;S. PRADO;3
26450;VILLA LOMA;44;S. PRADO;3
26451;DULAZAR;45;ITAGUI;3
26456;FLORIDA;78;SABANETA;3
26458;PRADOS DEL ESTE;44;S. PRADO;3
26459;CALLE 5;79;CALDAS;3
26461;CAQUETA;79;CALDAS;3
26462;CHILE;79;CALDAS;3
26463;LA FINQUITA;45;ITAGUI;3
26464;VILLAS DE ALCANTARA;79;CALDAS;3
26465;VILLA MIRA;79;CALDAS;3
26467;SAN FERNANDO;45;ITAGUI;3
26469;PEDRERO;79;CALDAS;3
26470;EL CERRITO;79;CALDAS;3
26471;ENTRE COLINAS;45;ITAGUI;3
26472;FATIMA;45;ITAGUI;3
26473;PLANECO;13;NORTE1   (1-4-7);3
26474;SAN ANDRES;45;ITAGUI;3
26475;PLAZUELAS DE LA ESTRELLA;79;CALDAS;3
26476;CERRITO;79;CALDAS;3
26479;TOLEDO;79;CALDAS;3
26480;PRIMAVERA-ESTRELLA;79;CALDAS;3
26481;LA RAYA;45;ITAGUI;3
26482;VILLA ALICIA;79;CALDAS;3
26483;EL BOLO;45;ITAGUI;3
26484;POBLADO;22;POBLADO;3
26485;VILLA DEL CAMPO;79;CALDAS;3
26486;METROPOLITANO;78;SABANETA;3
26487;TANQUES;79;CALDAS;3
26488;ANDA LUCIA;79;CALDAS;3
26489;PASO ANCHO;78;SABANETA;3
26491;PRADOS;78;SABANETA;3
26492;FLORES;46;ENVIGADO;3
26493;LA PAZ;46;ENVIGADO;3
26494;ESCOBAR;79;CALDAS;3
26495;HOLANDA;78;SABANETA;3
26496;ALCALA;46;ENVIGADO;3
26497;DORADO;46;ENVIGADO;3
26498;SEBASTIANA;46;ENVIGADO;3
26499;ALTOS DE MISAEL;46;ENVIGADO;3
26500;CIUDADELA-PRADO;44;S. PRADO;3
26502;ALIADAS;78;SABANETA;3
26503;CERAMICA;78;SABANETA;3
26505;ENTRE AMIGOS;78;SABANETA;3
26506;CALLE LARGA;78;SABANETA;3
26508;RESTREPO;78;SABANETA;3
26509;ZANCIBAR;79;CALDAS;3
26511;CENTRO;45;ITAGUI;3
26515;BARQUEREÑA;46;ENVIGADO;3
26516;SAN FRANCISCO;21;RIONEGRO;3
26517;SANTA ANA;78;SABANETA;3
26518;ANCON;79;CALDAS;3
26522;MESA;46;ENVIGADO;3
26526;VIRGEN DEL CARMEN;78;SABANETA;3
26527;TRIANON;46;ENVIGADO;3
26528;LA MINA;46;ENVIGADO;3
26530;SAN RAFAEL;46;ENVIGADO;3
26531;SEÑORIAL;46;ENVIGADO;3
26533;SAN JOSE;46;ENVIGADO;3
26534;NARANJOS;45;ITAGUI;3
26535;CAMPO AMOR;13;NORTE1   (1-4-7);3
26537;LAS FLORES;78;SABANETA;3
26538;URIBE ANGEL;46;ENVIGADO;3
26539;MAGNOLIA;46;ENVIGADO;3
26543;LAS CASITAS;78;SABANETA;3
26544;JARDIN;46;ENVIGADO;3
26546;ORQUIDEA;46;ENVIGADO;3
26548;CHINGUI 1;46;ENVIGADO;3
26550;SAN MARCOS;46;ENVIGADO;3
26551;MAYORCA;78;SABANETA;3
26552;VILLAS DEL CARMEN;78;SABANETA;3
26553;OBRERO;46;ENVIGADO;3
26554;AGUACATALA;22;POBLADO;3
26559;INMACULADA;79;CALDAS;3
26560;ESPERANZA;79;CALDAS;3
26563;MARGARITAS;79;CALDAS;3
26564;PRADERA;79;CALDAS;3
26566;VILLA CAPRI;79;CALDAS;3
26567;FUNDADORES;79;CALDAS;3
26568;CEREZOS;79;CALDAS;3
26569;PLANTA;79;CALDAS;3
26570;SANTA LUCIA;79;CALDAS;3
26571;SAN JUDAS;79;CALDAS;3
26572;OLAYA HERRERA;79;CALDAS;3
26573;EL SOCORRO;79;CALDAS;3
26574;HOSPITAL;79;CALDAS;3
26575;CRISTO REY;79;CALDAS;3
26576;PLAYITA;79;CALDAS;3
26577;CENTENARIO;79;CALDAS;3
26578;SANTA MARIA;79;CALDAS;3
26579;ACUARELA;79;CALDAS;3
26580;RIVERA;79;CALDAS;3
26581;UNIDOS;79;CALDAS;3
26582;FELIPE ECHAVARRIA;79;CALDAS;3
26583;MANDALAY;79;CALDAS;3
26584;BELLOS AIRES;79;CALDAS;3
26585;GUAYABO;45;ITAGUI;3
26586;VILLA AVENTURA;45;ITAGUI;3
26592;BALCONES DE SEVILLA;45;ITAGUI;3
26594;OASIS 1;46;ENVIGADO;3
26595;SAN FERNANDO;78;SABANETA;3
26596;LOS DOLORES;78;SABANETA;3
26597;CALLE DEL BANCO;78;SABANETA;3
26598;MARIA AUXILIADORA;78;SABANETA;3
26599;LA DOCTORA;78;SABANETA;3
26601;LA COLINA;45;ITAGUI;3
26602;SANTA FE-GUAYABAL;46;ENVIGADO;3
26603;DORADO-ESTRELLA;79;CALDAS;3
26604;SAN JUAQUIN-SAB;78;SABANETA;3
26605;CARMELO;78;SABANETA;3
26606;CARMELO;45;ITAGUI;3
26607;PRIMAVERA;46;ENVIGADO;3
26810;SAN GABRIEL.;44;S. PRADO;3
26819;SAN MATEO;46;ENVIGADO;3
27132;OFICINA;45;ITAGUI;3
27133;BELLA VISTA - ESTRELLA;79;CALDAS;3
27134;FERRERIA - ESTRELLA;79;CALDAS;3
27135;SAN VICENTE - ESTRELLA;79;CALDAS;3
27136;CAÑAVERALEJO;78;SABANETA;3
27137;MILAN;78;SABANETA;3
27139;BOSQUES DE ZUÑIGA;46;ENVIGADO;3
27140;LOMA DEL BARRO;46;ENVIGADO;3
27141;PONTEVEDRA;46;ENVIGADO;3
27142;CAMPO ALEGRE;79;CALDAS;3
27143;SAN ISIDRO;78;SABANETA;3
34954;ALBANIA (2500 LTS);50;RUTA CUBA;5
34955;AURORA;52;DOSQUEBRADAS;5
34956;AV SANTANDER;51;RUTA CENTRO;5
34957;BOSTON;51;RUTA CENTRO;5
34958;LA CAMPIÑA;50;RUTA CUBA;5
34959;DEPARTAMENTO (2500 LTS);50;RUTA CUBA;5
34960;GRACIELA;52;DOSQUEBRADAS;5
34961;LA HABANA (CUBA);50;RUTA CUBA;5
34962;HEROES (2500 LTS);50;RUTA CUBA;5
34963;INDEPENDIENTES;50;RUTA CUBA;5
34964;LA FRANCIA;50;RUTA CUBA;5
34965;LA HACIENDA;50;RUTA CUBA;5
34966;LA SULTANA.;52;DOSQUEBRADAS;5
34968;PADRE VALENCIA;50;RUTA CUBA;5
34969;PROVIDENCIA;51;RUTA CENTRO;5
34970;SAN CAMILO;51;RUTA CENTRO;5
34971;SANTA MONICA;52;DOSQUEBRADAS;5
34972;1 DE FEBRERO CENTRO;51;RUTA CENTRO;5
34973;1 DE MAYO;51;RUTA CENTRO;5
34974;LOTES 2500;50;RUTA CUBA;5
34975;30 DE AGOSTO CUBA;50;RUTA CUBA;5
34977;ACUARELA (CUBA);50;RUTA CUBA;5
34978;ACUARIO (CUBA);50;RUTA CUBA;5
34979;AGUAS CLARAS;50;RUTA CUBA;5
34980;ALAMEDA (CUBA);50;RUTA CUBA;5
34981;ALAMOS;51;RUTA CENTRO;5
34983;ALEJANDRIA (CUCHILLA);50;RUTA CUBA;5
34984;ALFONSO LOPEZ;51;RUTA CENTRO;5
34985;ALMENDROS (2500 LTS);50;RUTA CUBA;5
34987;ALPES;51;RUTA CENTRO;5
34988;AMERICA;51;RUTA CENTRO;5
34990;ATENAS (CUBA);50;RUTA CUBA;5
34991;LA AURORA;52;DOSQUEBRADAS;5
34992;AV LAS AMERICAS;51;RUTA CENTRO;5
34994;BAIRON GAVIRIA;51;RUTA CENTRO;5
34995;BALALAIKA;51;RUTA CENTRO;5
34996;BARAJAS;51;RUTA CENTRO;5
34998;BAVARIA;51;RUTA CENTRO;5
34999;BELALCAZAR;51;RUTA CENTRO;5
35000;BELLA SARDI;50;RUTA CUBA;5
35001;BELLO HORIZONTE (CUBA);50;RUTA CUBA;5
35002;BELMONTE;50;RUTA CUBA;5
35003;BERLIN;51;RUTA CENTRO;5
35005;BIRMANIA;50;RUTA CUBA;5
35006;BOMBAY NUEVO;52;DOSQUEBRADAS;5
35007;BOQUIA;51;RUTA CENTRO;5
35008;BOSTON;51;RUTA CENTRO;5
35009;BUENOS AIRES;52;DOSQUEBRADAS;5
35010;CARLOS A BENAVIDEZ.;50;RUTA CUBA;5
35013;CACHIPAY;51;RUTA CENTRO;5
35014;CAMBULOS;51;RUTA CENTRO;5
35014;CAMBULOS;52;DOSQUEBRADAS;5
35015;CAMILO TORRES;52;DOSQUEBRADAS;5
35016;CAMPESTRE;52;DOSQUEBRADAS;5
35017;CAMPIN (BELMONTE);50;RUTA CUBA;5
35017;CAMPIN (BELMONTE);51;RUTA CENTRO;5
35018;CAMPIÑA;50;RUTA CUBA;5
35019;CAÑARTE;51;RUTA CENTRO;5
35020;CAÑAVERAL;50;RUTA CUBA;5
35021;CARDAL;50;RUTA CUBA;5
35022;CARLOS A BEMAVIDEZ;50;RUTA CUBA;5
35023;CARLOS ALBERTO BENAVIDEZ (2500 LTS);50;RUTA CUBA;5
35024;CASAS DE MILAN;52;DOSQUEBRADAS;5
35025;CENTENARIO;51;RUTA CENTRO;5
35026;CENTRO;51;RUTA CENTRO;5
35027;CESAR AUGUSTO;52;DOSQUEBRADAS;5
35028;CIRCUNVALAR;51;RUTA CENTRO;5
35029;CISNES;50;RUTA CUBA;5
35030;CIUDAD JARDIN;51;RUTA CENTRO;5
35033;CODELMAR (CUBA);50;RUTA CUBA;5
35034;COLINAS;52;DOSQUEBRADAS;5
35035;VEREDA COMBIA;51;RUTA CENTRO;5
35036;COMFAMILIAR  PARQUE INDUSTRIAL;51;RUTA CENTRO;5
35037;CONSOTA;50;RUTA CUBA;5
35039;CORALES;50;RUTA CUBA;5
35040;CORALINA (CUBA);50;RUTA CUBA;5
35041;COROCITO;51;RUTA CENTRO;5
35042;CRISTALES (CUBA);50;RUTA CUBA;5
35043;CUBA CENTRO;50;RUTA CUBA;5
35044;DEPARTAMENTO;50;RUTA CUBA;5
35045;DOSQUEBRADAS;52;DOSQUEBRADAS;5
35046;EDEN (CUBA);50;RUTA CUBA;5
35047;EL BOSQUE (ALAMOS);51;RUTA CENTRO;5
35048;EL CARDAL (CUBA);50;RUTA CUBA;5
35049;EL CHICO KENEDY;51;RUTA CENTRO;5
35050;EL CHICO RESTREPO;51;RUTA CENTRO;5
35051;EL EDEN;50;RUTA CUBA;5
35052;EL LAGO;51;RUTA CENTRO;5
35053;EL MARTILLO;52;DOSQUEBRADAS;5
35054;EL PARAISO (2500 LTS);50;RUTA CUBA;5
35056;EL PLUMON;50;RUTA CUBA;5
35057;EL TRIUNFO;51;RUTA CENTRO;5
35058;GALAN (CENTRO);51;RUTA CENTRO;5
35059;GALICIA;54;LA VIRGINIA - BELMONTE BAJO;5
35060;GAMA (CUBA);50;RUTA CUBA;5
35062;GIBRALTAR;50;RUTA CUBA;5
35063;GIRASOLES (CUBA);50;RUTA CUBA;5
35064;LA GRACIELA;52;DOSQUEBRADAS;5
35065;GUADALUPE (CUBA);50;RUTA CUBA;5
35066;GUADUALES;52;DOSQUEBRADAS;5
35067;GUALANDAY (CENTRO);51;RUTA CENTRO;5
35068;GUAYACANES;50;RUTA CUBA;5
35069;HABANA;50;RUTA CUBA;5
35070;HAMBURGO;51;RUTA CENTRO;5
35071;HEROES;50;RUTA CUBA;5
35073;INDEPENDIENTES (2500 LTS);50;RUTA CUBA;5
35074;EL JAPON;52;DOSQUEBRADAS;5
35075;JARDIN;51;RUTA CENTRO;5
35076;JARDINES DE MILAN;52;DOSQUEBRADAS;5
35077;JOSE MARIA C;50;RUTA CUBA;5
35078;KENNEDY;51;RUTA CENTRO;5
35079;LA BADEA;52;DOSQUEBRADAS;5
35080;LA COLINA;52;DOSQUEBRADAS;5
35081;LA DIVISA (CUBA);50;RUTA CUBA;5
35082;LA ESPERANZA;51;RUTA CENTRO;5
35083;LA FLORESTA (CUBA);50;RUTA CUBA;5
35084;LA FRANCIA (2500 LTS);50;RUTA CUBA;5
35086;LA ISLA;50;RUTA CUBA;5
35088;LA PRIMAVERA;52;DOSQUEBRADAS;5
35089;LA REBECA;51;RUTA CENTRO;5
35090;LA ROMELIA;52;DOSQUEBRADAS;5
35091;LA SULTANA;52;DOSQUEBRADAS;5
35093;LA UNIDAD;51;RUTA CENTRO;5
35094;LA VICTORIA;51;RUTA CENTRO;5
35095;LA VILLA (CUBA);50;RUTA CUBA;5
35096;LAS GAVIOTAS;51;RUTA CENTRO;5
35097;LAS MERCEDES;50;RUTA CUBA;5
35098;LAURELES;50;RUTA CUBA;5
35099;LIBERTADOR (2500 LTS);50;RUTA CUBA;5
35100;LIBERTADORES (CUCHILLA);50;RUTA CUBA;5
35101;LORENA;51;RUTA CENTRO;5
35102;LOS CEDROS;51;RUTA CENTRO;5
35103;LOS MOLINOS;52;DOSQUEBRADAS;5
35104;LOS OLIVOS;52;DOSQUEBRADAS;5
35105;LOS PINOS CUBA;50;RUTA CUBA;5
35106;MARAYA;51;RUTA CENTRO;5
35107;MEJIA ROBLEDO;51;RUTA CENTRO;5
35108;METROPOLITANO 2500 LTS;50;RUTA CUBA;5
35109;MILAN RUBIO;51;RUTA CENTRO;5
35111;MONTELIBANO;50;RUTA CUBA;5
35112;NACEDEROS;50;RUTA CUBA;5
35113;NARANJITOS;50;RUTA CUBA;5
35114;NARANJOS;52;DOSQUEBRADAS;5
35116;OLIMPICO (GAMA);50;RUTA CUBA;5
35118;PABLO SEXTO;52;DOSQUEBRADAS;5
35120;PALERMO;51;RUTA CENTRO;5
35121;PANORAMA;50;RUTA CUBA;5
35122;PARQUE INDUSTRIAL;51;RUTA CENTRO;5
35123;ALVARO PATIÑO 1 (FRAILES);52;DOSQUEBRADAS;5
35124;EL PEÑOL;51;RUTA CENTRO;5
35125;PERLA DEL OTUN;50;RUTA CUBA;5
35126;PERLA DEL SUR (CUBA);50;RUTA CUBA;5
35127;PINARES;51;RUTA CENTRO;5
35128;PIZAMO-KENEDY;51;RUTA CENTRO;5
35129;LA PLAYA;50;RUTA CUBA;5
35130;POBLADO;51;RUTA CENTRO;5
35131;POPULAR MODELO;51;RUTA CENTRO;5
35132;PORVENIR;51;RUTA CENTRO;5
35133;PRADERA;52;DOSQUEBRADAS;5
35135;PRIMAVERA AZUL;52;DOSQUEBRADAS;5
35136;PROGRESO;51;RUTA CENTRO;5
35139;RAFAEL URIBE (CUBA);50;RUTA CUBA;5
35140;RINCON DE LA ESTACION;52;DOSQUEBRADAS;5
35141;RINCON DE LOS ROBLES (BELMONTE);50;RUTA CUBA;5
35142;EL ROCIO;51;RUTA CENTRO;5
35143;ROSALES CIRCUNVALAR;51;RUTA CENTRO;5
35144;SAMARIA;51;RUTA CENTRO;5
35146;SAN FELIPE (SAUCES);50;RUTA CUBA;5
35147;SAN FERNANDO;50;RUTA CUBA;5
35148;SAN JOAQUIN;50;RUTA CUBA;5
35149;SAN JORGE;51;RUTA CENTRO;5
35150;SAN JOSE;51;RUTA CENTRO;5
35151;SAN JUDAS;52;DOSQUEBRADAS;5
35152;SAN LUIS;51;RUTA CENTRO;5
35153;SAN NICOLAS;51;RUTA CENTRO;5
35154;SANTA CLARA (CUBA);50;RUTA CUBA;5
35155;SANTA FE 2500 LOTES;50;RUTA CUBA;5
35156;SANTA ISABEL;52;DOSQUEBRADAS;5
35157;SANTA JUANA DE LAS VILLAS (CUBA);50;RUTA CUBA;5
35160;SANTA ROSA;84;SANTA ROSA;5
35161;SANTA TERESITA (PEREIRA);51;RUTA CENTRO;5
35162;LOS SAUCES (CUBA);50;RUTA CUBA;5
35164;SINAI;50;RUTA CUBA;5
35165;SULTANA;52;DOSQUEBRADAS;5
35167;TERRANOVA (CUBA);50;RUTA CUBA;5
35168;TINAJAS (CUBA);50;RUTA CUBA;5
35169;TORRES DE SAN MATEO;50;RUTA CUBA;5
35170;TORRES DEL SOL;52;DOSQUEBRADAS;5
35171;TULCAN II;51;RUTA CENTRO;5
35173;TURIN;51;RUTA CENTRO;5
35174;URIBE;50;RUTA CUBA;5
35175;VALER;52;DOSQUEBRADAS;5
35176;VENECIA;51;RUTA CENTRO;5
35177;VICTORIA;51;RUTA CENTRO;5
35179;VILLA DEL PRADO;51;RUTA CENTRO;5
35181;BOSQUES STA MONICA - CUBA;50;RUTA CUBA;5
35182;UR EL CARBONERO;52;DOSQUEBRADAS;5
35183;VILLA DEL CAMPO;52;DOSQUEBRADAS;5
35184;BULEVAR (CUBA);50;RUTA CUBA;5
35185;PRIMAVERA;52;DOSQUEBRADAS;5
35187;SAN DIEGO;52;DOSQUEBRADAS;5
35188;LOS REYES;52;DOSQUEBRADAS;5
35189;SAN FELIX;52;DOSQUEBRADAS;5
35191;VILLA MERY;51;RUTA CENTRO;5
35193;FRAILES;52;DOSQUEBRADAS;5
35194;EL BOHIO;52;DOSQUEBRADAS;5
35195;QUINTAS DE SAN SEBASTIAN;52;DOSQUEBRADAS;5
35196;MARACAY;52;DOSQUEBRADAS;5
35197;LA MACARENA;52;DOSQUEBRADAS;5
35198;GAITAN;51;RUTA CENTRO;5
35200;SAN MARCOS (CUBA);50;RUTA CUBA;5
35201;VILLA NAVARRA (CUCHILLA);50;RUTA CUBA;5
35202;NISSA;51;RUTA CENTRO;5
35203;VILLA LIGIA (CUCHULLA);50;RUTA CUBA;5
35205;LA POPA;52;DOSQUEBRADAS;5
35206;QUINTAS DEL CAMPESTRE;52;DOSQUEBRADAS;5
35207;LA OKARINA;52;DOSQUEBRADAS;5
35208;VILLA LAURA;52;DOSQUEBRADAS;5
35210;MOLINOS;52;DOSQUEBRADAS;5
35211;VILLA ELKIN;52;DOSQUEBRADAS;5
35212;QUINTAS DEL JARDIN COLONIAL;52;DOSQUEBRADAS;5
35213;BOSQUES DE MILAN;52;DOSQUEBRADAS;5
35215;LLANO AZUL;52;DOSQUEBRADAS;5
35216;LOS PINOS DOS/DAS;52;DOSQUEBRADAS;5
35217;TEJARES DE LA LOMA;52;DOSQUEBRADAS;5
35218;VILLA ELIZA (SAUCES CUBA);50;RUTA CUBA;5
35219;JUPITER;52;DOSQUEBRADAS;5
35220;LLANO GRANDE;51;RUTA CENTRO;5
35221;MALAGA;51;RUTA CENTRO;5
35222;GAVIOTAS;51;RUTA CENTRO;5
35223;VILLA COLOMBIA;51;RUTA CENTRO;5
35225;HACIENDA (CUBA);50;RUTA CUBA;5
35226;SAN ANTONIO 2;51;RUTA CENTRO;5
35227;EL PROGRESO;52;DOSQUEBRADAS;5
35228;COLINAS DEL TRIUNFO;51;RUTA CENTRO;5
35229;MODELO;52;DOSQUEBRADAS;5
35230;GETSEMANI;51;RUTA CENTRO;5
35231;CONSTRUCTORES;51;RUTA CENTRO;5
35232;LENINGRADO (ETP 1);50;RUTA CUBA;5
35233;EL PRADO;51;RUTA CENTRO;5
35234;EL DORADO;50;RUTA CUBA;5
35235;ORMAZA CENTRO;51;RUTA CENTRO;5
35236;SANTA ELENA;51;RUTA CENTRO;5
35237;NORMANDIA;50;RUTA CUBA;5
35238;BOSQUES DE LA ACUARELA;52;DOSQUEBRADAS;5
35239;BOHIO;52;DOSQUEBRADAS;5
35240;SALVADOR ALLENDE;51;RUTA CENTRO;5
35241;SAN ANTONIO 1;51;RUTA CENTRO;5
35243;SANTA TERESITA;52;DOSQUEBRADAS;5
35244;SAN FERNANDO;52;DOSQUEBRADAS;5
35245;SANTA MONICA;52;DOSQUEBRADAS;5
35246;VILLA DEL ROCIO;50;RUTA CUBA;5
35247;ALTA GRACIA (CUBA);50;RUTA CUBA;5
35248;COMFAMILIAR CUBA;50;RUTA CUBA;5
35249;PUEBLITO CAFETERO (CUBA);50;RUTA CUBA;5
35250;INDEPENDENCIA (CUBA);50;RUTA CUBA;5
35251;OLIVOS DOSQUEBRADA;52;DOSQUEBRADAS;5
35252;VILLA ALICIA;50;RUTA CUBA;5
35253;ORMAZA CUBA;50;RUTA CUBA;5
35254;GUADALUPE;52;DOSQUEBRADAS;5
35256;POBLADO SANTA ISABEL;52;DOSQUEBRADAS;5
35257;CONSOTA 2500 LOTES;50;RUTA CUBA;5
35258;VILLA DEL BOSQUE (SAUCES CUBA);50;RUTA CUBA;5
35260;BOSQUES DE LA SALLE;51;RUTA CENTRO;5
35262;LA DULCERA;51;RUTA CENTRO;5
35263;CERRITOS;54;LA VIRGINIA - BELMONTE BAJO;5
35264;AVENIDA DEL RIO;51;RUTA CENTRO;5
35265;SANTA CLARA DE LAS VILLAS (CUBA);50;RUTA CUBA;5
35266;GIRASOL;52;DOSQUEBRADAS;5
35267;GUAYACANES CUBA;50;RUTA CUBA;5
35268;GUAYACANES;52;DOSQUEBRADAS;5
35269;CESAR NADER;51;RUTA CENTRO;5
35270;VILLA VERDE;51;RUTA CENTRO;5
35271;CIUDAD PEREIRA;51;RUTA CENTRO;5
35272;VILLAVICENCIO;51;RUTA CENTRO;5
35273;ESPERANZA CENTRO;51;RUTA CENTRO;5
45033;CODELMAR EPT 2 (CUBA);50;RUTA CUBA;5
45167;TERRANOVA PEREIRA;50;RUTA CUBA;5
45274;30 DE AGOSTO CENTRO;51;RUTA CENTRO;5
45275;TULCAN 1;51;RUTA CENTRO;5
45276;VILLA SANTANA;51;RUTA CENTRO;5
45277;LIMONAR;52;DOSQUEBRADAS;5
45278;ALTOS DE LA CAPILLA;52;DOSQUEBRADAS;5
45279;LA MARIANA;52;DOSQUEBRADAS;5
45280;VENUS;52;DOSQUEBRADAS;5
45281;OLAYA HERRERA;51;RUTA CENTRO;5
45282;VILLA DEL SUR (CUCHILLA);50;RUTA CUBA;5
45283;CUCHILLA DE LOS CASTROS;50;RUTA CUBA;5
45285;PLAYA RICA;52;DOSQUEBRADAS;5
45287;LA CAPILLA;52;DOSQUEBRADAS;5
45289;EL OSO (CUBA);50;RUTA CUBA;5
45291;PROGRESO;52;DOSQUEBRADAS;5
45294;QUINTAS DE LA ACUARELA (CUBA);50;RUTA CUBA;5
45295;DIVINO NIÑO;52;DOSQUEBRADAS;5
45297;LAS PALMAS;51;RUTA CENTRO;5
45615;LOS NOGALES;50;RUTA CUBA;5
45616;LIBERTADORES;52;DOSQUEBRADAS;5
45617;OBRERO;51;RUTA CENTRO;5
45620;VILLA CECILIA;50;RUTA CUBA;5
45622;5 DE OCTUBRE (CUBA);50;RUTA CUBA;5
45624;OLIMPIA (CUCHILLA);50;RUTA CUBA;5
45626;NOGAL DE LOS ALPES;52;DOSQUEBRADAS;5
45628;LOS CEREZOS;52;DOSQUEBRADAS;5
45630;CAMBULOS POPA;52;DOSQUEBRADAS;5
45632;CERRO AZUL;52;DOSQUEBRADAS;5
45634;LAS VIOLETAS;52;DOSQUEBRADAS;5
45636;GUADUALES DE MILAN;52;DOSQUEBRADAS;5
45637;VERSALLES;52;DOSQUEBRADAS;5
45639;SANTIAGO LONDOÑO (FRAILES);52;DOSQUEBRADAS;5
45641;VILLA ALEXANDRA;52;DOSQUEBRADAS;5
45642;CESAR AGUSTO D/DAS;52;DOSQUEBRADAS;5
45646;EL PROGRESO D/DAS;52;DOSQUEBRADAS;5
45648;LARA BONILLA (FRAILES);52;DOSQUEBRADAS;5
45649;URB. PIAMONTE D/DAS;52;DOSQUEBRADAS;5
45650;INDEPENDENCIA D/DAS;52;DOSQUEBRADAS;5
45651;LA SOLEDAD;52;DOSQUEBRADAS;5
45652;LA CAMPIÑA D/DAS;52;DOSQUEBRADAS;5
45653;ALTOS DE VILLA MARIELA;52;DOSQUEBRADAS;5
45654;ROSALES D/DAS;52;DOSQUEBRADAS;5
45655;LAURELES D/DAS;52;DOSQUEBRADAS;5
45656;MIRADOR SANTA MONICA D/DAS;52;DOSQUEBRADAS;5
45657;CONJUNTO AGUAZUL D/DAS;52;DOSQUEBRADAS;5
45658;LUIS CARLOS GALAN D/DAS;52;DOSQUEBRADAS;5
45659;RESERVAS DE MILAN D/DAS;52;DOSQUEBRADAS;5
45661;LOS ALPES D/DAS;52;DOSQUEBRADAS;5
45662;AV SIMON BOLIVAR D/DAS;52;DOSQUEBRADAS;5
45663;URB. EL BOSQUE D/DAS;52;DOSQUEBRADAS;5
45664;GALAXIA D/DAS;52;DOSQUEBRADAS;5
45666;TULIPANES D/DAS;52;DOSQUEBRADAS;5
45667;NVA GRANADA D/DAS;52;DOSQUEBRADAS;5
45669;VILLA TULA D/DAS;52;DOSQUEBRADAS;5
45670;EL CARBONERO D/DAS;52;DOSQUEBRADAS;5
45671;VILLA DEL CAMPESTRE D/DAS;52;DOSQUEBRADAS;5
45672;QUINTAS DE ARAGON D/DAS;52;DOSQUEBRADAS;5
45673;JARDIN COLONIAL D/DAS;52;DOSQUEBRADAS;5
45674;EL PORVENIR D/DAS;52;DOSQUEBRADAS;5
45676;URB. COLMENARES D/DAS;52;DOSQUEBRADAS;5
45677;ALAMEDA;52;DOSQUEBRADAS;5
45678;EL CARBONERO;52;DOSQUEBRADAS;5
45679;LAGUITOS;52;DOSQUEBRADAS;5
45680;MINUTO DE DIOS D/DAS;52;DOSQUEBRADAS;5
45683;SAN JUAN CENTRO;51;RUTA CENTRO;5
45684;BUENOS AIRES CENTRO;51;RUTA CENTRO;5
46054;ALTA VISTA (CUBA);50;RUTA CUBA;5
46058;VENECIA CENTRO;51;RUTA CENTRO;5
46060;LUIS ALBERTO DUQUE;51;RUTA CENTRO;5
46061;PUERTA DE ALCALA;50;RUTA CUBA;5
46063;VILLA NOHEMI;51;RUTA CENTRO;5
46065;LA IDALIA;50;RUTA CUBA;5
46071;LAS ACACIAS;52;DOSQUEBRADAS;5
46072;CUBA.;50;RUTA CUBA;5
46073;SAN RAFAEL D/DAS;52;DOSQUEBRADAS;5
46074;OLAYA HERRERA;52;DOSQUEBRADAS;5
46075;REC 1;52;DOSQUEBRADAS;5
46076;REC 2;51;RUTA CENTRO;5
46077;VILLA CONSOTA;50;RUTA CUBA;5
46078;SINAI 2500 LTS;50;RUTA CUBA;5
46079;CENTRO 1;51;RUTA CENTRO;5
46082;PUERTO ALEGRE;50;RUTA CUBA;5
46084;CARTAGO;85;CARTAGO;5
46090;LA VIRGINIA;54;LA VIRGINIA - BELMONTE BAJO;5
46091;QUINTAS DEL BOSQUE D/DAS;52;DOSQUEBRADAS;5
46092;VERACRUZ;75;FONTIBON;4
46093;EL CAMPIN;81;Z FDC NORTE;4
46094;LA PRADERA;52;DOSQUEBRADAS;5
46095;AQUILINO VILLEGAS;38;2;6
46097;VILLA LAS MORAS;65;BAQ ORIENTE;8
46097;VILLA LAS MORAS;66;BAQ NORTE;8
46097;VILLA LAS MORAS;67;BAQ NORTE 2;8
46097;VILLA LAS MORAS;68;SOLEDAD;8
46097;VILLA LAS MORAS;69;SOLEDAD 2;8
46097;VILLA LAS MORAS;70;SOLEDAD 3;8
46097;VILLA LAS MORAS;71;BAQ-SOLEDAD;8
46097;VILLA LAS MORAS;72;BAQ SUR;8
46097;VILLA LAS MORAS;73;BAQ NORTE 3;8
46097;VILLA LAS MORAS;74;BAQ SUR 2;8
46098;VILLA ESTADIO;65;BAQ ORIENTE;8
46098;VILLA ESTADIO;66;BAQ NORTE;8
46098;VILLA ESTADIO;67;BAQ NORTE 2;8
46098;VILLA ESTADIO;68;SOLEDAD;8
46098;VILLA ESTADIO;69;SOLEDAD 2;8
46098;VILLA ESTADIO;70;SOLEDAD 3;8
46098;VILLA ESTADIO;71;BAQ-SOLEDAD;8
46098;VILLA ESTADIO;72;BAQ SUR;8
46098;VILLA ESTADIO;73;BAQ NORTE 3;8
46098;VILLA ESTADIO;74;BAQ SUR 2;8
46099;TERRANOVA;65;BAQ ORIENTE;8
46099;TERRANOVA;66;BAQ NORTE;8
46099;TERRANOVA;67;BAQ NORTE 2;8
46099;TERRANOVA;68;SOLEDAD;8
46099;TERRANOVA;69;SOLEDAD 2;8
46099;TERRANOVA;70;SOLEDAD 3;8
46099;TERRANOVA;71;BAQ-SOLEDAD;8
46099;TERRANOVA;72;BAQ SUR;8
46099;TERRANOVA;73;BAQ NORTE 3;8
46099;TERRANOVA;74;BAQ SUR 2;8
46100;MORA OCCIDENTE;65;BAQ ORIENTE;8
46100;MORA OCCIDENTE;66;BAQ NORTE;8
46100;MORA OCCIDENTE;67;BAQ NORTE 2;8
46100;MORA OCCIDENTE;68;SOLEDAD;8
46100;MORA OCCIDENTE;69;SOLEDAD 2;8
46100;MORA OCCIDENTE;70;SOLEDAD 3;8
46100;MORA OCCIDENTE;71;BAQ-SOLEDAD;8
46100;MORA OCCIDENTE;72;BAQ SUR;8
46100;MORA OCCIDENTE;73;BAQ NORTE 3;8
46100;MORA OCCIDENTE;74;BAQ SUR 2;8
46101;BELLA MURILLO;65;BAQ ORIENTE;8
46101;BELLA MURILLO;66;BAQ NORTE;8
46101;BELLA MURILLO;67;BAQ NORTE 2;8
46101;BELLA MURILLO;68;SOLEDAD;8
46101;BELLA MURILLO;69;SOLEDAD 2;8
46101;BELLA MURILLO;70;SOLEDAD 3;8
46101;BELLA MURILLO;71;BAQ-SOLEDAD;8
46101;BELLA MURILLO;72;BAQ SUR;8
46101;BELLA MURILLO;73;BAQ NORTE 3;8
46101;BELLA MURILLO;74;BAQ SUR 2;8
46102;BARRANCA;81;Z FDC NORTE;4
46103;CEDROS;65;BAQ ORIENTE;8
46103;CEDROS;66;BAQ NORTE;8
46103;CEDROS;67;BAQ NORTE 2;8
46103;CEDROS;68;SOLEDAD;8
46103;CEDROS;69;SOLEDAD 2;8
46103;CEDROS;70;SOLEDAD 3;8
46103;CEDROS;71;BAQ-SOLEDAD;8
46103;CEDROS;72;BAQ SUR;8
46103;CEDROS;73;BAQ NORTE 3;8
46103;CEDROS;74;BAQ SUR 2;8
46104;MORA 4TA ETAPA;65;BAQ ORIENTE;8
46104;MORA 4TA ETAPA;66;BAQ NORTE;8
46104;MORA 4TA ETAPA;67;BAQ NORTE 2;8
46104;MORA 4TA ETAPA;68;SOLEDAD;8
46104;MORA 4TA ETAPA;69;SOLEDAD 2;8
46104;MORA 4TA ETAPA;70;SOLEDAD 3;8
46104;MORA 4TA ETAPA;71;BAQ-SOLEDAD;8
46104;MORA 4TA ETAPA;72;BAQ SUR;8
46104;MORA 4TA ETAPA;73;BAQ NORTE 3;8
46104;MORA 4TA ETAPA;74;BAQ SUR 2;8
46105;VILLA ESTADIO 2;65;BAQ ORIENTE;8
46105;VILLA ESTADIO 2;66;BAQ NORTE;8
46105;VILLA ESTADIO 2;67;BAQ NORTE 2;8
46105;VILLA ESTADIO 2;68;SOLEDAD;8
46105;VILLA ESTADIO 2;69;SOLEDAD 2;8
46105;VILLA ESTADIO 2;70;SOLEDAD 3;8
46105;VILLA ESTADIO 2;71;BAQ-SOLEDAD;8
46105;VILLA ESTADIO 2;72;BAQ SUR;8
46105;VILLA ESTADIO 2;73;BAQ NORTE 3;8
46105;VILLA ESTADIO 2;74;BAQ SUR 2;8
46106;ROBLES 5;65;BAQ ORIENTE;8
46106;ROBLES 5;66;BAQ NORTE;8
46106;ROBLES 5;67;BAQ NORTE 2;8
46106;ROBLES 5;68;SOLEDAD;8
46106;ROBLES 5;69;SOLEDAD 2;8
46106;ROBLES 5;70;SOLEDAD 3;8
46106;ROBLES 5;71;BAQ-SOLEDAD;8
46106;ROBLES 5;72;BAQ SUR;8
46106;ROBLES 5;73;BAQ NORTE 3;8
46106;ROBLES 5;74;BAQ SUR 2;8
46107;ALMENDRO;65;BAQ ORIENTE;8
46107;ALMENDRO;66;BAQ NORTE;8
46107;ALMENDRO;67;BAQ NORTE 2;8
46107;ALMENDRO;68;SOLEDAD;8
46107;ALMENDRO;69;SOLEDAD 2;8
46107;ALMENDRO;70;SOLEDAD 3;8
46107;ALMENDRO;71;BAQ-SOLEDAD;8
46107;ALMENDRO;72;BAQ SUR;8
46107;ALMENDRO;73;BAQ NORTE 3;8
46107;ALMENDRO;74;BAQ SUR 2;8
46108;SPRING NORTE SUBA;32;KENNEDY NORTE;4
46108;SPRING NORTE SUBA;101;SUBA;4
46110;ALTOS LOS ROBLES;65;BAQ ORIENTE;8
46110;ALTOS LOS ROBLES;66;BAQ NORTE;8
46110;ALTOS LOS ROBLES;67;BAQ NORTE 2;8
46110;ALTOS LOS ROBLES;68;SOLEDAD;8
46110;ALTOS LOS ROBLES;69;SOLEDAD 2;8
46110;ALTOS LOS ROBLES;70;SOLEDAD 3;8
46110;ALTOS LOS ROBLES;71;BAQ-SOLEDAD;8
46110;ALTOS LOS ROBLES;72;BAQ SUR;8
46110;ALTOS LOS ROBLES;73;BAQ NORTE 3;8
46110;ALTOS LOS ROBLES;74;BAQ SUR 2;8
46112;TIBABITA;81;Z FDC NORTE;4
46113;RESERVA LOS ROBLES;65;BAQ ORIENTE;8
46113;RESERVA LOS ROBLES;66;BAQ NORTE;8
46113;RESERVA LOS ROBLES;67;BAQ NORTE 2;8
46113;RESERVA LOS ROBLES;68;SOLEDAD;8
46113;RESERVA LOS ROBLES;69;SOLEDAD 2;8
46113;RESERVA LOS ROBLES;70;SOLEDAD 3;8
46113;RESERVA LOS ROBLES;71;BAQ-SOLEDAD;8
46113;RESERVA LOS ROBLES;72;BAQ SUR;8
46113;RESERVA LOS ROBLES;73;BAQ NORTE 3;8
46113;RESERVA LOS ROBLES;74;BAQ SUR 2;8
46114;SAMPER MENDOZA;81;Z FDC NORTE;4
46115;SAN JOSE BOSA;27;BOSA SUR;4
46116;GALAN;65;BAQ ORIENTE;8
46116;GALAN;66;BAQ NORTE;8
46116;GALAN;67;BAQ NORTE 2;8
46116;GALAN;68;SOLEDAD;8
46116;GALAN;69;SOLEDAD 2;8
46116;GALAN;70;SOLEDAD 3;8
46116;GALAN;71;BAQ-SOLEDAD;8
46116;GALAN;72;BAQ SUR;8
46116;GALAN;73;BAQ NORTE 3;8
46116;GALAN;74;BAQ SUR 2;8
46117;EL MILAGRO;65;BAQ ORIENTE;8
46117;EL MILAGRO;66;BAQ NORTE;8
46117;EL MILAGRO;67;BAQ NORTE 2;8
46117;EL MILAGRO;68;SOLEDAD;8
46117;EL MILAGRO;69;SOLEDAD 2;8
46117;EL MILAGRO;70;SOLEDAD 3;8
46117;EL MILAGRO;71;BAQ-SOLEDAD;8
46117;EL MILAGRO;72;BAQ SUR;8
46117;EL MILAGRO;73;BAQ NORTE 3;8
46117;EL MILAGRO;74;BAQ SUR 2;8
46118;BELLA ARENA;65;BAQ ORIENTE;8
46118;BELLA ARENA;66;BAQ NORTE;8
46118;BELLA ARENA;67;BAQ NORTE 2;8
46118;BELLA ARENA;68;SOLEDAD;8
46118;BELLA ARENA;69;SOLEDAD 2;8
46118;BELLA ARENA;70;SOLEDAD 3;8
46118;BELLA ARENA;71;BAQ-SOLEDAD;8
46118;BELLA ARENA;72;BAQ SUR;8
46118;BELLA ARENA;73;BAQ NORTE 3;8
46118;BELLA ARENA;74;BAQ SUR 2;8
46120;TAIRONA;65;BAQ ORIENTE;8
46120;TAIRONA;66;BAQ NORTE;8
46120;TAIRONA;67;BAQ NORTE 2;8
46120;TAIRONA;68;SOLEDAD;8
46120;TAIRONA;69;SOLEDAD 2;8
46120;TAIRONA;70;SOLEDAD 3;8
46120;TAIRONA;71;BAQ-SOLEDAD;8
46120;TAIRONA;72;BAQ SUR;8
46120;TAIRONA;73;BAQ NORTE 3;8
46120;TAIRONA;74;BAQ SUR 2;8
46122;BARBOSA;19;BELLO;3
46123;OFICINA MANIZALES;93;3;6
46124;PUMAREJO;65;BAQ ORIENTE;8
46124;PUMAREJO;66;BAQ NORTE;8
46124;PUMAREJO;67;BAQ NORTE 2;8
46124;PUMAREJO;68;SOLEDAD;8
46124;PUMAREJO;69;SOLEDAD 2;8
46124;PUMAREJO;70;SOLEDAD 3;8
46124;PUMAREJO;71;BAQ-SOLEDAD;8
46124;PUMAREJO;72;BAQ SUR;8
46124;PUMAREJO;73;BAQ NORTE 3;8
46124;PUMAREJO;74;BAQ SUR 2;8
46126;TOBERIN;81;Z FDC NORTE;4
46127;LAS PALMAS ENGATIVA;33;ENGATIVA OCCIDENTAL;4
46128;CALDAS;79;CALDAS;3
46129;CORFERIAS;29;Z FDC CENTRO;4
46130;GRAN AMERICA;29;Z FDC CENTRO;4
46131;NUEVA ZELANDA SUBA;81;Z FDC NORTE;4
46132;SOACHA HOGARES;28;Z FDC SOACHA;4
46133;SOACHA QUINTANARES;28;Z FDC SOACHA;4
46134;SOACHA EL ALTICO;28;Z FDC SOACHA;4
46135;PARQUE CAMPESTRE;28;Z FDC SOACHA;4
46136;SALITRE SUBA;81;Z FDC NORTE;4
46137;CHICO NORTE;81;Z FDC NORTE;4
46138;CIUDAD CIUDAD VERDE;28;Z FDC SOACHA;4
46140;SOACHA COMPARTIR;28;Z FDC SOACHA;4
46141;USME ACAPULCO;83;TUNJUELITO - R. URIBE U.;4
46142;LA GAITANA SUBA;101;SUBA;4
46143;DIANA TURBAY;26;P. ARANDA - ANTONIO NARIÑO;4
46144;PABLO VI NORTE;81;Z FDC NORTE;4
46145;PARQUES DE BTA;27;BOSA SUR;4
46146;SOACHA 12 MARZO;28;Z FDC SOACHA;4
46148;CALVO SUR;82;Z FDC SUR;4
46148;CALVO SUR;96;BOSA NORTE;4
46150;TIBABUYES SUBA;101;SUBA;4
46151;SANTA BARBARA;81;Z FDC NORTE;4
46152;EL PEDREGAL;81;Z FDC NORTE;4
46153;LA CAMPIÑA SUBA;81;Z FDC NORTE;4
46156;GILMAR SUBA;81;Z FDC NORTE;4
46157;PINAR SUBA;81;Z FDC NORTE;4
46158;SOACHA CIUDAD LATINA;28;Z FDC SOACHA;4
46159;PRADO VERANIEGO SUBA;81;Z FDC NORTE;4
46160;HUMBERTO VALENCIA BOSA;27;BOSA SUR;4
46162;EMPLEADÓS;5;SUR;2
46163;OFICINA MED;44;S. PRADO;3
46164;EMPLEADOS BAQ;65;BAQ ORIENTE;8
46164;EMPLEADOS BAQ;66;BAQ NORTE;8
46164;EMPLEADOS BAQ;67;BAQ NORTE 2;8
46164;EMPLEADOS BAQ;68;SOLEDAD;8
46164;EMPLEADOS BAQ;69;SOLEDAD 2;8
46164;EMPLEADOS BAQ;70;SOLEDAD 3;8
46164;EMPLEADOS BAQ;71;BAQ-SOLEDAD;8
46164;EMPLEADOS BAQ;72;BAQ SUR;8
46164;EMPLEADOS BAQ;73;BAQ NORTE 3;8
46164;EMPLEADOS BAQ;74;BAQ SUR 2;8
46165;OFICINA BGA;59;PROVENZA;7
46166;OFICINA PEI;50;RUTA CUBA;5
46167;OFICINA BOG;27;BOSA SUR;4
46168;SAN JOSE OBRERO ENGATIVA;33;ENGATIVA OCCIDENTAL;4
46170;ROBLEDO LA AURORA;15;ROBLEDO;3
46174;POPULAR 2;76;MANRIQUE;3
46175;FLORA;6;NORORIENTE;2
46176;CALIFORNIA;34;KENNEDY SUR;4
46178;CALATRABA;45;ITAGUI;3
46179;CALIMIO;2;ORIENTE;2
46180;SOACHA PORVENIR;28;Z FDC SOACHA;4
46181;SECTOR A PARQUE IND;51;RUTA CENTRO;5
46182;SECTOR B PARQUE IND;51;RUTA CENTRO;5
46183;SECTOR C PARQUE IND;51;RUTA CENTRO;5
46184;SECTOR D PARQUE IND;51;RUTA CENTRO;5
46185;SECTOR E PARQUE IND;51;RUTA CENTRO;5
46186;PORVENIR;45;ITAGUI;3
46187;SALADO;46;ENVIGADO;3
46188;VILLAGRANDE;46;ENVIGADO;3
46189;LA MAGNOLIA;46;ENVIGADO;3
46190;NIQUIA;19;BELLO;3
46191;BELMONTE BAJO (VIA CERRITOS);54;LA VIRGINIA - BELMONTE BAJO;5
46192;CAMPO AMOR;13;NORTE1   (1-4-7);3
46193;CAMPESTRE A;52;DOSQUEBRADAS;5
46194;CAMPESTRE B;52;DOSQUEBRADAS;5
46197;CAMPESTRE C;52;DOSQUEBRADAS;5
46199;CAMPESTRE D;52;DOSQUEBRADAS;5
46200;CALANDAIMA;96;BOSA NORTE;4
46203;TINTALA KENNEDY;32;KENNEDY NORTE;4
46205;CARVAJAL II;34;KENNEDY SUR;4
46206;CIUDAD KENNEDY;34;KENNEDY SUR;4
46208;KENNEDY LOS FUNDADORES;26;P. ARANDA - ANTONIO NARIÑO;4
46209;LA FLORESTA KENNEDY;5;SUR;2
46211;LAS AMERICAS ENGATIVA;33;ENGATIVA OCCIDENTAL;4
46212;LAS AMÉRICAS SECTOR GALÁN;26;P. ARANDA - ANTONIO NARIÑO;4
46218;PROBLEMAS DE COBRO;94;FLORIDABLANCA 2;7
46221;PUERTO ALEGRE;16;NORTE3   (22-25-28);3
46221;PUERTO ALEGRE;19;BELLO;3
46222;LOMA DEL INDIO;22;POBLADO;3
46223;SAN JACINTO;51;RUTA CENTRO;5
46224;PROBLEMA DE COBRO CALI;86;ORIENTE 3;2
46225;SIN ASIGNAR BUCARAMANGA;59;PROVENZA;7
46231;USAQUEN;81;Z FDC NORTE;4
46232;SECTOR E PARQUE INDUSTRIAL;51;RUTA CENTRO;5
46233;GUADACANAL - CUBA;50;RUTA CUBA;5
46234;RIACHUELOS;19;BELLO;3
46235;LA ESTANCIA;9;YUMBO;2
46236;CORVIVALLE;9;YUMBO;2
46237;URIBE;9;YUMBO;2
46238;20 DE JULIO;51;RUTA CENTRO;5
46239;HERNANDO VELEZ;51;RUTA CENTRO;5
46240;BOLIVAR;9;YUMBO;2
46241;BELALCAZAR;9;YUMBO;2
46242;CENCAR;9;YUMBO;2
46244;PORTALES DE COMFANDI;9;YUMBO;2
46245;SAN FERNANDO;9;YUMBO;2
46246;MUNICIPAL;9;YUMBO;2
46247;GUACANDA;9;YUMBO;2
46248;GAITAN;9;YUMBO;2
46249;PIZARRO;9;YUMBO;2
46250;CACIQUE JACINTO;9;YUMBO;2
46252;PORTALES DE YUMBO;9;YUMBO;2
46253;OLIMPICO;11;PALMIRA;2
46254;FRAY LUIS;11;PALMIRA;2
46255;EL PRADO;11;PALMIRA;2
46256;SANTA ANA;11;PALMIRA;2
46257;EMILIA;11;PALMIRA;2
46258;LA CONCORDIA;11;PALMIRA;2
46259;LLANO GRANDE;11;PALMIRA;2
46260;LAS ACACIAS;11;PALMIRA;2
46262;BRISAS DEL BOLO;11;PALMIRA;2
46263;ALICANTO;11;PALMIRA;2
46264;LAS AMERICAS;11;PALMIRA;2
46265;ESCOBAR;11;PALMIRA;2
46266;EL REMANSO;20;COPACABANA - GIRARDOTA;3
46268;MOLIVENTO;52;DOSQUEBRADAS;5
46269;PIEDRAS BLANCAS;20;COPACABANA - GIRARDOTA;3
46270;YARUMITO;20;COPACABANA - GIRARDOTA;3
46272;SANTA BARBARA;11;PALMIRA;2
46273;EL MOJON;20;COPACABANA - GIRARDOTA;3
46274;VILLA LAS PALMAS;11;PALMIRA;2
46275;MERCEDES;11;PALMIRA;2
46276;LA ITALIA;11;PALMIRA;2
46277;BOSQUE DE MORELIA;11;PALMIRA;2
46278;VILLA CLAUDIA;11;PALMIRA;2
46279;INDUSTRIAL;11;PALMIRA;2
46280;IGNACIO TORRES G;11;PALMIRA;2
46281;JUAN PABLO;11;PALMIRA;2
46282;SANTA TERESITA;11;PALMIRA;2
46283;LA BENEDICTA;11;PALMIRA;2
46284;ESTONIA;11;PALMIRA;2
46285;BERLIN;11;PALMIRA;2
46286;SANTA ISABEL;11;PALMIRA;2
46287;VERSALLES;11;PALMIRA;2
46288;SAMANES DE LAS MERCEDES;11;PALMIRA;2
46289;ALMANARES DE LA MERCED;11;PALMIRA;2
46290;CAMPESTRE;11;PALMIRA;2
46291;PORTAL DE LAS PALMAS;11;PALMIRA;2
46292;DEPARTAMENTAL;11;PALMIRA;2
46295;ZAMORANO;11;PALMIRA;2
46296;RESERVA DE ZAMORANO;11;PALMIRA;2
46298;EL SESQUI;11;PALMIRA;2
46299;PARQUE ITALIA;11;PALMIRA;2
46300;VILLA FONTANA;11;PALMIRA;2
46301;LAS FLORES;11;PALMIRA;2
46302;ALFONSO LÓPEZ;11;PALMIRA;2
46303;COLOMBIA;11;PALMIRA;2
46304;PAN DE AZÚCAR;78;SABANETA;3
46305;LA HERMOSA I;84;SANTA ROSA;5
46306;LA HERMOSA II;84;SANTA ROSA;5
46308;LA HERMOSA VIII;84;SANTA ROSA;5
46309;LA HERMOSA III;84;SANTA ROSA;5
46310;LA HERMOSA IV;84;SANTA ROSA;5
46311;LA HERMOSA V;84;SANTA ROSA;5
46312;LA HERMOSA VI;84;SANTA ROSA;5
46314;LOS ANGELES;84;SANTA ROSA;5
46320;VILLA DIANA;84;SANTA ROSA;5
46321;FERMIN LOPEZ;84;SANTA ROSA;5
46322;BETANIA;78;SABANETA;3
46323;LINARES;84;SANTA ROSA;5
46326;ARIAS;78;SABANETA;3
46327;VERACRUZ;84;SANTA ROSA;5
46328;PRIMAVERA;84;SANTA ROSA;5
46329;PARAÍSO;84;SANTA ROSA;5
46330;OSANAR SANTA RODA;84;SANTA ROSA;5
46331;BOLÍVAR;84;SANTA ROSA;5
46332;CENTRO;84;SANTA ROSA;5
46333;COLINAS DEL ROSARIO;84;SANTA ROSA;5
46334;LOS SAUCES;84;SANTA ROSA;5
46335;SAN LUIS GONZAGA;84;SANTA ROSA;5
46336;CAMELO;84;SANTA ROSA;5
46338;LA ESPERANZA;11;PALMIRA;2
46339;VETANEA;84;SANTA ROSA;5
46340;EL TRIUNFO;84;SANTA ROSA;5
46341;TERESA DE CALCUTA;84;SANTA ROSA;5
46342;LOS ANDES;84;SANTA ROSA;5
46343;CARMELO;84;SANTA ROSA;5
46344;PRIMERO DE MAYO;11;PALMIRA;2
46345;ALAMEDA;11;PALMIRA;2
46346;LOS PINOS;84;SANTA ROSA;5
46347;LA FLORA;84;SANTA ROSA;5
46348;GUAYACANES;84;SANTA ROSA;5
46349;LA COSECHA;11;PALMIRA;2
46350;SAN VICENTE;84;SANTA ROSA;5
46351;MONTECARLO;11;PALMIRA;2
46352;MANANTIAL;84;SANTA ROSA;5
46353;EL VERGEL;84;SANTA ROSA;5
46354;MIRRIÑAO;11;PALMIRA;2
46355;MONSERRATE;84;SANTA ROSA;5
46356;TANGARIFE;54;LA VIRGINIA - BELMONTE BAJO;5
46357;SIETE DE ENERO;54;LA VIRGINIA - BELMONTE BAJO;5
46358;PÍO XLL;54;LA VIRGINIA - BELMONTE BAJO;5
46359;SANTA FE;54;LA VIRGINIA - BELMONTE BAJO;5
46360;EL PRADO;54;LA VIRGINIA - BELMONTE BAJO;5
46361;LA ESTACIÓN;84;SANTA ROSA;5
46363;SEMBRADOR;11;PALMIRA;2
46364;LOS ALMENDROS;54;LA VIRGINIA - BELMONTE BAJO;5
46365;BIZERTA;11;PALMIRA;2
46366;TUNDAMA;34;KENNEDY SUR;4
46367;BALSILLAS;54;LA VIRGINIA - BELMONTE BAJO;5
46368;LA MILAGROSA;54;LA VIRGINIA - BELMONTE BAJO;5
46369;OBRERO;54;LA VIRGINIA - BELMONTE BAJO;5
46370;SIGIFREDO ZULETA;54;LA VIRGINIA - BELMONTE BAJO;5
46371;SAN MARTÍN DE PORRAS;16;NORTE3   (22-25-28);3
46372;GUAYACANES DEL INGENIO;11;PALMIRA;2
46373;RINCON DEL BOSQUE;11;PALMIRA;2
46374;DANUBIO;11;PALMIRA;2
46375;RESTREPO;54;LA VIRGINIA - BELMONTE BAJO;5
46376;LA PLAYA;54;LA VIRGINIA - BELMONTE BAJO;5
46378;BAVARIA;54;LA VIRGINIA - BELMONTE BAJO;5
46379;SAN ANTONIO;54;LA VIRGINIA - BELMONTE BAJO;5
46380;EL EDEN;54;LA VIRGINIA - BELMONTE BAJO;5
46381;SAN FERNANDO;54;LA VIRGINIA - BELMONTE BAJO;5
46382;GUAYACANES DEL PARQUE;11;PALMIRA;2
46383;BUENOS AIRES;54;LA VIRGINIA - BELMONTE BAJO;5
46384;PAPAYAL;11;PALMIRA;2
46385;LA UNIÓN ( );84;SANTA ROSA;5
46386;SAN PEDRO;11;PALMIRA;2
46387;MAGDALENA;54;LA VIRGINIA - BELMONTE BAJO;5
46388;SAN CAYETANO;54;LA VIRGINIA - BELMONTE BAJO;5
46389;MAGDALENA;54;LA VIRGINIA - BELMONTE BAJO;5
46390;LUIS CARLOS GALAN SARMIENTO;11;PALMIRA;2
46391;CHAPINERO;11;PALMIRA;2
46392;CIUDADELA PALMIRA;11;PALMIRA;2
46393;POBLADO COMFAUNION;11;PALMIRA;2
46394;ALFONZO LOPEZ;54;LA VIRGINIA - BELMONTE BAJO;5
46395;EL PROGRESO;54;LA VIRGINIA - BELMONTE BAJO;5
46396;LA INDEPENDENCIA;11;PALMIRA;2
46397;PETRU;11;PALMIRA;2
46398;PEDRO PABLO BELLO;54;LA VIRGINIA - BELMONTE BAJO;5
46399;LIBERTADORES;54;LA VIRGINIA - BELMONTE BAJO;5
46400;EL RECREO;11;PALMIRA;2
46401;EL TREBOL;11;PALMIRA;2
46402;LIBERTADORES;11;PALMIRA;2
46403;FATIMA;11;PALMIRA;2
46404;BARRIO NUEVO;11;PALMIRA;2
46405;CAIMALITO CENTRO;54;LA VIRGINIA - BELMONTE BAJO;5
46406;PARAISO;11;PALMIRA;2
46407;EL TRIUNFO;11;PALMIRA;2
46408;PUERTO CALDAS;85;CARTAGO;5
46409;SAN CARLOS;11;PALMIRA;2
46410;ORTEZ;85;CARTAGO;5
46412;SAN FERNANDO;85;CARTAGO;5
46413;LA ESPERANZA;85;CARTAGO;5
46414;ALAMEDA;85;CARTAGO;5
46415;BRISAS DEL RIO;85;CARTAGO;5
46416;VILLA NORA;84;SANTA ROSA;5
46417;HORIZONTE;85;CARTAGO;5
46418;EL PARAISO;85;CARTAGO;5
46419;LOS ALPEZ;85;CARTAGO;5
46420;LA MILAGROSA;85;CARTAGO;5
46421;SAN VICENTE;85;CARTAGO;5
46422;COLLAREJO;85;CARTAGO;5
46423;SANTA ANA;85;CARTAGO;5
46424;BAIRON GAVIRIA;54;LA VIRGINIA - BELMONTE BAJO;5
46425;MELQUISEDEC;85;CARTAGO;5
46426;LA FLORESTA;85;CARTAGO;5
46427;SAN NICOLAS;85;CARTAGO;5
46428;BUENOS AIRES;11;PALMIRA;2
46429;GAVILANES;54;LA VIRGINIA - BELMONTE BAJO;5
46430;REPUBLICA DE FRANCIA;85;CARTAGO;5
46431;OBRERO DEPARTAMENTAL;85;CARTAGO;5
46432;BERLIN;85;CARTAGO;5
46433;BALCONES DE LAS COLINAS;51;RUTA CENTRO;5
46434;CARLOS HOLMES;85;CARTAGO;5
46435;LOS NARANJOS;85;CARTAGO;5
46436;EL ROSARIO;85;CARTAGO;5
46439;LA CRISTINA;85;CARTAGO;5
46440;EL DIVINO NIÑO;85;CARTAGO;5
46442;SAN JERONIMO;85;CARTAGO;5
46444;LAS PALMERAS;11;PALMIRA;2
46445;LOS SAUCES;85;CARTAGO;5
46446;LOS CHORROS;85;CARTAGO;5
46447;LA PRADERA;85;CARTAGO;5
46449;LOS CAMINOS;85;CARTAGO;5
46451;SANTA MONICA;85;CARTAGO;5
46452;VILLA DEL SOL;85;CARTAGO;5
46453;EL CIPRES;85;CARTAGO;5
46454;SAN AGUSTIN;85;CARTAGO;5
46456;VERONA;85;CARTAGO;5
46457;EL ROBLE;85;CARTAGO;5
46459;CIIDADELA COMFANDI;85;CARTAGO;5
46460;POPULAR MODELO;11;PALMIRA;2
46461;SANTA HELENA;85;CARTAGO;5
46462;NUESTRA SEÑORA DE LA POBREZA;85;CARTAGO;5
46463;SAN JUAN DE LA CRUZ;85;CARTAGO;5
46466;TORRE LA VEGA;85;CARTAGO;5
46467;SAN JOSE;85;CARTAGO;5
46469;MUNICIPAL;11;PALMIRA;2
46470;EL BOSQUE;11;PALMIRA;2
46471;CONQUISTADORES;85;CARTAGO;5
46472;LAS COLINAS;85;CARTAGO;5
46473;CAMELLON DEL QUINDIO;85;CARTAGO;5
46476;JORGE ELIECER GAITAN;85;CARTAGO;5
46477;CENTRO;76;MANRIQUE;3
46477;CENTRO;78;SABANETA;3
46478;SANTA ANA;84;SANTA ROSA;5
46479;SAMARIA 1;51;RUTA CENTRO;5
46480;SAMARIA 2;51;RUTA CENTRO;5
46481;EVENEZER (CUCHILLA);50;RUTA CUBA;5
46482;MIRAFLOREZ CUBA;50;RUTA CUBA;5
46483;NUEVO MEXICO;51;RUTA CENTRO;5
46484;LA CAMPIÑA (2500 LTS);50;RUTA CUBA;5
46486;CONJUNTO SALAMANCA (VIA CONDINA);50;RUTA CUBA;5
46487;SINAI;93;3;6
46488;SOLFERINO;37;1;6
46489;VEREDA EL TIGRE;54;LA VIRGINIA - BELMONTE BAJO;5
46490;ESPACIO NORTE;54;LA VIRGINIA - BELMONTE BAJO;5
46491;PORTAL DE LAS MERCEDES;50;RUTA CUBA;5
46493;BATARA CUBA;50;RUTA CUBA;5
46494;JOSE DOMINGO ESCOBAR 2500 LTS;50;RUTA CUBA;5
46495;TOKIO - VILLA SANTANA;50;RUTA CUBA;5
46496;VILLA KENEDY 2500 LTS;50;RUTA CUBA;5
46497;VILLA MARIA (2500 LTS);50;RUTA CUBA;5
46498;VILLA ROCIÓ (2500 LTS);50;RUTA CUBA;5
46499;NEIRA MARQUEZ 2500 LTS;50;RUTA CUBA;5
46500;COMUNIDAD EL BOSQUE (2500 LTS);50;RUTA CUBA;5
46501;QUINTAS DE PANORAMA 1;50;RUTA CUBA;5
46502;BRASILIA;51;RUTA CENTRO;5
46503;PORTALES DE BIRMANIA (CUBA);50;RUTA CUBA;5
46504;URBANIZACIÓN ALFA (GAMA);50;RUTA CUBA;5
46505;VILLAGORGONA;86;ORIENTE 3;2
46506;EL PARAISO;84;SANTA ROSA;5
46508;EL CIPRES;54;LA VIRGINIA - BELMONTE BAJO;5
46511;MIRADOR DE LLANO GRANDE;51;RUTA CENTRO;5
46512;PORTAL DE LAS ARAUCARIAS;84;SANTA ROSA;5
46514;VIA ARMENIA;51;RUTA CENTRO;5
46515;CONDOMINIO BOSQUE LOS LAGOS;85;CARTAGO;5
46516;LA GUADALUPE;85;CARTAGO;5
46517;LAS VEGAS DOS;50;RUTA CUBA;5
46517;LAS VEGAS DOS;52;DOSQUEBRADAS;5
46518;VILLA VENTO;52;DOSQUEBRADAS;5
46519;SAN GREGORIO;52;DOSQUEBRADAS;5
46520;PUEBLITO PAISA;50;RUTA CUBA;5
46521;NUEVA COLOMBIA ( POR LA CUCHILLA);50;RUTA CUBA;5
46522;JAIME PARDO LEAL (POR LA CUCHILLA);50;RUTA CUBA;5
46523;VILLA JULIA;85;CARTAGO;5
46524;VILLA DE LEIVA CUBA;50;RUTA CUBA;5
46525;URBANIZACION NARANJAL (CUBA);50;RUTA CUBA;5
46526;BOSQUES DE SANTA ELENA (AV SUR);51;RUTA CENTRO;5
46527;EL BOSQUE (2500 LTS);50;RUTA CUBA;5
46528;VIA CONDINA;50;RUTA CUBA;5
46529;PORVENIR;85;CARTAGO;5
46530;CONJUNTO RESIDENCIAL AQUA;52;DOSQUEBRADAS;5
46531;BOCHALEMA;3;SUR ORIENTE;2
46532;LOS SAUSES;11;PALMIRA;2
46533;ALAMEDA DEL CAFÉ (PARQ INDUSTRIAL);51;RUTA CENTRO;5
46534;PORTO ALEGRE (MONTELIBANO);50;RUTA CUBA;5
46535;VALLARTA (LA BADEA);52;DOSQUEBRADAS;5
46536;OMAR TORRIJO;3;SUR ORIENTE;2
46537;LA ESNEDA;51;RUTA CENTRO;5
46540;SALVADOR;17;MEDELLIN ORIENTE5   (31-34-37);3
46541;BUCAREST;46;ENVIGADO;3
46542;LENINGRADO (ETP 2);50;RUTA CUBA;5
46543;LENINGRADO (ETP 3);50;RUTA CUBA;5
46544;VILLA LA PAZ (CUBA);50;RUTA CUBA;5
46545;VARIANTE LA ROMELIA EL POLLO;52;DOSQUEBRADAS;5
46546;MIRADOR DE LA ESTANCIA (JAPON);52;DOSQUEBRADAS;5
46547;VILLA ORUMA;84;SANTA ROSA;5
46548;EL REMANSO (VILLA SANTANA);51;RUTA CENTRO;5
46549;VILLA HELENA (CUBA);50;RUTA CUBA;5
46550;ENTRE VERDE (HACIENDA CUBA);50;RUTA CUBA;5
46551;EL RETIRO;3;SUR ORIENTE;2
46552;BRISAS DEL CONSOTA (CUBA);50;RUTA CUBA;5
46553;MONTE BONITO;52;DOSQUEBRADAS;5
46555;LA SAMARIA;84;SANTA ROSA;5
46557;SANTA MARIA DE MILAN;52;DOSQUEBRADAS;5
46558;BELLAVISTA;3;SUR ORIENTE;2
46558;BELLAVISTA;85;CARTAGO;5
46587;SANTO DOMINGO;45;ITAGUI;3
46618;HELICONIA;87;TRANSPORTADORA;2
46624;SANTAFÉ DE ANTIOQUIA;45;ITAGUI;3
46637;MARINILLA;87;TRANSPORTADORA;2
46640;RETIRO;19;BELLO;3
46647;SOLEDAD;65;BAQ ORIENTE;8
46647;SOLEDAD;66;BAQ NORTE;8
46647;SOLEDAD;67;BAQ NORTE 2;8
46647;SOLEDAD;68;SOLEDAD;8
46647;SOLEDAD;69;SOLEDAD 2;8
46647;SOLEDAD;70;SOLEDAD 3;8
46647;SOLEDAD;71;BAQ-SOLEDAD;8
46647;SOLEDAD;72;BAQ SUR;8
46647;SOLEDAD;73;BAQ NORTE 3;8
46647;SOLEDAD;74;BAQ SUR 2;8
46669;VENECIA;79;CALDAS;3
46673;CHIGORODÓ;5;SUR;2
46679;TURBO;87;TRANSPORTADORA;2
46681;BARBOSA;20;COPACABANA - GIRARDOTA;3
46683;LA ESTRELLA;79;CALDAS;3
46696;PUERTO COLOMBIA;65;BAQ ORIENTE;8
46696;PUERTO COLOMBIA;66;BAQ NORTE;8
46696;PUERTO COLOMBIA;67;BAQ NORTE 2;8
46696;PUERTO COLOMBIA;68;SOLEDAD;8
46696;PUERTO COLOMBIA;69;SOLEDAD 2;8
46696;PUERTO COLOMBIA;70;SOLEDAD 3;8
46696;PUERTO COLOMBIA;71;BAQ-SOLEDAD;8
46696;PUERTO COLOMBIA;72;BAQ SUR;8
46696;PUERTO COLOMBIA;73;BAQ NORTE 3;8
46696;PUERTO COLOMBIA;74;BAQ SUR 2;8
46716;CHINCHINÁ;37;1;6
46717;VILLAMARÍA;93;3;6
46775;TUNJA;86;ORIENTE 3;2
46901;NEIRA;93;3;6
46904;AGUADAS;38;2;6
46908;LA DORADA;37;1;6
46918;FLORENCIA;86;ORIENTE 3;2
46954;FUNDACIÓN;65;BAQ ORIENTE;8
46954;FUNDACIÓN;66;BAQ NORTE;8
46954;FUNDACIÓN;67;BAQ NORTE 2;8
46954;FUNDACIÓN;68;SOLEDAD;8
46954;FUNDACIÓN;69;SOLEDAD 2;8
46954;FUNDACIÓN;70;SOLEDAD 3;8
46954;FUNDACIÓN;71;BAQ-SOLEDAD;8
46954;FUNDACIÓN;72;BAQ SUR;8
46954;FUNDACIÓN;73;BAQ NORTE 3;8
46954;FUNDACIÓN;74;BAQ SUR 2;8
46956;CALOTO;6;NORORIENTE;2
46960;PUERTO TEJADA;1;NORTE;2
47004;VALLEDUPAR;17;MEDELLIN ORIENTE5   (31-34-37);3
47082;GIRARDOT;34;KENNEDY SUR;4
47090;GUADUAS;27;BOSA SUR;4
47138;YACOPÍ;83;TUNJUELITO - R. URIBE U.;4
47139;CAJICÁ;37;1;6
47149;COTA;33;ENGATIVA OCCIDENTAL;4
47153;MADRID;27;BOSA SUR;4
47154;MOSQUERA;34;KENNEDY SUR;4
47159;SOACHA;34;KENNEDY SUR;4
47162;FUSAGASUGÁ;28;Z FDC SOACHA;4
47197;PUERTO COLOMBIA;65;BAQ ORIENTE;8
47197;PUERTO COLOMBIA;66;BAQ NORTE;8
47197;PUERTO COLOMBIA;67;BAQ NORTE 2;8
47197;PUERTO COLOMBIA;68;SOLEDAD;8
47197;PUERTO COLOMBIA;69;SOLEDAD 2;8
47197;PUERTO COLOMBIA;70;SOLEDAD 3;8
47197;PUERTO COLOMBIA;71;BAQ-SOLEDAD;8
47197;PUERTO COLOMBIA;72;BAQ SUR;8
47197;PUERTO COLOMBIA;73;BAQ NORTE 3;8
47197;PUERTO COLOMBIA;74;BAQ SUR 2;8
47205;GARZÓN;50;RUTA CUBA;5
47299;VILLAVICENCIO;27;BOSA SUR;4
47299;VILLAVICENCIO;46;ENVIGADO;3
47346;IBAGUÉ;44;S. PRADO;3
47353;GUADALAJARA DE BUGA;27;BOSA SUR;4
47373;IPIALES;87;TRANSPORTADORA;2
47378;CUCUTILLA;45;ITAGUI;3
47398;CÚCUTA;3;SUR ORIENTE;2
47407;PAMPLONA;56;GIRON;7
47430;ARMENIA;37;1;6
47430;ARMENIA;52;DOSQUEBRADAS;5
47463;PALMAS DEL SOCORRO;27;BOSA SUR;4
47486;CURITÍ;55;CENTRO  BMANGA;7
47494;SAN GIL;94;FLORIDABLANCA 2;7
47610;CALIMA;6;NORORIENTE;2
47612;GINEBRA;5;SUR;2
47618;TULUÁ;6;NORORIENTE;2
47629;ROLDANILLO;54;LA VIRGINIA - BELMONTE BAJO;5
47637;LA CUMBRE;5;SUR;2
47638;PRADERA;11;PALMIRA;2
47639;VIJES;87;TRANSPORTADORA;2
47643;AMAGÁ;19;BELLO;3
48606;LOS ROSALES;85;CARTAGO;5
48608;BUENAVENTURA;3;SUR ORIENTE;2
48609;ESTRATEGIA BAQ;65;BAQ ORIENTE;8
48609;ESTRATEGIA BAQ;66;BAQ NORTE;8
48609;ESTRATEGIA BAQ;67;BAQ NORTE 2;8
48609;ESTRATEGIA BAQ;68;SOLEDAD;8
48609;ESTRATEGIA BAQ;69;SOLEDAD 2;8
48609;ESTRATEGIA BAQ;70;SOLEDAD 3;8
48609;ESTRATEGIA BAQ;71;BAQ-SOLEDAD;8
48609;ESTRATEGIA BAQ;72;BAQ SUR;8
48609;ESTRATEGIA BAQ;73;BAQ NORTE 3;8
48609;ESTRATEGIA BAQ;74;BAQ SUR 2;8
48611;ALCON DE GRANADA;62;PIEDECUESTA;7
48612;ZAFIRO;62;PIEDECUESTA;7
48613;EL TEJAR;57;FLORIDABLANCA;7
48614;JUNIN;62;PIEDECUESTA;7
48615;PRADOS DE CATALUÑA;56;GIRON;7
48616;AUTOPISTA;62;PIEDECUESTA;7
48617;AMARAL;62;PIEDECUESTA;7
48618;CIUDADELA EL HATO;62;PIEDECUESTA;7
48619;CIUDAD GUABINAS;9;YUMBO;2
48621;EDIMAR;62;PIEDECUESTA;7
48622;HOYO GRANDE;62;PIEDECUESTA;7
48623;TRIANON;46;ENVIGADO;3
48625;VILLA SUAITA BOSA;27;BOSA SUR;4
48626;LA ARBOLEDA BOSA;27;BOSA SUR;4
48627;LA MINA;46;ENVIGADO;3
48628;URIBE ANGEL;46;ENVIGADO;3
48629;LOMA DE LAS BRUJAS;46;ENVIGADO;3
48630;BOSQUES DE ZUÑIGA;46;ENVIGADO;3
48631;LAS VEGAS;46;ENVIGADO;3
48632;LAS CASITAS;46;ENVIGADO;3
48633;ALCALA;46;ENVIGADO;3
48634;EL PORTAL;46;ENVIGADO;3
48635;SAN MARCOS;46;ENVIGADO;3
48636;JARDINES;46;ENVIGADO;3
48637;ZUÑIGA;46;ENVIGADO;3
48638;ALTO DE MISAEL;46;ENVIGADO;3
48640;OBRERO;46;ENVIGADO;3
48641;EL DORADO;46;ENVIGADO;3
48642;SAN BENITO TUNJUELITO;83;TUNJUELITO - R. URIBE U.;4
48643;ALIADAS DEL SUR;78;SABANETA;3
48645;CALLE DEL BANCO;78;SABANETA;3
48646;CALLE LARGA;78;SABANETA;3
48647;ENTREAMIGOS;78;SABANETA;3
48648;LA BARQUEREÑA;78;SABANETA;3
48650;LAS CASITAS;46;ENVIGADO;3
48652;MANUEL RESTREPO;78;SABANETA;3
48653;PALMAR ENGATIVA;33;ENGATIVA OCCIDENTAL;4
48654;KENNEDY OLIVOS;34;KENNEDY SUR;4
48656;LUCERO;75;FONTIBON;4
48656;LUCERO;83;TUNJUELITO - R. URIBE U.;4
48657;SAN LORENZO ENGATIVA;33;ENGATIVA OCCIDENTAL;4
48658;PUEBLO ENGATIVA;33;ENGATIVA OCCIDENTAL;4
48660;TAT Z1;6;NORORIENTE;2
48664;PARIS;16;NORTE3   (22-25-28);3
48665;SIERRA MORENA;83;TUNJUELITO - R. URIBE U.;4
48666;EL VERGEL;44;S. PRADO;3
48667;CIUDAD DE LOS PUERTOS;19;BELLO;3
48670;PASTRANA KENNEDY;32;KENNEDY NORTE;4
48672;FAVIDI;32;KENNEDY NORTE;4
48673;PARAISO CIUDAD BOLIVAR;83;TUNJUELITO - R. URIBE U.;4
48676;JAPON SUBA;101;SUBA;4
48677;SAN CAYETANO SUBA;101;SUBA;4
48678;TELECOM ARRAYANES SUBA;101;SUBA;4
48679;AMBERES SUBA;101;SUBA;4
48680;RINCON NARANJOS SUBA;101;SUBA;4
48681;LA MANUELITA SUBA;101;SUBA;4
48683;COSTA RICA SUBA;34;KENNEDY SUR;4
48684;VILLA ELISA SUBA;101;SUBA;4
48685;GLORIA LARA DE ECHEVERRI SUBA;101;SUBA;4
48686;RIO BAMBA SUBA;101;SUBA;4
48688;LA CHUCUA SUBA;34;KENNEDY SUR;4
48689;TRINITARIA SUBA;101;SUBA;4
48691;SANTA INES BOSA;27;BOSA SUR;4
48692;ANTONIO GRANADOS SUBA;101;SUBA;4
48693;SUBA EL POA;101;SUBA;4
48694;BOCHALEMA SUBA;101;SUBA;4
48695;COSTA AZUL SUBA;101;SUBA;4
48696;BATAN NORTE SUBA;101;SUBA;4
48697;LAGOS DE SUBA SUBA;101;SUBA;4
48698;CORINTO DE SUBA;101;SUBA;4
48699;AURES 2 SUBA;101;SUBA;4
48700;VILLA MARIA SUBA;101;SUBA;4
48701;TOSCANA SUBA;101;SUBA;4
48702;ALTOS DE CAZUCA;96;BOSA NORTE;4
48703;BERLIN SUBA;101;SUBA;4
48704;SAN PEDRO SUBA;101;SUBA;4
48705;TOSCANA LISBOA SUBA;101;SUBA;4
48708;NOGALES SUBA;101;SUBA;4
48709;SAN CARLOS SUBA;101;SUBA;4
48710;FONTANAR DEL RIO SUBA;101;SUBA;4
48711;CAMINOS DE ESPERANZA SUBA;101;SUBA;4
48712;LOMBARDIA SUBA;101;SUBA;4
48713;LAS FLORES SUBA;101;SUBA;4
48714;TURINGIA SUBA;101;SUBA;4
48715;JAVA SUBA;101;SUBA;4
48716;SANTA RITA SUBA;101;SUBA;4
48717;LITUANIA ENGATIVA;33;ENGATIVA OCCIDENTAL;4
48718;ASTURIAS KENNEDY;34;KENNEDY SUR;4
48719;FAENA ENGATIVA;33;ENGATIVA OCCIDENTAL;4
48720;LITERAMA ENGATIVA;33;ENGATIVA OCCIDENTAL;4
48721;ROBLEDO SANTA MARIA;16;NORTE3   (22-25-28);3
48722;ALAMOS ENGATIVA;33;ENGATIVA OCCIDENTAL;4
48725;COMUNEROS PUENTE ARANDA;26;P. ARANDA - ANTONIO NARIÑO;4
48727;BOCHICA  PUENTE ARANDA;26;P. ARANDA - ANTONIO NARIÑO;4
48728;OSPINA PEREZ PUENTE ARANDA;26;P. ARANDA - ANTONIO NARIÑO;4
48729;LAGUNETA TUNJUELITO;83;TUNJUELITO - R. URIBE U.;4
48730;LIBERTADOR RAFAEL URIBE URIBE;83;TUNJUELITO - R. URIBE U.;4
48732;TUNJUELITO TUNJUELITO;83;TUNJUELITO - R. URIBE U.;4
48733;ABRAHAM LINCOLN TUNJUELITO;83;TUNJUELITO - R. URIBE U.;4
48734;LISTOS FRESCOS COLON;5;SUR;2
48736;VILLEMAR FONTIBON;27;BOSA SUR;4
48737;VILLA CINDY SUBA;101;SUBA;4
48738;SANTA CECILIA SUBA;101;SUBA;4
48739;SUBA LISBOA;101;SUBA;4
48740;LUNA PARK ANTONIO NARIÑO;26;P. ARANDA - ANTONIO NARIÑO;4
48742;MIRAMAR SUBA;101;SUBA;4
48743;ISLANDIA BOSA;27;BOSA SUR;4
48744;ALTAMIRA;93;3;6
48745;ALTOS DE LA VIRGEN;93;3;6
48746;ALTOS DE MONSERRATE;93;3;6
48747;BALCONES DE LA VILLA;93;3;6
48748;GERARDO ARIAS;93;3;6
48749;JORGE ELIECER GAITAN;93;3;6
48750;LA ALAMEDA;93;3;6
48751;LA CAPILLA;93;3;6
48754;MIRADOR DELAS LOMAS;93;3;6
48756;PINARES DEL RIO;93;3;6
48757;POLIDEPORTIVO;93;3;6
48758;POPULAR;93;3;6
48760;VILLA DIANA;93;3;6
48761;VILLA JARDIN;93;3;6
48762;PROBLEMA DE COBRO - BAQ;65;BAQ ORIENTE;8
48762;PROBLEMA DE COBRO - BAQ;66;BAQ NORTE;8
48762;PROBLEMA DE COBRO - BAQ;67;BAQ NORTE 2;8
48762;PROBLEMA DE COBRO - BAQ;68;SOLEDAD;8
48762;PROBLEMA DE COBRO - BAQ;69;SOLEDAD 2;8
48762;PROBLEMA DE COBRO - BAQ;70;SOLEDAD 3;8
48762;PROBLEMA DE COBRO - BAQ;71;BAQ-SOLEDAD;8
48762;PROBLEMA DE COBRO - BAQ;72;BAQ SUR;8
48762;PROBLEMA DE COBRO - BAQ;73;BAQ NORTE 3;8
48762;PROBLEMA DE COBRO - BAQ;74;BAQ SUR 2;8
48763;POTRERILLOS SUBA;101;SUBA;4
48764;COMUNEROS SUBA;101;SUBA;4
48765;PUERTA DEL SOL SUBA;101;SUBA;4
48766;LAS MERCEDES SUBA;101;SUBA;4
48767;MONARCAS SUBA;101;SUBA;4
48768;LA CAÑIZA SUBA;101;SUBA;4
48769;COBRO DIGITAL;16;NORTE3   (22-25-28);3
48770;ATENAS SUBA;101;SUBA;4
48772;EL ROSAL;52;DOSQUEBRADAS;5
48773;ISABELA;93;3;6
48776;VILLA 1;93;3;6
48781;CENTRO;93;3;6
48782;EL CRUCERO;93;3;6
48783;EL CENTRO;93;3;6
48785;VILLA LUISA;93;3;6
48786;VILLA 5;93;3;6
48787;PALMERAL;93;3;6
48788;VILLA 3;93;3;6
48789;VILLA JUANITA;93;3;6
48790;EL NAZARENO;93;3;6
48792;VILLA 4;93;3;6
48793;VILLA ESPERANZA;103;VILLAMARIA;6
48794;SAN CARLOS;54;LA VIRGINIA - BELMONTE BAJO;5
48796;HORIZONTE;93;3;6
48797;BOCA CANOA;52;DOSQUEBRADAS;5
48798;LA FLORESTA;52;DOSQUEBRADAS;5
48799;COLINAS DEL BOSQUE;52;DOSQUEBRADAS;5
48800;SANTA LUCIA;103;VILLAMARIA;6
48801;EL PALMAR;93;3;6
48802;LA ALDEA;93;3;6
48803;SAN JOAQUIN (VIA SUPER 13);85;CARTAGO;5
48804;LAS ORQUIDEAS (VIA SUPER 13);85;CARTAGO;5
48805;URBANIZACION VILLA COMUNERA (VIA SUPER 13);85;CARTAGO;5
48806;EL TREBOL (VIA SUPER 13);85;CARTAGO;5
48807;LUIS CARLOS GALAN (VIA SUPER13);85;CARTAGO;5
48808;EL JARDIN (VIA SUPER 13);85;CARTAGO;5
48809;EL DANUBIO (VIA SUPER13);85;CARTAGO;5
48810;VILLA DEL CARMEN;50;RUTA CUBA;5
48811;ALVARO PATIÑO 2 (FRAILES);52;DOSQUEBRADAS;5
48812;CAMILO MEJIA (FRAILES);52;DOSQUEBRADAS;5
48813;SATURNO (FRAILES);52;DOSQUEBRADAS;5
48814;GALATEA PARQUE RESIDENCIAL;52;DOSQUEBRADAS;5
48815;FLORESTA PARQUE RESIDENCIAL;52;DOSQUEBRADAS;5
48817;VILLAS DE LA PRADERA;52;DOSQUEBRADAS;5
48824;CONJUNTO LA GIRALDA;52;DOSQUEBRADAS;5
48825;SAN CARLOS (VIA SUPER 13);85;CARTAGO;5
48827;LOS ANGELES;85;CARTAGO;5
48828;VILLA AMALIA (VIA SUPER 13);85;CARTAGO;5
48830;EL JUBILEO (VIA SUPER 13);85;CARTAGO;5
48832;JOSE GAVIRIA CALDERON (VIA SUPER 13);85;CARTAGO;5
48834;CAMBULOS (VIA SUPER 13);85;CARTAGO;5
48835;LA INDEPENDENCIA (VIA SUPER 13);85;CARTAGO;5
48836;LA PAZ (SECTOR CLINICA CONF);85;CARTAGO;5
48837;ALAMOS (SECTOR CLINICA CONF);85;CARTAGO;5
48838;VILLA JULIANA (SECTOR CLINICA CONF);85;CARTAGO;5
48839;VILLA LORENA (SECTOR CLINICA CONF);85;CARTAGO;5
48841;GUAYACANES (SECTOR CLINICA CONF);85;CARTAGO;5
48842;LOS CEREZOS;93;3;6
48846;EL PRADO (SECTOR CLINICA CONF);50;RUTA CUBA;5
48850;EL SAMAN;85;CARTAGO;5
48851;JUAN B 23;85;CARTAGO;5
48852;ROSALES;85;CARTAGO;5
48853;COOPERATIVO;85;CARTAGO;5
48854;CIUDADELA LA PAZ;85;CARTAGO;5
48855;RINCON DE LA LOMA;85;CARTAGO;5
48856;EMAUS;85;CARTAGO;5
48858;BOSQUES DE LA ACUARELA ETP 1 LOT 1;52;DOSQUEBRADAS;5
48859;BOSQUES DE LA ACUARELA ETP 1 LOT 2;52;DOSQUEBRADAS;5
48863;BOSQUES DE LA ACUARELA ETP 4;52;DOSQUEBRADAS;5
48870;LA ARBOLEDA;85;CARTAGO;5
48873;URBANIZACION LOS CHIMINANGOS;85;CARTAGO;5
48876;LAURELES;85;CARTAGO;5
48877;LA ARENERA;85;CARTAGO;5
48880;SANTA ISABEL (CARTAGO);85;CARTAGO;5
