id_barrio;barrio;latitud;longitud;ruta_cobro;nom_ruta
26225;NO APLICA;10.969451838553915;-74.80585945625725;;
26226;CEVILLAR;10.958695835418096;-74.80027496774481;BARRANQUILLA 2 - HARISON PEREZ;BAQ SUR 2
26227;LA MAGDALENA;10.943115677300309;-74.79499086782033;BARRANQUILLA 4 - HELMUTH CERVANTES;BAQ ORIENTE
26228;SAN JOSE;10.961381398708857;-74.79607018023482;BARRANQUILLA 1 - NAHIN HERNANDEZ;BAQ ORIENTE
26229;ALBORAYA;10.945958568887871;-74.79785795692703;BARRANQUILLA 2 - HARISON PEREZ;BAQ ORIENTE
26230;LA VICTORIA;10.952673114409084;-74.7995743174615;BARRANQUILLA 2 - HARISON PEREZ;BAQ SUR 2
26231;SANTA MONICA;10.990230006476372;-74.815464398834;;BAQ NORTE
26232;BUENOS AIRES;10.941536492475453;-74.8001948835275;RUTA PROVISIONAL;BAQ SUR
26233;LAS PALMAS;10.946462217281981;-74.79030570573845;BARRANQUILLA 4 - HELMUTH CERVANTES;BAQ ORIENTE
26234;SAN NICOLAS;10.93568651747922;-74.79725810670546;RUTA PROVISIONAL;BAQ ORIENTE
26235;JOSE ANTONIO GALAN;10.9366761156655;-74.79129650971176;BARRANQUILLA 4 - HELMUTH CERVANTES;BAQ ORIENTE
26236;UNIVERSAL;10.941400931454826;-74.78910481901374;BARRANQUILLA 4 - HELMUTH CERVANTES;BAQ ORIENTE
26237;LIMON;10.942523309427681;-74.78783562032555;RUTA PROVISIONAL;BAQ ORIENTE
26238;EL CAMPITO;10.94795137749908;-74.79306217235462;RUTA PROVISIONAL;BAQ ORIENTE
26239;EL CARMEN;10.964846327280325;-74.80027234878077;BARRANQUILLA 1 - NAHIN HERNANDEZ;BAQ SUR 2
26240;SAN ISIDRO;10.970050015145544;-74.79564822096984;BARRANQUILLA 1 - NAHIN HERNANDEZ;BAQ SUR 2
26241;VILLA CAROLINA;10.982953069352336;-74.81073527034324;BARRANQUILLA 1 - NAHIN HERNANDEZ;BAQ NORTE
26242;ALFONSO LOPEZ;10.967212083761664;-74.79450198249049;BARRANQUILLA 2 - HARISON PEREZ;BAQ SUR 2
26243;CHIQUINQUIRA;10.971969217045743;-74.7925914396124;BARRANQUILLA 2 - HARISON PEREZ;BAQ SUR 2
26245;LOS PINOS;10.975171539180566;-74.79948051042128;BARRANQUILLA 1 - NAHIN HERNANDEZ;BAQ SUR 2
26246;SIMON BOLIVAR;10.943533652625614;-74.7800912808844;BARRANQUILLA 4 - HELMUTH CERVANTES;SOLEDAD
26247;LUCERO;10.977473887264301;-74.79692724105858;BARRANQUILLA 1 - NAHIN HERNANDEZ;BAQ SUR 2
26248;BUENA ESPERANZA;10.96555280343697;-74.80732358745794;BARRANQUILLA 2 - HARISON PEREZ;BAQ SUR 2
26249;EL RECREO;10.979609028370225;-74.80206888907362;BARRANQUILLA 1 - NAHIN HERNANDEZ;BAQ NORTE 3
26250;LOS ANDES;10.971600653201834;-74.80403334930276;BARRANQUILLA 2 - HARISON PEREZ;BAQ SUR 2
26251;NUEVA GRANADA;10.976932761363642;-74.80466073812596;BARRANQUILLA 1 - NAHIN HERNANDEZ;BAQ SUR 2
26252;SAN FELIPE;10.971158119314426;-74.8077633326614;BARRANQUILLA 2 - HARISON PEREZ;BAQ SUR 2
26253;SANTO DOMINGO;10.976373737256289;-74.8017191916901;BARRANQUILLA 1 - NAHIN HERNANDEZ;BAQ SUR 2
26254;OLAYA;10.978719960774795;-74.80801904576516;BARRANQUILLA 1 - NAHIN HERNANDEZ;BAQ SUR 2
26256;LA LIBERTAD;10.976466621350404;-74.8144416483554;BARRANQUILLA 1 - NAHIN HERNANDEZ;BAQ NORTE 3
26257;SILENCIO;10.977523047343235;-74.81573929049723;BARRANQUILLA 1 - NAHIN HERNANDEZ;BAQ NORTE 3
26258;DELICIAS;10.980887354014744;-74.8074257004172;BARRANQUILLA 1 - NAHIN HERNANDEZ;BAQ NORTE 3
26259;BETANIA;10.986167303224432;-74.81014980452882;BARRANQUILLA 1 - NAHIN HERNANDEZ;BAQ NORTE 3
26260;LAS MERCEDES;10.982321319011369;-74.81442296522285;BARRANQUILLA 1 - NAHIN HERNANDEZ;BAQ NORTE 3
26262;LOS TRUPILLOS;10.956639020692496;-74.78437090272803;BARRANQUILLA 4 - HELMUTH CERVANTES;BAQ ORIENTE
26264;LAS COLINAS;10.97942676782994;-74.81720102160587;BARRANQUILLA 1 - NAHIN HERNANDEZ;BAQ NORTE 3
26265;CIUDAD JARDIN;10.983956219537163;-74.81510422775659;BARRANQUILLA 1 - NAHIN HERNANDEZ;BAQ NORTE 3
26266;CAMPO ALEGRE;10.98298818047078;-74.81866857600164;BARRANQUILLA 1 - NAHIN HERNANDEZ;BAQ NORTE 3
26267;LAS ESTRELLAS;10.979110432554704;-74.82553427613895;BARRANQUILLA 1 - NAHIN HERNANDEZ;BAQ NORTE 3
26269;LOS ROBLES;10.92240308408467;-74.80648224563497;RUTA PROVISIONAL;SOLEDAD 3
26271;MODELO;10.995919202101362;-74.78995757535131;BARRANQUILLA 1 - NAHIN HERNANDEZ;BAQ NORTE 2
26272;SANTA ELENA;10.948255685394331;-74.7827748065997;BARRANQUILLA 4 - HELMUTH CERVANTES;BAQ ORIENTE
26273;LA UNION;10.953341870723747;-74.79093026097472;BARRANQUILLA 2 - HARISON PEREZ;BAQ ORIENTE
26274;COSTA HERMOSA;10.940604041837418;-74.77695141486757;BARRANQUILLA 4 - HELMUTH CERVANTES;SOLEDAD
26275;LOS NOGALES;10.9861238482261;-74.81934837906336;BARRANQUILLA 1 - NAHIN HERNANDEZ;BAQ NORTE 3
26276;EL SANTUARIO;10.946282176505202;-74.80277772084214;RUTA PROVISIONAL;BAQ SUR 2
26278;BARRIO ABAJO;10.990413965794929;-74.78801157993058;BARRANQUILLA 1 - NAHIN HERNANDEZ;BAQ NORTE 2
26279;MONTES;10.964740557037477;-74.78989968512764;BARRANQUILLA 2 - HARISON PEREZ;BAQ ORIENTE
26280;VILLA COUNTRY;;;BARRANQUILLA 1 - NAHIN HERNANDEZ;BAQ NORTE
26281;MONTECRISTO;10.993069316894507;-74.78949817174805;BARRANQUILLA 1 - NAHIN HERNANDEZ;BAQ NORTE 2
26282;SANTA ANA;10.998693958306541;-74.79218343663308;BARRANQUILLA 1 - NAHIN HERNANDEZ;BAQ NORTE 2
26283;SAN FRANCISCO;11.002225090715008;-74.7943352197334;BARRANQUILLA 1 - NAHIN HERNANDEZ;BAQ NORTE 2
26284;BELLAVISTA;11.001602703609683;-74.79478270209285;BARRANQUILLA 1 - NAHIN HERNANDEZ;BAQ NORTE 2
26285;LA CONCEPCION;10.993739476237309;-74.79924139891813;BARRANQUILLA 1 - NAHIN HERNANDEZ;BAQ NORTE
26286;EL PRADO;10.984097273527553;-74.80379065010517;BARRANQUILLA 1 - NAHIN HERNANDEZ;BAQ NORTE 2
26289;ALTOS DEL PRADO;10.98965879909612;-74.80723344564672;BARRANQUILLA 1 - NAHIN HERNANDEZ;BAQ NORTE 2
26290;EL GOLF;6.210975862710833;-75.60306377317929;;BAQ NORTE
26291;PARAISO;10.995486926156316;-74.80620525670079;BARRANQUILLA 1 - NAHIN HERNANDEZ;BAQ NORTE
26292;EL CASTILLO;10.987695183764087;-74.80377135125165;BARRANQUILLA 1 - NAHIN HERNANDEZ;BAQ NORTE
26293;SAN SALVADOR;10.999885590088638;-74.80440413055038;BARRANQUILLA 1 - NAHIN HERNANDEZ;BAQ NORTE
26294;LAS TRES AVEMARIA;10.96598567261522;-74.7943452764206;BARRANQUILLA 1 - NAHIN HERNANDEZ;BAQ NORTE
26295;LA FLORESTA;10.99913561914079;-74.80639183888455;BARRANQUILLA 1 - NAHIN HERNANDEZ;BAQ NORTE
26296;EL LIMONCITO;10.985319737206103;-74.80751148654744;BARRANQUILLA 1 - NAHIN HERNANDEZ;BAQ NORTE
26297;CIUDADELA 20 DE JULIO;10.931348175856549;-74.80335481345169;RUTA PROVISIONAL;BAQ SUR
26298;BOSTON;10.980085329824078;-74.80151694167941;BARRANQUILLA 1 - NAHIN HERNANDEZ;BAQ NORTE 2
26299;CONIDEC;10.929816601275395;-74.8052497683889;RUTA PROVISIONAL;BAQ SUR
26300;LOS GIRASOLES;10.927665294473345;-74.8044573176476;RUTA PROVISIONAL;BAQ SUR
26301;LAS GAVIOTAS;10.92662078871601;-74.79524430822381;RUTA PROVISIONAL;BAQ-SOLEDAD
26302;LOS BALCANES;10.9272613;-74.7968022;;BAQ-SOLEDAD
26303;EL PARQUE;10.933218207008082;-74.78803732754717;BARRANQUILLA 4 - HELMUTH CERVANTES;BAQ-SOLEDAD
26304;ATLANTICO;10.975410305662475;-74.81163392842144;BARRANQUILLA 2 - HARISON PEREZ;BAQ SUR 2
26305;LAS NIEVES;10.950709505918196;-74.78228829579729;BARRANQUILLA 4 - HELMUTH CERVANTES;BAQ ORIENTE
26306;VILLA CEVERA;10.934414189952392;-74.79224456948178;BARRANQUILLA 4 - HELMUTH CERVANTES;BAQ-SOLEDAD
26307;LOS LAURELES;10.933618077011184;-74.79420401677471;BARRANQUILLA 4 - HELMUTH CERVANTES;BAQ-SOLEDAD
26308;VILLA CECILIA;10.9316204854354;-74.79320252421039;BARRANQUILLA 4 - HELMUTH CERVANTES;BAQ-SOLEDAD
26309;VISTA HERMOSA;10.94221899268526;-74.77928296281951;BARRANQUILLA 4 - HELMUTH CERVANTES;SOLEDAD
26310;EL RIO;10.933695892731192;-74.77558448992727;BARRANQUILLA 4 - HELMUTH CERVANTES;SOLEDAD
26311;HIPODROMO;10.931611364022068;-74.77324900828202;BARRANQUILLA 4 - HELMUTH CERVANTES;SOLEDAD
26312;SANTA INES;10.936241731886632;-74.77611985731697;BARRANQUILLA 4 - HELMUTH CERVANTES;SOLEDAD
26313;SALAMANCA;10.934531038177584;-74.77468984801278;BARRANQUILLA 4 - HELMUTH CERVANTES;SOLEDAD
26314;MARGARITAS;10.936229760430516;-74.77467233588457;BARRANQUILLA 4 - HELMUTH CERVANTES;SOLEDAD
26315;VILLA SALAMAR;10.934531410861105;-74.7732490658781;BARRANQUILLA 4 - HELMUTH CERVANTES;SOLEDAD
26316;CENTENARIO;10.931483276870965;-74.77198341288123;BARRANQUILLA 4 - HELMUTH CERVANTES;SOLEDAD
26317;TRIUNFO;10.936943153058172;-74.77518828187277;BARRANQUILLA 4 - HELMUTH CERVANTES;SOLEDAD
26318;VILLA MUVDI;10.928618965071632;-74.78632511122953;BARRANQUILLA 4 - HELMUTH CERVANTES;SOLEDAD 2
26319;VILLA KATANGA;10.922794121715716;-74.79181325782297;BARRANQUILLA 4 - HELMUTH CERVANTES;SOLEDAD 2
26320;LAS MORAS;10.921796923822093;-74.7962732048893;BARRANQUILLA 4 - HELMUTH CERVANTES;SOLEDAD 2
26321;ARBOLEDA;10.930675971361735;-74.78259479684196;BARRANQUILLA 4 - HELMUTH CERVANTES;SOLEDAD 2
26322;TRINITARIA;10.923769929488834;-74.79408009341964;BARRANQUILLA 4 - HELMUTH CERVANTES;SOLEDAD 2
46097;VILLA LAS MORAS;10.921830099199342;-74.79569304713547;BARRANQUILLA 3 - YESID JIMENEZ;SOLEDAD 2
46098;VILLA ESTADIO;10.919077366337385;-74.80048118859003;RUTA PROVISIONAL;SOLEDAD 3
46099;TERRANOVA;10.921585018546455;-74.80064784991674;BARRANQUILLA 3 - YESID JIMENEZ;SOLEDAD 2
46100;MORA OCCIDENTE;10.920078007673657;-74.80464770296629;BARRANQUILLA 3 - YESID JIMENEZ;SOLEDAD 2
46101;BELLA MURILLO;10.92000901577126;-74.79614844750161;BARRANQUILLA 4 - HELMUTH CERVANTES;SOLEDAD 2
46103;CEDROS;10.92098781037739;-74.80370034790587;RUTA PROVISIONAL;SOLEDAD 3
46104;MORA 4TA ETAPA;10.920855035397524;-74.80120032613188;BARRANQUILLA 3 - YESID JIMENEZ;SOLEDAD 3
46105;VILLA ESTADIO 2;10.924560853203317;-74.80182858796479;BARRANQUILLA 3 - YESID JIMENEZ;SOLEDAD 3
46106;ROBLES 5;10.916983678296358;-74.81170765265664;BARRANQUILLA 3 - YESID JIMENEZ;SOLEDAD 3
46107;ALMENDRO;10.925203295492325;-74.8094185528559;RUTA PROVISIONAL;SOLEDAD 3
46109;CEREZOS;10.953201788253278;-74.79650226235263;BARRANQUILLA 4 - HELMUTH CERVANTES;SOLEDAD 3
46110;ALTOS LOS ROBLES;10.920395639448218;-74.81030720226501;BARRANQUILLA 3 - YESID JIMENEZ;SOLEDAD 3
46113;RESERVA LOS ROBLES;10.933638465320962;-74.79177002169139;BARRANQUILLA 4 - HELMUTH CERVANTES;SOLEDAD 3
46116;GALAN;10.938541208695517;-74.79030909673219;RUTA PROVISIONAL;BAQ ORIENTE
46117;EL MILAGRO;10.960528253809677;-74.79655491180262;BARRANQUILLA 4 - HELMUTH CERVANTES;BAQ-SOLEDAD
46118;BELLA ARENA;10.932439441947004;-74.79816672300053;BARRANQUILLA 4 - HELMUTH CERVANTES;BAQ-SOLEDAD
46120;TAIRONA;10.94464165990386;-74.78727688604462;RUTA PROVISIONAL;BAQ ORIENTE
46124;PUMAREJO;10.966123942623108;-74.80475143354663;BARRANQUILLA 2 - HARISON PEREZ;BAQ SUR 2
46164;EMPLEADOS BAQ;7.210837165962635;-73.22769363260791;BARRANQUILLA OFICINA;BAQ SUR 2
46647;SOLEDAD;10.931097183167418;-74.8017640792187;MUNICIPIOS SIN COBERTURA;
48609;ESTRATEGIA BAQ;10.963307779617953;-74.79959474280795;;
12703;SANTA CATALINA;4.649759166467262;-74.13941520534529;BOGOTA 5 - ELICENIA CASTRO;KENNEDY NORTE
12704;KENNEDY CENTRAL;4.621039799730404;-74.15163957970613;BOGOTA 5 - ELICENIA CASTRO;KENNEDY SUR
12706;VILLA ALSACIA;4.643085040796449;-74.13807595232667;BOGOTA 5 - ELICENIA CASTRO;KENNEDY NORTE
12707;CASTILLA;4.639574007285293;-74.14402537551717;BOGOTA 5 - ELICENIA CASTRO;KENNEDY NORTE
12714;PIO XII KENNEDY;4.635903685890246;-74.15023896586348;BOGOTA 5 - ELICENIA CASTRO;KENNEDY NORTE
12715;VALLADOLID KENNEDY;4.644905972760298;-74.14727445171536;BOGOTA 5 - ELICENIA CASTRO;KENNEDY NORTE
12717;PATIO BONITO KENNEDY;4.63950266526954;-74.16296250405715;BOGOTA 6 - JAIDEN ALFONSO;BOSA NORTE
12720;PRIMAVERA KENNEDY;4.644956834036973;-74.165697213103;BOGOTA 6 - JAIDEN ALFONSO;P. ARANDA - ANTONIO NARIÑO
12721;MANDALAY KENNEDY;4.625899050322711;-74.1433246095617;BOGOTA 5 - ELICENIA CASTRO;KENNEDY SUR
12723;FONTIBON;4.669638204381949;-74.14455450259112;BOGOTA 11- FONTIBÓN;FONTIBON
12725;MARSELLA;4.633014581407885;-74.13088190305228;BOGOTA 5 - ELICENIA CASTRO;P. ARANDA - ANTONIO NARIÑO
12726;AMERICAS OCCIDENTAL KENNEDY;4.623902491827339;-74.14157097403903;BOGOTA 5 - ELICENIA CASTRO;KENNEDY SUR
12728;ROMA KENNEDY;4.609296486869523;-74.1737783426933;BOGOTA 4 NICK PEREZ;KENNEDY SUR
12729;VENECIA TUNJUELITO;4.592098166141086;-74.14189155390594;BOGOTA 9 - GERARDO TEATINO;TUNJUELITO - R. URIBE U.
12730;20 DE JULIO;4.578796528822135;-74.10701510417037;BOGOTA 3 - BRAYAN VILLARRAGA;Z FDC SUR
12731;CENTRO;4.613813431385298;-74.1699318713393;;TRANSPORTADORA 1
12736;PERDOMO CIUDAD BOLIVAR;4.587833710332125;-74.16550057003923;BOGOTA 3 - BRAYAN VILLARRAGA;KENNEDY SUR
12738;AMERICAS CENTRAL;4.621818803802876;-74.13699395618507;BOGOTA 1 - HECTOR BONILLA;P. ARANDA - ANTONIO NARIÑO
12739;PALENQUE KENNEDY;4.613509651015828;-74.15930779357204;BOGOTA 4 NICK PEREZ;KENNEDY SUR
12741;EL CORTIJO ENGATIVA;4.692261097869992;-74.12630630547078;BOGOTA 8 - LUIS RANGEL;ENGATIVA ORIENTAL
12742;ATALAYAS BOSA;4.633436091685241;-74.19616701449179;BOGOTA 10 - DAYANA PATIÑO;BOSA SUR
12743;LA SOLEDAD NORTE ENGATIVA;4.698539077978739;-74.10305893083068;BOGOTA 8 - JOSE LOPEZ;ENGATIVA ORIENTAL
12744;COUNTRY SUR;4.57931829038671;-74.10779663309245;BOGOTA 3 - BRAYAN VILLARRAGA;TUNJUELITO - R. URIBE U.
12748;EL MOTORISTA BOSA;4.597955088105612;-74.17504920395461;BOGOTA 7-SERGIO MATEUS;BOSA SUR
12752;HAYUELOS FONT;4.662631679353502;-74.13364247639767;BOGOTA 11- FONTIBÓN;FONTIBON
12754;SANTA ISABEL;4.599674204776563;-74.1075686221197;BOGOTA 1 - HECTOR BONILLA;P. ARANDA - ANTONIO NARIÑO
12756;ABRAHAM LINCOLN KENNEDY;4.616576911637155;-74.16091091905804;BOGOTA 2 - OSCAR VILLALOBOS;KENNEDY SUR
12758;GALERIAS;4.636182099589988;-74.07628484984274;FUERA DE COBERTURA NORTE;Z FDC NORTE
12759;CATALINA KENNEDY;4.611758228357232;-74.16848392021605;BOGOTA 4 NICK PEREZ;KENNEDY SUR
12760;VILLAS DE GRANADA ENGATIVA;4.714752121925005;-74.1237786233308;BOGOTA 8 - JOSE LOPEZ;ENGATIVA OCCIDENTAL
12762;PERIODISTAS KENNEDY;4.617077799272905;-74.15840578117668;BOGOTA 2 - OSCAR VILLALOBOS;KENNEDY SUR
12763;CARBONELL;4.602882084330701;-74.19528393148533;BOGOTA 7-SERGIO MATEUS;BOSA SUR
12764;CASA BLANCA;4.616178024746824;-74.16961063463275;BOGOTA 4 NICK PEREZ;KENNEDY SUR
12767;KENNEDDY GRAN COLOMBIANO;4.618248195749658;-74.16188825690567;BOGOTA 2 - OSCAR VILLALOBOS;KENNEDY SUR
12768;EL RINCON SUBA;4.723684882972869;-74.09347654284097;BOGOTA 12 SUBA LUIS RANGEL;SUBA
12769;TIMIZA KENNEDY;4.612974975442075;-74.15519474951039;BOGOTA 2 - OSCAR VILLALOBOS;KENNEDY SUR
12770;VILLA DEL ROSARIO;4.596639716417194;-74.12153288035482;BOGOTA 1 - HECTOR BONILLA;P. ARANDA - ANTONIO NARIÑO
12771;LAGO TIMIZA;4.608510755810158;-74.15900011511454;BOGOTA 2 - OSCAR VILLALOBOS;KENNEDY SUR
12772;AURES SUBA;4.732251762471628;-74.09464513407315;BOGOTA 12 SUBA LUIS RANGEL;SUBA
12773;LA FLORIDA ENGATIVA;4.6939150901356355;-74.11233269340144;BOGOTA 8 - JOSE LOPEZ;ENGATIVA OCCIDENTAL
12774;BOITA KENNEDY;4.603515121139596;-74.1526330825821;BOGOTA 2 - OSCAR VILLALOBOS;KENNEDY SUR
12775;ESTADOS UNIDOS KENNEDY;4.620718984629716;-74.16121500601955;BOGOTA 2 - OSCAR VILLALOBOS;KENNEDY SUR
12776;CAPELLANIA FONT;4.667810725386485;-74.13426899501658;BOGOTA 11- FONTIBÓN;FONTIBON
12777;VILLAMAR FONT;4.671100873714325;-74.14210276406645;BOGOTA 11- FONTIBÓN;FONTIBON
12778;NUEVA DELICIAS;4.600000076029051;-74.14730877354584;BOGOTA 9 - GERARDO TEATINO;KENNEDY SUR
12779;LA ESTACION;4.600569614174773;-74.18060262905196;BOGOTA 7-SERGIO MATEUS;BOSA SUR
12780;SAN ANDRES KENNEDY;4.600591306228414;-74.14381838225134;BOGOTA 2 - OSCAR VILLALOBOS;TUNJUELITO - R. URIBE U.
12781;DELICIAS KENNEDY;4.59919460921456;-74.145124996497;BOGOTA 9 - GERARDO TEATINO;TUNJUELITO - R. URIBE U.
12783;ALAMOS NORTE ENGATIVA;4.702963282782496;-74.11727174583426;BOGOTA 8 - JOSE LOPEZ;ENGATIVA OCCIDENTAL
12784;MORABIA;4.605605652336709;-74.15251486736173;BOGOTA 2 - OSCAR VILLALOBOS;KENNEDY SUR
12785;CHAPINERO;4.654175747928173;-74.10218993676125;FUERA DE COBERTURA NORTE;Z FDC NORTE
12786;LA CHUCUA KENNEDY;4.604904329933614;-74.14610461824849;BOGOTA 2 - OSCAR VILLALOBOS;KENNEDY SUR
12787;LA PAZ BOSA;4.616449188172885;-74.18700365625784;BOGOTA 7-SERGIO MATEUS;BOSA SUR
12788;URAPANES;4.605136193691326;-74.14755923389725;BOGOTA 2 - OSCAR VILLALOBOS;KENNEDY SUR
12789;LAS FERIAS ENGATIVA;4.685053488448645;-74.08680408070822;BOGOTA 8 - LUIS RANGEL;ENGATIVA ORIENTAL
12790;GALICIA CIUDAD BOLIVAR;4.589028480541463;-74.17235581582034;BOGOTA 3 - BRAYAN VILLARRAGA;KENNEDY SUR
12791;ARBORIZADORA ALTA;4.607742593085778;-74.13979868312455;FUERA DE COBERTURA SUR;TRANSPORTADORA 1
12795;SOACHA SAN MATEO;4.5966138770939775;-74.18224819205457;BOGOTA SOACHA- RUBEN AVILA;Z FDC SOACHA
12796;KENNEDY ARGELIA;4.60812713520253;-74.14361018138428;BOGOTA 2 - OSCAR VILLALOBOS;KENNEDY SUR
12797;CARIMAGUA KENNEDY;4.610391968792306;-74.14597370634758;BOGOTA 2 - OSCAR VILLALOBOS;KENNEDY SUR
12798;BOMBAY;4.606426885958234;-74.1445272381744;BOGOTA 2 - OSCAR VILLALOBOS;KENNEDY SUR
12799;NUEVA YORK KENNEDY;4.605650641884076;-74.14258928131676;BOGOTA 2 - OSCAR VILLALOBOS;P. ARANDA - ANTONIO NARIÑO
12801;TALAVERA;4.603258161764252;-74.1394677090321;BOGOTA 9 - GERARDO TEATINO;TUNJUELITO - R. URIBE U.
12802;FLORALIA KENNEDY;4.608141872806143;-74.13656993510877;BOGOTA 9 - GERARDO TEATINO;P. ARANDA - ANTONIO NARIÑO
12803;LAS LUCES KENNEDY;4.6086511621396635;-74.16934819204668;BOGOTA 4 NICK PEREZ;KENNEDY SUR
12804;ALQUERIA LA FRAGUA PUENTE ARANDA;4.604479890764521;-74.13722857459028;BOGOTA 9 - GERARDO TEATINO;P. ARANDA - ANTONIO NARIÑO
12805;CARVAJAL;4.613712965134764;-74.14508256176157;BOGOTA 9 - GERARDO TEATINO;KENNEDY SUR
12810;BELLO HORIZONTE;4.616804354901346;-74.1594725467455;FUERA DE COBERTURA SUR;TRANSPORTADORA 1
12811;BOSA CENTRO;4.605058958109257;-74.18384940974012;BOGOTA 7-SERGIO MATEUS;BOSA SUR
12812;SANTA FE BOSA;4.636368568455312;-74.19361089385659;BOGOTA 10 - DAYANA PATIÑO;BOSA SUR
12815;FATIMA TUNJIELITO;4.586568745056759;-74.13938528410934;BOGOTA 9 - GERARDO TEATINO;TUNJUELITO - R. URIBE U.
12816;VILLA ANDREA;4.621533316684944;-74.17607603252304;BOGOTA 4 NICK PEREZ;BOSA SUR
12817;SAN RAFAEL PUENTE ARANDA;4.62158804354461;-74.11310255418395;BOGOTA 1 - HECTOR BONILLA;P. ARANDA - ANTONIO NARIÑO
12819;FLORESTA SUR KENNEDY;4.618893796801033;-74.12882049921285;BOGOTA 1 - HECTOR BONILLA;P. ARANDA - ANTONIO NARIÑO
12820;VILLA CLAUDIA KENNEDY;4.613504519815445;-74.12972836089374;BOGOTA 1 - HECTOR BONILLA;P. ARANDA - ANTONIO NARIÑO
12821;LA LLANURA;4.615380023154122;-74.13184104995396;BOGOTA 1 - HECTOR BONILLA;P. ARANDA - ANTONIO NARIÑO
12822;FLORIDA BOSA;4.620090823978255;-74.18578861670971;BOGOTA 6 - JAIDEN ALFONSO;BOSA SUR
12824;VILLA EMILIA;4.625000216142959;-74.16585612989925;;KENNEDY SUR
12825;BELLAVISTA KENNEDY;4.641654370857937;-74.17031443196346;BOGOTA 6 - JAIDEN ALFONSO;BOSA NORTE
12826;SAN JOAQUIN ENGATIVA;4.678818420093465;-74.09895007782235;BOGOTA 8 - LUIS RANGEL;ENGATIVA ORIENTAL
12827;NORMANDIA ENGATIVA;4.672749249762454;-74.10913396295125;BOGOTA 8 - LUIS RANGEL;ENGATIVA ORIENTAL
12828;CLARET TUNJUELITO;4.581801322616603;-74.12869303901138;BOGOTA 9 - GERARDO TEATINO;TUNJUELITO - R. URIBE U.
12829;COMPARTIR SUBA;4.744669681443304;-74.10264337452323;BOGOTA 12 SUBA LUIS RANGEL;Z FDC NORTE
12832;BRITALIA;4.622103757676266;-74.17175121054967;BOGOTA 10 - DAYANA PATIÑO;BOSA SUR
12833;SAN VICENTE FERRER TUNJUELITO;4.581015389968976;-74.13852577298618;BOGOTA 3 - BRAYAN VILLARRAGA;TUNJUELITO - R. URIBE U.
12837;AYACUCHO;4.629112443181314;-74.1515351243623;BOGOTA 5 - ELICENIA CASTRO;KENNEDY SUR
12840;SUPER 7;4.6246935514646745;-74.15021229225081;BOGOTA 5 - ELICENIA CASTRO;KENNEDY SUR
12841;KENNEDY LA IGUALDAD;4.621690241637588;-74.12812087581747;BOGOTA 1 - HECTOR BONILLA;P. ARANDA - ANTONIO NARIÑO
12842;PALESTINA;4.611245883106895;-74.19177739487253;BOGOTA 7-SERGIO MATEUS;BOSA SUR
12844;LAURELES;4.608585701199043;-74.19746722137458;BOGOTA 7-SERGIO MATEUS;BOSA SUR
12845;FRANCISCO JOSE CALDAS;4.62896185827061;-74.15525535800225;BOGOTA 5 - ELICENIA CASTRO;KENNEDY SUR
12846;CALIFORNIA SUP3;4.619576719953372;-74.14732091293821;BOGOTA 2 - OSCAR VILLALOBOS;KENNEDY SUR
12847;HOGARES COLOMBIANOS;4.6250453719671;-74.15369209031239;BOGOTA 2 - OSCAR VILLALOBOS;KENNEDY SUR
12852;CIUDAD ALSACIA ENGATIVA;4.640772260274848;-74.13653836951586;BOGOTA 5 - ELICENIA CASTRO;ENGATIVA OCCIDENTAL
12853;TIERRA BUENA;4.646731419744023;-74.16922312444919;BOGOTA 6 - JAIDEN ALFONSO;BOSA NORTE
12857;HIPOTECHO;4.620010172875657;-74.1324610754665;BOGOTA 1 - HECTOR BONILLA;P. ARANDA - ANTONIO NARIÑO
12858;NUEVA MARSELLA KENNEDY;4.625388597444553;-74.13069191216954;BOGOTA 1 - HECTOR BONILLA;P. ARANDA - ANTONIO NARIÑO
12860;TRINIDAD GALAN PUENTE ARANDA;4.62054570404165;-74.11985343594314;BOGOTA 1 - HECTOR BONILLA;P. ARANDA - ANTONIO NARIÑO
12861;CENTRO AMÉRICAS;4.623639411747322;-74.13213552148282;BOGOTA 1 - HECTOR BONILLA;ENGATIVA OCCIDENTAL
12862;NARANJOS BOSA;4.605759631498379;-74.1935902825044;BOGOTA 7-SERGIO MATEUS;BOSA SUR
12863;VILLA NUEVA KENNEDY;4.603165489340415;-74.14120853566577;BOGOTA 9 - GERARDO TEATINO;P. ARANDA - ANTONIO NARIÑO
12865;BRITALIA NORTE SUBA;4.749610024241786;-74.05822550851165;BOGOTA 12 SUBA LUIS RANGEL;Z FDC NORTE
12866;EL CARMELO;4.619734515803585;-74.17465319089625;BOGOTA 4 NICK PEREZ;BOSA SUR
12867;VILLA LA TORRE;4.623641619751207;-74.16826832608146;BOGOTA 10 - DAYANA PATIÑO;KENNEDY SUR
12868;VILLA DE KENNEDY;4.620029592419776;-74.17766788565574;BOGOTA 10 - DAYANA PATIÑO;BOSA SUR
12869;VILLA ANITA;4.616416145433777;-74.17462363945174;BOGOTA 4 NICK PEREZ;BOSA SUR
12870;JACKELINE KENNEDY;4.61048005533638;-74.16463371270866;BOGOTA 4 NICK PEREZ;KENNEDY SUR
12872;ALTAMAR;4.635573251830488;-74.17147651904216;BOGOTA 6 - JAIDEN ALFONSO;BOSA NORTE
12873;CIUDAD DE CALI KENNEDY;4.6358470086595815;-74.16984054175047;BOGOTA 6 - JAIDEN ALFONSO;BOSA NORTE
12874;VILLA CLEMENCIA;4.620039913666326;-74.18419124571776;BOGOTA 7-SERGIO MATEUS;BOSA SUR
12875;TINTALITO KENNEDY;4.633523905191244;-74.17159163631125;BOGOTA 6 - JAIDEN ALFONSO;BOSA NORTE
12876;VILLA HERMOSA;4.635623950474735;-74.16890115450045;BOGOTA 6 - JAIDEN ALFONSO;BOSA NORTE
12877;LAS BRISAS;4.641376838144123;-74.17373493075083;BOGOTA 6 - JAIDEN ALFONSO;BOSA NORTE
12878;RIVERAS DE OCCIDENTE KENNEDY;4.643656581432119;-74.16794223326414;BOGOTA 6 - JAIDEN ALFONSO;BOSA NORTE
12879;ZARZAMORA;4.619430509770045;-74.17718342832369;BOGOTA 4 NICK PEREZ;BOSA SUR
12880;ANDALUCIA;4.652798838834078;-74.13864424263875;BOGOTA 5 - ELICENIA CASTRO;KENNEDY NORTE
12881;VEGAS SANTA ANA;4.617016442300711;-74.17934449536232;BOGOTA 4 NICK PEREZ;BOSA SUR
12882;LA ESPERANZA BOSA;4.608602107431519;-74.20103851308197;BOGOTA 7-SERGIO MATEUS;BOSA SUR
12883;S M DE PORRES;4.612856646068276;-74.16432861703606;APOYO CALL CENTER 03 MAYO 2024;KENNEDY SUR
12884;EL SOCORRO;4.608735661524675;-74.16669589854015;BOGOTA 4 NICK PEREZ;KENNEDY SUR
12885;VILLA RICA;4.607602235935409;-74.16708265192818;BOGOTA 4 NICK PEREZ;KENNEDY SUR
12886;NUEVA TIMIZA;4.612415664861076;-74.16242255246304;BOGOTA 2 - OSCAR VILLALOBOS;KENNEDY SUR
12887;ONASIS;4.613773489076591;-74.16328473900461;BOGOTA 4 NICK PEREZ;KENNEDY SUR
12889;VILLA NELLY;4.6233833353954275;-74.16733493636161;BOGOTA 10 - DAYANA PATIÑO;KENNEDY SUR
12890;LA  MARIA;4.6179841445295;-74.11121328832866;APOYO CALL CENTER 03 MAYO 2024;TRANSPORTADORA 1
12891;SANTA RITA;4.600800558778402;-74.12400908050613;BOGOTA 1 - HECTOR BONILLA;P. ARANDA - ANTONIO NARIÑO
12893;AZUCENA BOSA;4.59955479464384;-74.18469630559335;BOGOTA 7-SERGIO MATEUS;BOSA SUR
12897;CAMILO TORRES;4.616884507858674;-74.15015568099471;BOGOTA 2 - OSCAR VILLALOBOS;KENNEDY SUR
12898;VISION COLOMBIA;4.651098229719857;-74.13474761012979;BOGOTA 5 - ELICENIA CASTRO;KENNEDY NORTE
12901;LA GUACA;4.599982482897212;-74.12159797655876;BOGOTA 1 - HECTOR BONILLA;P. ARANDA - ANTONIO NARIÑO
12902;ALCALA PUENTE ARANDA;4.603432866578003;-74.12687443973022;BOGOTA 1 - HECTOR BONILLA;P. ARANDA - ANTONIO NARIÑO
12903;EL TEJAR PUENTE ARANDA;4.608132910821214;-74.12608553204133;BOGOTA 1 - HECTOR BONILLA;P. ARANDA - ANTONIO NARIÑO
12904;TORREMOLINOS PUENTE ARANDA;4.60984845885277;-74.12324666555946;BOGOTA 1 - HECTOR BONILLA;P. ARANDA - ANTONIO NARIÑO
12905;MILENTA PUENTE ARANDA;4.6137505741873195;-74.12587814380593;BOGOTA 1 - HECTOR BONILLA;P. ARANDA - ANTONIO NARIÑO
12906;LA FRAGUA;4.595006071408279;-74.10973090941201;BOGOTA 1 - HECTOR BONILLA;P. ARANDA - ANTONIO NARIÑO
12907;BARRANQUILLITA KENNEDY;4.63438866686963;-74.16676837465889;BOGOTA 6 - JAIDEN ALFONSO;BOSA NORTE
12909;LUCERNA;4.613972160706975;-74.14589875759623;BOGOTA 2 - OSCAR VILLALOBOS;KENNEDY SUR
12910;VILLA DEL RIO BOSA;4.600632707193244;-74.1585245356414;BOGOTA 9 - GERARDO TEATINO;KENNEDY SUR
12911;OLARTE BOSA;4.601389380412314;-74.16405025267966;BOGOTA 2 - OSCAR VILLALOBOS;KENNEDY SUR
12912;VILLA DE LOS SAUCES KENNEDY;4.606617921497446;-74.17483442893239;BOGOTA 4 NICK PEREZ;KENNEDY SUR
12913;JOSE ANTONIO GALAN;4.606609698184455;-74.17895900825816;BOGOTA 7-SERGIO MATEUS;BOSA SUR
12915;TAIRONA;4.6412601268197085;-74.16007924437007;BOGOTA 6 - JAIDEN ALFONSO;BOSA NORTE
12916;VILLA LILIANA;4.636537637868199;-74.16842066790007;EMPLEADOS BOGOTA;TRANSPORTADORA 1
12917;ALMENDROS;4.644514147682093;-74.17574866877204;BOGOTA 6 - JAIDEN ALFONSO;BOSA NORTE
12919;LAS CAMELIAS PUENTE ARANDA;4.615049348880048;-74.1210752639869;BOGOTA 1 - HECTOR BONILLA;P. ARANDA - ANTONIO NARIÑO
12920;EL AMPARO KENNEDY;4.626024850674017;-74.16669064478874;BOGOTA 10 - DAYANA PATIÑO;KENNEDY SUR
12921;EL JAZMIN PUENTE ARANDA;4.61186358504616;-74.11444274810228;BOGOTA 1 - HECTOR BONILLA;P. ARANDA - ANTONIO NARIÑO
12922;LA PONDEROSA PUENTE ARANDA;4.610302599573175;-74.12051996785594;BOGOTA 1 - HECTOR BONILLA;P. ARANDA - ANTONIO NARIÑO
12923;LAS MARGARITAS;4.626612844747836;-74.19587514593204;BOGOTA 7-SERGIO MATEUS;BOSA SUR
12924;ACIP KENNEDY;4.611130564460192;-74.17002577207886;BOGOTA 4 NICK PEREZ;KENNEDY SUR
12925;EL RUBI;4.609756083476173;-74.1750366236781;BOGOTA 4 NICK PEREZ;KENNEDY SUR
12926;CLASS KENNEDY;4.614700597641184;-74.17789747505576;BOGOTA 4 NICK PEREZ;BOSA SUR
12929;MARIA PAZ;4.636137902667704;-74.16001796354956;BOGOTA 10 - DAYANA PATIÑO;BOSA NORTE
12930;SUPER 2;4.621124277457075;-74.14530572171037;BOGOTA 5 - ELICENIA CASTRO;KENNEDY SUR
12931;CASA B MIRAFLORES;4.615058646066044;-74.16757156442263;BOGOTA 4 NICK PEREZ;KENNEDY SUR
12933;ALMENAR;4.621426412594235;-74.16900604027173;BOGOTA 4 NICK PEREZ;BOSA SUR
12934;LA GIRALDILLA;4.615163014084156;-74.16627455927944;BOGOTA 4 NICK PEREZ;KENNEDY SUR
12936;NUEVO CHILE BOSA;4.602736608818676;-74.16663527422963;BOGOTA 2 - OSCAR VILLALOBOS;KENNEDY SUR
12937;TINTAL KENNEDY;4.648870202808597;-74.1588300765625;BOGOTA 5 - ELICENIA CASTRO;KENNEDY NORTE
12941;MODELIA FONTIBON;4.6634911722781744;-74.12674406789164;BOGOTA 11- FONTIBÓN;FONTIBON
12942;CHICALA BOSA;4.625799328872363;-74.18132535076128;BOGOTA 6 - JAIDEN ALFONSO;BOSA SUR
12943;BRASILIA BOSA;4.628953578441142;-74.18091206193836;BOGOTA 10 - DAYANA PATIÑO;BOSA SUR
12944;BETANIA;4.626938118130265;-74.17898630698582;BOGOTA 6 - JAIDEN ALFONSO;BOSA SUR
12945;ALAMEDAS DE SAN JOSE;4.6304644064127825;-74.1776479508239;BOGOTA 6 - JAIDEN ALFONSO;BOSA SUR
12946;TOCAREMA;4.642986983827705;-74.16101799624451;BOGOTA 6 - JAIDEN ALFONSO;BOSA NORTE
12947;MUZU PUENTE ARANDA;4.598122400619569;-74.13086710453683;BOGOTA 1 - HECTOR BONILLA;P. ARANDA - ANTONIO NARIÑO
12948;NUEVO MUZU TUNJUELITO;4.587950309771032;-74.14781776403451;BOGOTA 9 - GERARDO TEATINO;TUNJUELITO - R. URIBE U.
12949;CIUDAD MONTES PUENTE ARANDA;4.60257899080886;-74.11510638960202;BOGOTA 1 - HECTOR BONILLA;P. ARANDA - ANTONIO NARIÑO
12950;VILLA SONIA;4.59776318256902;-74.1278896053427;BOGOTA 1 - HECTOR BONILLA;P. ARANDA - ANTONIO NARIÑO
12951;VILLA MAYOR RAFEL URIBE URIBE;4.5899822312773;-74.12287659457185;BOGOTA 3 - BRAYAN VILLARRAGA;P. ARANDA - ANTONIO NARIÑO
12952;TEQUENDAMA KENNEDY;4.621364696983755;-74.15740192380485;BOGOTA 2 - OSCAR VILLALOBOS;KENNEDY SUR
12953;NUEVO KENNEDY;4.617863196529519;-74.15551427873798;BOGOTA 2 - OSCAR VILLALOBOS;KENNEDY SUR
12954;PASTRANITA KENNEDY;4.618494186635658;-74.17191085864903;BOGOTA 4 NICK PEREZ;BOSA SUR
12955;COLON;4.619562799683609;-74.11792027554452;BOGOTA 1 - HECTOR BONILLA;P. ARANDA - ANTONIO NARIÑO
12956;SAN GABRIEL;4.621626963527385;-74.11897200439518;BOGOTA 1 - HECTOR BONILLA;P. ARANDA - ANTONIO NARIÑO
12957;LA PRADERA PUENTE ARANDA;4.622105270686935;-74.12145000198213;BOGOTA 1 - HECTOR BONILLA;P. ARANDA - ANTONIO NARIÑO
12958;RINCON DE VENECIA TUNJUELITO;4.589808412163071;-74.14793372809204;BOGOTA 9 - GERARDO TEATINO;TUNJUELITO - R. URIBE U.
12959;ISLA DEL SOL TUNJUELITO;4.589716894429806;-74.15376572551003;BOGOTA 3 - BRAYAN VILLARRAGA;TUNJUELITO - R. URIBE U.
12960;MADELENA CIUDAD BOLIVAR;4.591217258538344;-74.15804015869426;BOGOTA 3 - BRAYAN VILLARRAGA;TUNJUELITO - R. URIBE U.
12961;BERLIN KENNEDY;4.612867675110225;-74.1643049305634;BOGOTA 4 NICK PEREZ;KENNEDY SUR
12962;VILLA ANDRES;4.6362078671552664;-74.16652233226824;BOGOTA 6 - JAIDEN ALFONSO;BOSA SUR
12963;EL CARMEN TUNJUELITO;4.582873844820101;-74.13477401496793;BOGOTA 9 - GERARDO TEATINO;TUNJUELITO - R. URIBE U.
12964;EL INGLES RAFAEL URIBE URIBE;4.584299042384415;-74.12543649944881;BOGOTA 3 - BRAYAN VILLARRAGA;TUNJUELITO - R. URIBE U.
12965;VILLA NHORA;4.623837647527581;-74.18888050823207;BOGOTA 7-SERGIO MATEUS;BOSA SUR
12966;VILLA LOMA KENNEDY;4.626663999855;-74.16761378563564;BOGOTA 10 - DAYANA PATIÑO;KENNEDY SUR
12967;BRASIL BOSA;4.63071523917589;-74.18088301622369;BOGOTA 10 - DAYANA PATIÑO;BOSA SUR
12968;SAN MARTIN BOSA;4.628899770302497;-74.18862754843624;BOGOTA 10 - DAYANA PATIÑO;BOSA SUR
12969;VILLA COLOMBIA;4.624354031687239;-74.1886524099959;BOGOTA 7-SERGIO MATEUS;BOSA SUR
12970;DINDALITO KENNEDY;4.6392959492197985;-74.17423916384968;BOGOTA 6 - JAIDEN ALFONSO;BOSA NORTE
12971;CIUDAD GRANADA;4.64095079394063;-74.17084647182064;BOGOTA 6 - JAIDEN ALFONSO;BOSA NORTE
12972;PALMERAS;4.64539259930063;-74.17384015771337;BOGOTA 6 - JAIDEN ALFONSO;BOSA SUR
12973;SANTA MONICA KENNEDY;4.6370684576356345;-74.16803446711889;BOGOTA 6 - JAIDEN ALFONSO;BOSA NORTE
12974;SINAI;4.616111733329553;-74.16469776893128;BOGOTA 4 NICK PEREZ;KENNEDY SUR
12976;SAN EUSEBIO PUENTE ARANDA;4.606975186327589;-74.12405079638862;BOGOTA 1 - HECTOR BONILLA;P. ARANDA - ANTONIO NARIÑO
12978;OLIVOS;4.596351578247227;-74.19992524079984;APOYO CALL CENTER 03 MAYO 2024;Z FDC SOACHA
12979;CALARCA;4.613791416923679;-74.17101925506303;;BOSA SUR
12980;LA FRANCIA PUENTE ARANDA;4.617940620948228;-74.11197278642271;BOGOTA 1 - HECTOR BONILLA;P. ARANDA - ANTONIO NARIÑO
12983;LAS TORRES;4.604887013532329;-74.14798377091255;BOGOTA 2 - OSCAR VILLALOBOS;P. ARANDA - ANTONIO NARIÑO
12984;KENNEDY CARVAJAL OSORIO;4.608314684976012;-74.13985175188661;BOGOTA 9 - GERARDO TEATINO;P. ARANDA - ANTONIO NARIÑO
12985;NUEVA PRIMAVERA PUENTE ARANDA;4.614719448726918;-74.11114679839514;BOGOTA 1 - HECTOR BONILLA;P. ARANDA - ANTONIO NARIÑO
12986;VERAGUAS;4.605604670988552;-74.1049494916715;BOGOTA 1 - HECTOR BONILLA;P. ARANDA - ANTONIO NARIÑO
12987;EL PROGRESO;4.613164409253462;-74.19410067431694;;BOSA SUR
12988;SANTA MATILDE PUENTE ARANDA;4.60357145911612;-74.10891131932837;BOGOTA 1 - HECTOR BONILLA;P. ARANDA - ANTONIO NARIÑO
12989;REMANSO;4.599561194845345;-74.11535275983522;BOGOTA 1 - HECTOR BONILLA;P. ARANDA - ANTONIO NARIÑO
12990;BOCHICA;4.616408233333333;-74.11180408333333;BOGOTA 1 - HECTOR BONILLA;P. ARANDA - ANTONIO NARIÑO
12991;LA ASUNCION PUENTE ARANDA;4.604515328854203;-74.10575885746445;BOGOTA 1 - HECTOR BONILLA;P. ARANDA - ANTONIO NARIÑO
12992;GALAN PUENTE ARANDA;4.619002653502178;-74.12257514093909;BOGOTA 1 - HECTOR BONILLA;P. ARANDA - ANTONIO NARIÑO
12993;COLONIA ORIENTAL;4.617842753663738;-74.1160279485286;BOGOTA 1 - HECTOR BONILLA;P. ARANDA - ANTONIO NARIÑO
12994;LAS VEGAS;4.6397533336354115;-74.17487330678213;BOGOTA 6 - JAIDEN ALFONSO;BOSA NORTE
12995;SUMAPAZ;4.640537649304966;-74.17552078422807;BOGOTA 6 - JAIDEN ALFONSO;BOSA SUR
12996;LA RIVERA BOSA;4.642760423757871;-74.17557325439618;BOGOTA 6 - JAIDEN ALFONSO;BOSA NORTE
12997;CAMPO HERMOSO;4.639394849309025;-74.16541249035983;BOGOTA 6 - JAIDEN ALFONSO;BOSA SUR
12999;UNIR 1;4.6433543652338685;-74.16642329932031;BOGOTA 6 - JAIDEN ALFONSO;BOSA NORTE
13230;GLORIETA AMERICAS;4.623986208716349;-74.14188043551913;BOGOTA 5 - ELICENIA CASTRO;KENNEDY SUR
13231;TECHO;4.626785329116362;-74.14653638006904;BOGOTA 5 - ELICENIA CASTRO;KENNEDY SUR
13236;LA ALQUERIA PUENTE ARANDA;4.601075372936274;-74.13373701237049;BOGOTA 9 - GERARDO TEATINO;P. ARANDA - ANTONIO NARIÑO
13237;SUPER 12;4.633314922166287;-74.15216247835694;BOGOTA 5 - ELICENIA CASTRO;KENNEDY SUR
13242;ESTANCIA CIUDAD BOLIVAR;4.593115654904804;-74.1736534969056;BOGOTA 3 - BRAYAN VILLARRAGA;KENNEDY SUR
13244;CARABELAS;4.607965455358116;-74.11433998338379;BOGOTA 1 - HECTOR BONILLA;P. ARANDA - ANTONIO NARIÑO
13245;VILLA INES;4.605808609105827;-74.11250574437838;BOGOTA 1 - HECTOR BONILLA;P. ARANDA - ANTONIO NARIÑO
13249;EL SOL;4.612355391655508;-74.1185083312002;BOGOTA 1 - HECTOR BONILLA;P. ARANDA - ANTONIO NARIÑO
13250;TIBANA;4.609973049323587;-74.1115461591069;BOGOTA 1 - HECTOR BONILLA;P. ARANDA - ANTONIO NARIÑO
13252;SAN FRANCI OCCI;4.559960080744644;-74.14972650025874;BOGOTA 3 - BRAYAN VILLARRAGA;TRANSPORTADORA 1
13253;BARCELONA;4.618601957182856;-74.11665331651932;BOGOTA 1 - HECTOR BONILLA;P. ARANDA - ANTONIO NARIÑO
13254;CENTENARIO RAFAEL URIBE URIBE;4.586353648948325;-74.11263843176488;BOGOTA 3 - BRAYAN VILLARRAGA;TUNJUELITO - R. URIBE U.
13255;EDUARDO SANTOS;4.604011013574592;-74.11371327738337;BOGOTA 1 - HECTOR BONILLA;P. ARANDA - ANTONIO NARIÑO
13256;TUNAL;4.57902247928285;-74.13243926013786;BOGOTA 3 - BRAYAN VILLARRAGA;TUNJUELITO - R. URIBE U.
13258;LA AMISTAD;4.6029567852555795;-74.18283598934262;BOGOTA 7-SERGIO MATEUS;BOSA SUR
13259;EL PORVENIR BOSA;4.635955736443318;-74.18310081633213;BOGOTA 6 - JAIDEN ALFONSO;BOSA SUR
13260;LOS SAUCES;4.598161474804856;-74.11684194517018;BOGOTA 1 - HECTOR BONILLA;P. ARANDA - ANTONIO NARIÑO
13262;AUTOPISTA SUR;4.596136789042694;-74.12581638370119;BOGOTA 1 - HECTOR BONILLA;P. ARANDA - ANTONIO NARIÑO
13263;SAN ANTONIO;4.591395032741364;-74.09862413689122;BOGOTA 1 - HECTOR BONILLA;P. ARANDA - ANTONIO NARIÑO
13265;LOS ANGELES;4.605414057857207;-74.12944432182601;BOGOTA 1 - HECTOR BONILLA;P. ARANDA - ANTONIO NARIÑO
13266;LA FRAGUITA;4.595745548499771;-74.10146476442686;BOGOTA 1 - HECTOR BONILLA;P. ARANDA - ANTONIO NARIÑO
13267;LA LIBERTAD BOSA;4.625874749117977;-74.1897226234683;BOGOTA 10 - DAYANA PATIÑO;BOSA SUR
13268;EL RECREO;4.632594183323935;-74.20058383984167;BOGOTA 10 - DAYANA PATIÑO;BOSA SUR
13269;NEW JERSEY BOSA;4.622466190174931;-74.18524857591107;BOGOTA 10 - DAYANA PATIÑO;BOSA SUR
13271;VILLAS CHICALA;4.623091501237727;-74.18311582536579;BOGOTA 10 - DAYANA PATIÑO;BOSA SUR
13272;EL  PARAISO BOSA;4.621305591679325;-74.18701782512936;BOGOTA 6 - JAIDEN ALFONSO;BOSA SUR
13273;NUEVA ESCOCIA;4.622169913049216;-74.1849448775784;BOGOTA 10 - DAYANA PATIÑO;BOSA SUR
13275;HOLANDA BOSA;4.624896003165639;-74.18494099217108;BOGOTA 6 - JAIDEN ALFONSO;BOSA SUR
13277;ESCOCIA;4.624092507778755;-74.18604123361355;BOGOTA 10 - DAYANA PATIÑO;BOSA SUR
13278;DIAMANTE;4.623113790443757;-74.18800676716235;BOGOTA 7-SERGIO MATEUS;BOSA SUR
13279;LA PORTADA;4.628207948885482;-74.19095975351048;BOGOTA 10 - DAYANA PATIÑO;BOSA SUR
13280;EL BOSQUE;4.62962816832523;-74.19028193476801;BOGOTA 10 - DAYANA PATIÑO;BOSA SUR
13281;LA CONCEPCIÓN;4.6225313;-74.1913627;;BOSA SUR
13282;CHICO SUR;4.623378264215163;-74.19153078625816;BOGOTA 7-SERGIO MATEUS;BOSA SUR
13283;DIVINO NIÑO;4.622587627575297;-74.19582186204396;BOGOTA 7-SERGIO MATEUS;BOSA SUR
13286;LA ESMERALDA BOSA;4.61125239829471;-74.19132855790365;BOGOTA 10 - DAYANA PATIÑO;BOSA SUR
13287;CAI LA LIBERTAD BOSA;4.623655693667792;-74.19034725252106;BOGOTA 10 - DAYANA PATIÑO;BOSA SUR
13288;EL CAUCE;4.623752827104788;-74.19222422911382;BOGOTA 7-SERGIO MATEUS;BOSA SUR
13289;LA ESTANZUELA BOSA;4.622929152916045;-74.19151780300639;BOGOTA 7-SERGIO MATEUS;BOSA SUR
13291;RECUERDO;4.608883229633314;-74.17810451899541;BOGOTA 10 - DAYANA PATIÑO;BOSA SUR
13292;SANTA INES;4.56146552206542;-74.08520428510406;;Z FDC SUR
13293;VILLA NATALIA;4.626866631969629;-74.19686139710934;BOGOTA 10 - DAYANA PATIÑO;BOSA SUR
13294;SAN PABLO BOSA;4.600363325616266;-74.18838133379384;BOGOTA 7-SERGIO MATEUS;BOSA SUR
13295;SOACHA LEON XIII;4.593267546348602;-74.19590041166926;BOGOTA SOACHA- RUBEN AVILA;Z FDC SOACHA
13296;SAN CARLOS RAFAEL URIBE URIBE;4.56860075009499;-74.13103377969543;BOGOTA 3 - BRAYAN VILLARRAGA;TUNJUELITO - R. URIBE U.
13297;CALDAS;4.633008566642523;-74.18658000117355;;BOSA SUR
13298;7 DE AGOSTO;4.673180581618541;-74.10502907355816;FUERA DE COBERTURA NORTE;Z FDC NORTE
13299;VILLA ALEGRE;4.63160246860204;-74.19189043048567;BOGOTA 10 - DAYANA PATIÑO;BOSA SUR
13300;EL REGALO BOSA;4.6314315779288195;-74.1910211142558;BOGOTA 10 - DAYANA PATIÑO;BOSA SUR
13301;BOSA LINDA;4.619130954729447;-74.18807107001976;BOGOTA 7-SERGIO MATEUS;BOSA SUR
13302;BOSA NOVA;4.621021471677401;-74.18976770767961;BOGOTA 10 - DAYANA PATIÑO;BOSA SUR
13303;PIAMONTE BOSA;4.605810821173399;-74.18986877381974;BOGOTA 7-SERGIO MATEUS;BOSA SUR
13305;DESPENSA BOSA;4.601275096081401;-74.1893655043372;BOGOTA 7-SERGIO MATEUS;BOSA SUR
13307;PABLO VI BOSA;4.602766842252735;-74.18615209332748;BOGOTA 7-SERGIO MATEUS;BOSA SUR
13308;NUEVA GRANADA BOSA;4.602167012995163;-74.19172722261895;BOGOTA 7-SERGIO MATEUS;BOSA SUR
13309;CARLOS ALBAN;4.603725515151739;-74.19756950089251;BOGOTA 7-SERGIO MATEUS;BOSA SUR
13310;VILLA ANY;4.605938047062257;-74.19970020204894;BOGOTA 7-SERGIO MATEUS;BOSA SUR
13311;ASOVIVIR;4.609060716523827;-74.19294741258487;BOGOTA 7-SERGIO MATEUS;BOSA SUR
13312;JIMENEZ DE QUESADA;4.61140600281763;-74.18918359860142;BOGOTA 7-SERGIO MATEUS;BOSA SUR
13313;EL VERGEL;4.5976017305408945;-74.10154178916532;BOGOTA 1 - HECTOR BONILLA;P. ARANDA - ANTONIO NARIÑO
13314;SOSOROM;4.6464012728372746;-74.14472788219683;MOROSOS;
13315;SAN ANDRES ABAJO;4.601823710531257;-74.14634182150058;BOGOTA 2 - OSCAR VILLALOBOS;KENNEDY SUR
13317;SANTA LUCIA RAFAEL URIBE URIBE;4.576283514384713;-74.12643426601991;BOGOTA 3 - BRAYAN VILLARRAGA;TUNJUELITO - R. URIBE U.
13318;QUIROGA RAFAEL URIBE URIBE;4.579995540536991;-74.1180017092179;BOGOTA 3 - BRAYAN VILLARRAGA;TUNJUELITO - R. URIBE U.
13319;QUIROGA CENTRAL;4.581042230013673;-74.11396273846228;BOGOTA 3 - BRAYAN VILLARRAGA;TUNJUELITO - R. URIBE U.
13320;OLAYA RAFAEL URIBE URIBE;4.581194580040389;-74.10867148698912;BOGOTA 3 - BRAYAN VILLARRAGA;TUNJUELITO - R. URIBE U.
13321;LIBERTADORES;4.593475554688978;-74.11977695324545;FUERA DE COBERTURA SUR;TRANSPORTADORA 1
13322;SANTANDER;4.589655469036895;-74.11636616148041;BOGOTA 3 - BRAYAN VILLARRAGA;P. ARANDA - ANTONIO NARIÑO
13323;RESTREPO;4.590349971288158;-74.10542014429802;BOGOTA 1 - HECTOR BONILLA;TUNJUELITO - R. URIBE U.
13324;ANTONIA SANTOS;4.6119681729302;-74.18739723095418;BOGOTA 7-SERGIO MATEUS;BOSA SUR
13326;MURILLO TORO;4.586196022114458;-74.11889105272813;BOGOTA 3 - BRAYAN VILLARRAGA;TUNJUELITO - R. URIBE U.
13327;BRAVO PAEZ RAFAEL URIBE URIBE;4.584964876329442;-74.11967431219587;BOGOTA 3 - BRAYAN VILLARRAGA;TUNJUELITO - R. URIBE U.
13328;SAN PEDRO FONTIBON;4.66736300897931;-74.14644493523622;BOGOTA 11- FONTIBÓN;FONTIBON
13329;FONTIBON  CENTRO;4.673009506524964;-74.14691235887405;BOGOTA 11- FONTIBÓN;FONTIBON
13330;5 DE NOVIEMBRE;4.592744472804572;-74.12698378067161;;P. ARANDA - ANTONIO NARIÑO
13331;LA FELICIDAD FONT;4.656582605434083;-74.12997812901052;BOGOTA 11- FONTIBÓN;FONTIBON
13332;VILLA CARMENZA FONT;4.676969194323478;-74.15034979678262;BOGOTA 11- FONTIBÓN;FONTIBON
13334;EL GUADUAL FONTIBON;4.668360864415179;-74.14497049193005;;FONTIBON
13337;SAN PABLO FONTIBON;4.686501183105782;-74.15510824620121;BOGOTA 11- FONTIBÓN;FONTIBON
13338;EL CARMEN FONTIBON;4.672882348196227;-74.14819892960949;BOGOTA 11- FONTIBÓN;FONTIBON
13339;FLANDES FONT;4.680208994721093;-74.15083306218142;BOGOTA 11- FONTIBÓN;FONTIBON
13341;BATAVIA FONT;4.681925384419942;-74.15166677512443;BOGOTA 11- FONTIBÓN;FONTIBON
13342;LA LAGUNA FONTIBON;4.670541829122166;-74.14842722634678;BOGOTA 11- FONTIBÓN;FONTIBON
13343;ZONA FRANCA FONT;4.667956803404653;-74.1547785772829;BOGOTA 11- FONTIBÓN;FONTIBON
13344;CENTENARIO FONT;4.670088400026995;-74.14659167227671;BOGOTA 11- FONTIBÓN;FONTIBON
13346;ZAPETE FONT;4.674954557096392;-74.15088204755406;BOGOTA 11- FONTIBÓN;FONTIBON
13347;BAHIA SOLANO FONT;4.679742518780186;-74.15342335583028;BOGOTA 11- FONTIBÓN;FONTIBON
13349;THALIA FONT;4.681812286003335;-74.15249555666814;BOGOTA 11- FONTIBÓN;FONTIBON
13350;BOHIOS FONT;4.686363728184549;-74.15483116670217;BOGOTA 11- FONTIBÓN;FONTIBON
13351;SAN JOSE FONT;4.677483199040854;-74.1376047636786;BOGOTA 11- FONTIBÓN;FONTIBON
13352;PALESTINA FONT;4.679860607620937;-74.14860980161045;BOGOTA 11- FONTIBÓN;FONTIBON
13353;EL JORDAN FONTIBON;4.680798163595287;-74.14772777105892;BOGOTA 11- FONTIBÓN;FONTIBON
13354;BELEN FONTIBON;4.679147955646585;-74.14975671763656;BOGOTA 11- FONTIBÓN;FONTIBON
13356;LA CABAÑA FONT;4.682110388881919;-74.13866566759366;BOGOTA 11- FONTIBÓN;FONTIBON
13357;LA CELFITA FONT;4.692492120868014;-74.15085105081057;BOGOTA 11- FONTIBÓN;FONTIBON
13358;VILLA LILIANA FONT;4.6875160325227165;-74.15070369468151;BOGOTA 11- FONTIBÓN;FONTIBON
13359;EL REFUGIO FONTIBON;4.6898138023166345;-74.14784500542422;BOGOTA 11- FONTIBÓN;FONTIBON
13360;LA ALDEA FONT;4.687805149010867;-74.14971661515274;BOGOTA 11- FONTIBÓN;FONTIBON
13361;BOSTON FONT;4.676611517437626;-74.145370244521;BOGOTA 11- FONTIBÓN;FONTIBON
13363;SELVA DORADA FONTIBON;4.693517504979674;-74.15204171043612;BOGOTA 11- FONTIBÓN;FONTIBON
13365;SALAMANCA FONT;4.640843664980836;-74.15430045737519;;FONTIBON
13366;SANATANDER FONT;4.673775573639628;-74.14108270979243;BOGOTA 11- FONTIBÓN;FONTIBON
13367;GIRALDA FONTIBON;4.680206818197075;-74.14083067450655;BOGOTA 11- FONTIBÓN;FONTIBON
13368;PEDREGAL FONT;4.680738169346939;-74.14967025702039;BOGOTA 11- FONTIBÓN;FONTIBON
13370;ATAHUALPA FONTIBON;4.684887947430562;-74.14627790122006;BOGOTA 11- FONTIBÓN;FONTIBON
13371;VERSALLES FONTIBON;4.682631876890789;-74.14424634448841;BOGOTA 11- FONTIBÓN;FONTIBON
13372;BRISAS FONT;4.696640214877021;-74.15475335113793;;FONTIBON
13374;BETANIA FONT;;;;FONTIBON
13376;RINCON SANTOS FONT;4.674152083122736;-74.13480991824503;;FONTIBON
13378;ARABIA FONT;4.672831399938432;-74.13556431933445;BOGOTA 11- FONTIBÓN;FONTIBON
13382;LAREDO FONTIBON;4.6801148999999995;-74.14524189999999;;FONTIBON
13383;COFRADIA FONT;4.673609078918249;-74.13474243887133;BOGOTA 11- FONTIBÓN;FONTIBON
13384;RECODO FONT;4.680417354477322;-74.15519820361722;BOGOTA 11- FONTIBÓN;FONTIBON
13385;FERROCAJA FONT;4.675536155669715;-74.13927019996429;BOGOTA 11- FONTIBÓN;FONTIBON
13386;VERACRUZ FONT;4.67846861876843;-74.1364845704396;BOGOTA 11- FONTIBÓN;FONTIBON
13387;LA ROSITA FONT;4.671933312076686;-74.13968564935452;BOGOTA 11- FONTIBÓN;FONTIBON
13389;LAS FLORES FONT;4.672743543698625;-74.14257248817988;;FONTIBON
13390;POLICARPA;4.588710970876373;-74.09201571313767;BOGOTA 1 - HECTOR BONILLA;P. ARANDA - ANTONIO NARIÑO
13391;CAPULO FONT;4.673309727931858;-74.14382071275162;BOGOTA 11- FONTIBÓN;FONTIBON
13392;CIUDAD BERNA;4.593974105616719;-74.10630093384083;BOGOTA 1 - HECTOR BONILLA;P. ARANDA - ANTONIO NARIÑO
13393;SEVILLA ENGATIVA;4.7047418272380765;-74.12222509084646;BOGOTA 8 - JOSE LOPEZ;ENGATIVA OCCIDENTAL
13394;TAPETE FONT;4.664534131954898;-74.14930734341178;BOGOTA 11- FONTIBÓN;FONTIBON
13395;CIUDAD JARDIN SUR;4.583353085946854;-74.09755575201402;BOGOTA 1 - HECTOR BONILLA;TUNJUELITO - R. URIBE U.
13398;SAN PEDRO ROBLES FONT;4.666754121413304;-74.14602691832445;BOGOTA 11- FONTIBÓN;FONTIBON
13403;LAGOS DE CASTILLA;4.645135609157666;-74.14296420115673;BOGOTA 5 - ELICENIA CASTRO;KENNEDY NORTE
13404;SAN JORGE;4.574978907024712;-74.12303093539755;BOGOTA 3 - BRAYAN VILLARRAGA;TUNJUELITO - R. URIBE U.
13405;SAN JOSE SUR;4.579881709841657;-74.1094380104513;BOGOTA 3 - BRAYAN VILLARRAGA;P. ARANDA - ANTONIO NARIÑO
13406;SOCIEGO;4.576929262008606;-74.10346224637402;BOGOTA 3 - BRAYAN VILLARRAGA;P. ARANDA - ANTONIO NARIÑO
13407;GUSTAVO RESTREPO;4.57741841222946;-74.1094226901272;BOGOTA 3 - BRAYAN VILLARRAGA;TUNJUELITO - R. URIBE U.
13408;LOS MONJES ENGATIVA;4.681465384475438;-74.11430896448209;BOGOTA 8 - LUIS RANGEL;ENGATIVA ORIENTAL
13409;SANTA CECILIA ENGATIVA;4.67606378606223;-74.1118754361322;BOGOTA 8 - LUIS RANGEL;ENGATIVA ORIENTAL
13410;SAN IGNACIO ENGATIVA;4.6744442298764515;-74.11178256597823;BOGOTA 8 - LUIS RANGEL;ENGATIVA ORIENTAL
13411;VILLA LUZ ENGATIVA;4.68282282562812;-74.10628057058194;BOGOTA 8 - LUIS RANGEL;ENGATIVA ORIENTAL
13412;EL ENCANTO ENGATIVA;4.6777051044317135;-74.1046485662102;BOGOTA 8 - LUIS RANGEL;ENGATIVA ORIENTAL
13413;LAS COLINAS SUBA;4.733775566363776;-74.06442969767869;BOGOTA 12 SUBA LUIS RANGEL;SUBA
13414;LUJAN ENGATIVA;4.680974192146753;-74.10448139970791;BOGOTA 8 - LUIS RANGEL;ENGATIVA OCCIDENTAL
13415;BOYACA REAL ENGATIVA;4.6843454183598885;-74.10130592032219;BOGOTA 8 - LUIS RANGEL;ENGATIVA ORIENTAL
13416;LA CONSOLACION ENGATIVA;4.683647126272774;-74.10058733373195;BOGOTA 8 - LUIS RANGEL;ENGATIVA ORIENTAL
13417;SANTA HELENITA ENGATIVA;4.688054463620669;-74.10323399076191;BOGOTA 8 - LUIS RANGEL;ENGATIVA ORIENTAL
13418;LA CLARITA ENGATIVA;4.692297083085502;-74.10562136041585;BOGOTA 8 - LUIS RANGEL;ENGATIVA ORIENTAL
13419;SAN MARCOS ENGATIVA;4.686482148365549;-74.10644963347247;BOGOTA 8 - LUIS RANGEL;ENGATIVA ORIENTAL
13420;LA ISABELA ENGATIVA;4.685015166901459;-74.1116910066984;BOGOTA 8 - LUIS RANGEL;ENGATIVA ORIENTAL
13421;LOS PINOS ENGATIVA;4.699113943194091;-74.10621907726478;BOGOTA 8 - JOSE LOPEZ;ENGATIVA OCCIDENTAL
13424;TABORA ENGATIVA;4.692791373549034;-74.10008556276075;BOGOTA 8 - LUIS RANGEL;ENGATIVA OCCIDENTAL
13425;LA GRANJA ENGATIVA;4.69680228537964;-74.09910273852454;BOGOTA 8 - LUIS RANGEL;ENGATIVA ORIENTAL
13428;ALMERIA ENGATIVA;4.6961680119608324;-74.10472700205422;BOGOTA 8 - LUIS RANGEL;ENGATIVA ORIENTAL
13429;STA MA DEL LAGO ENGATIVA;4.691403271745967;-74.09612756890925;BOGOTA 8 - LUIS RANGEL;ENGATIVA ORIENTAL
13430;BONANZA ENGATIVA;4.689408440108045;-74.09101239437112;BOGOTA 8 - LUIS RANGEL;ENGATIVA ORIENTAL
13431;LA ESTRADITA ENGATIVA;4.674040186523862;-74.09274548088345;BOGOTA 8 - LUIS RANGEL;ENGATIVA ORIENTAL
13432;BELLA VISTA ENGATIVA;4.676855234535997;-74.09025659820546;BOGOTA 8 - LUIS RANGEL;ENGATIVA ORIENTAL
13434;VILLA CONSTANZA ENGATIVA;4.807708923409576;-75.6984639473231;BOGOTA 8 - JOSE LOPEZ;ENGATIVA OCCIDENTAL
13435;LOS CEREZOS ENGATIVA;4.7069503101168735;-74.09892679326566;BOGOTA 8 - LUIS RANGEL;ENGATIVA ORIENTAL
13436;SANTA ROSITA ENGATIVA;4.701381053949463;-74.11010560758906;BOGOTA 8 - JOSE LOPEZ;ENGATIVA OCCIDENTAL
13437;CIUDAD SALITRE;4.651811660744668;-74.11568765131402;BOGOTA 11- FONTIBÓN;FONTIBON
13438;MINUTO DE DIOS ENGATIVA;4.703294068940027;-74.09284683634613;BOGOTA 12 SUBA LUIS RANGEL;ENGATIVA ORIENTAL
13439;BOSQUES DE MARIANA ENGATIVA;4.708061067400368;-74.1249176715071;BOGOTA 8 - JOSE LOPEZ;ENGATIVA OCCIDENTAL
13440;LA RELIQUIA ENGATIVA;4.673279667038557;-74.10099588908598;BOGOTA 8 - JOSE LOPEZ;ENGATIVA ORIENTAL
13441;LA CABAÑA ENGATIVA;4.608289788201699;-74.14401313438562;BOGOTA 8 - LUIS RANGEL;ENGATIVA ORIENTAL
13442;BOSQUE POPULAR ENGATIVA;4.671774707029667;-74.09763353681878;BOGOTA 8 - LUIS RANGEL;ENGATIVA ORIENTAL
13443;RICAURTE;4.603259496749987;-74.09325965743894;BOGOTA 1 - HECTOR BONILLA;Z FDC CENTRO
13444;LA ESTRADA ENGATIVA;4.676383432440752;-74.09480997251224;BOGOTA 8 - LUIS RANGEL;ENGATIVA ORIENTAL
13445;EL PASEO ENGATIVA;4.678115264251652;-74.10044087293089;BOGOTA 8 - LUIS RANGEL;ENGATIVA ORIENTAL
13446;ENGATIV LAUREL;4.680488110780953;-74.09646374475346;BOGOTA 8 - LUIS RANGEL;ENGATIVA OCCIDENTAL
13448;EUROPA ENGATIVA;4.6820284205791145;-74.09657732841433;BOGOTA 8 - LUIS RANGEL;ENGATIVA ORIENTAL
13449;NUEVO LAURES;4.680762106879404;-74.09612355213241;BOGOTA 8 - JOSE LOPEZ;ENGATIVA OCCIDENTAL
13450;ENG ACAPULCO;4.683807954484156;-74.09636192921913;BOGOTA 8 - LUIS RANGEL;ENGATIVA OCCIDENTAL
13451;PALO BLANCO ENGATIVA;4.683088192430512;-74.09432012187824;BOGOTA 8 - LUIS RANGEL;ENGATIVA ORIENTAL
13454;QUIRIGUA ENGATIVA;4.7093586833541625;-74.10239586365621;BOGOTA 8 - LUIS RANGEL;ENGATIVA ORIENTAL
13456;SAN JOSE DE LA GRANJA ENGATIVA;4.7034554784687375;-74.11549083435091;BOGOTA 8 - JOSE LOPEZ;ENGATIVA ORIENTAL
13461;LA SALINA ENGATIVA;4.698317106230413;-74.11169347738588;BOGOTA 8 - LUIS RANGEL;ENGATIVA OCCIDENTAL
13462;FLORIDA BLANCA ENGATIVA;4.695163354613976;-74.11208042458377;BOGOTA 8 - JOSE LOPEZ;ENGATIVA OCCIDENTAL
13463;FLORENCIA ENGATIVA;4.699782176288924;-74.1068343603764;BOGOTA 8 - JOSE LOPEZ;ENGATIVA OCCIDENTAL
13464;LOS CAMPOS ENGATIVA;4.699498560864483;-74.10636232663377;BOGOTA 8 - JOSE LOPEZ;ENGATIVA ORIENTAL
13465;VILLAS DEL DORADO ENGATIVA;4.702640265937173;-74.13000416102669;BOGOTA 8 - JOSE LOPEZ;ENGATIVA OCCIDENTAL
13466;PRIMAVERA BOSA;4.645034574430172;-74.1633967651238;BOGOTA 7-SERGIO MATEUS;BOSA NORTE
13467;VILLA GLADYS ENGATIVA;4.703957767025165;-74.13312201637677;BOGOTA 8 - JOSE LOPEZ;ENGATIVA OCCIDENTAL
13469;PARIS GAITAN ENGATIVA;4.705674076064458;-74.09576357837882;BOGOTA 12 SUBA LUIS RANGEL;ENGATIVA ORIENTAL
13470;MADRIGAL ENGATIVA;4.713821386514734;-74.1168426090486;BOGOTA 8 - JOSE LOPEZ;ENGATIVA OCCIDENTAL
13473;LOS ANGELES ENGATIVA;4.6975307;-74.1163837;;ENGATIVA OCCIDENTAL
13474;GARCES NAVAS ENGATIVA;4.710333443994574;-74.11912790560596;BOGOTA 8 - JOSE LOPEZ;ENGATIVA OCCIDENTAL
13475;VILLA AMALIA ENGATIVA;4.709246022487641;-74.12401609854255;BOGOTA 8 - JOSE LOPEZ;ENGATIVA OCCIDENTAL
13476;BOLIVIA ENGATIVA;4.7136775682376815;-74.11284690170046;BOGOTA 8 - LUIS RANGEL;ENGATIVA ORIENTAL
13477;SAN ANTONIO ENGATIVA;4.7024847976604445;-74.13185606283862;BOGOTA 8 - JOSE LOPEZ;ENGATIVA OCCIDENTAL
13478;VILLA SAGRARIO ENGATIVA;4.704190952511131;-74.12102078695624;BOGOTA 8 - JOSE LOPEZ;ENGATIVA OCCIDENTAL
13479;EL MUELLE ENGATIVA;4.699319537920452;-74.12654194589862;BOGOTA 8 - JOSE LOPEZ;ENGATIVA OCCIDENTAL
13482;VILLA CLAVER ENGATIVA;4.712561558854608;-74.1424316888434;BOGOTA 8 - JOSE LOPEZ;ENGATIVA OCCIDENTAL
13483;VILLAS MADRIGAL ENGATIVA;4.70724178546092;-74.11432657446157;BOGOTA 8 - JOSE LOPEZ;ENGATIVA OCCIDENTAL
13485;GRAN GRANADA ENGATIVA;4.718468838357477;-74.12732618278523;BOGOTA 8 - JOSE LOPEZ;ENGATIVA OCCIDENTAL
13486;VILLA DEL PROGRESO;4.624925595855227;-74.20051116979215;BOGOTA 7-SERGIO MATEUS;BOSA SUR
13487;PLAZA DEL VIRREY ENGATIVA;4.704879311898485;-74.1227126971094;BOGOTA 8 - LUIS RANGEL;ENGATIVA OCCIDENTAL
13488;CIUD COLSUBSIDIO ENGATIVA;4.719714058561255;-74.11526001243232;BOGOTA 8 - LUIS RANGEL;ENGATIVA ORIENTAL
13490;VILLA MARY ENGATIVA;4.696142503249153;-74.12368073095085;BOGOTA 8 - JOSE LOPEZ;ENGATIVA OCCIDENTAL
13491;MERCEDES ENGATIVA;4.702331903047166;-74.12754463437486;BOGOTA 8 - JOSE LOPEZ;ENGATIVA OCCIDENTAL
13492;LA RIVIERA ENGATIVA;4.7094174139787235;-74.13090957099475;BOGOTA 8 - JOSE LOPEZ;ENGATIVA OCCIDENTAL
13493;MARANDU ENGATIVA;4.70868121673588;-74.13208181594327;BOGOTA 8 - JOSE LOPEZ;ENGATIVA OCCIDENTAL
13494;ENGATIVA LITUANA;4.709675645331502;-74.13478697240235;BOGOTA 8 - JOSE LOPEZ;ENGATIVA OCCIDENTAL
13495;SANTA TERESITA ENGATIVA;4.709355970011807;-74.13262541632116;;ENGATIVA OCCIDENTAL
13496;VILLA TERESITA ENGATIVA;4.714253899959318;-74.13703139183063;BOGOTA 8 - JOSE LOPEZ;ENGATIVA OCCIDENTAL
13497;LINTERAMA ENGATIVA;4.709698108497748;-74.13582680113957;BOGOTA 8 - JOSE LOPEZ;ENGATIVA OCCIDENTAL
13498;EL PALMAR;4.604571823350926;-74.19883167392524;BOGOTA 8 - JOSE LOPEZ;BOSA SUR
13499;LA VICTORIA ENGATIVA;4.716765472346152;-74.13934711131708;BOGOTA 8 - JOSE LOPEZ;ENGATIVA OCCIDENTAL
13501;SABANAS DEL DORADO ENGATIVA;4.710844247685408;-74.14160554243382;BOGOTA 8 - JOSE LOPEZ;ENGATIVA OCCIDENTAL
13502;LA ESTANCIA FONT;4.615718332340029;-74.14779567598096;BOGOTA 11- FONTIBÓN;FONTIBON
13503;PORTAL DEL RIO ENGATIVA;4.703723059898164;-74.08887620141122;BOGOTA 8 - JOSE LOPEZ;ENGATIVA ORIENTAL
13505;LA SERENA ENGATIVA;4.706681949246695;-74.09698051074713;BOGOTA 8 - JOSE LOPEZ;ENGATIVA ORIENTAL
13506;LA ESPAÑOLA ENGATIVA;4.70347788249331;-74.09805329288824;BOGOTA 8 - LUIS RANGEL;ENGATIVA ORIENTAL
13507;LAUREL ENGATIVA;4.703175345652633;-74.13221933915956;BOGOTA 8 - JOSE LOPEZ;ENGATIVA OCCIDENTAL
13508;TISQUESUZA ENGATIVA;4.702452713045383;-74.0953083848992;;ENGATIVA ORIENTAL
13511;PRADERA NORTE;4.744593735816434;-74.03344903652257;FUERA DE COBERTURA NORTE;Z FDC NORTE
13512;SIDAUTO ENGATIVA;4.711291686971972;-74.09698834316077;BOGOTA 8 - JOSE LOPEZ;ENGATIVA ORIENTAL
13513;LUIS CARLOS GALAN ENGATIVA;4.713446372051206;-74.09894622292394;BOGOTA 8 - LUIS RANGEL;ENGATIVA ORIENTAL
13514;BACHUE ENGATIVA;4.715483444925114;-74.10117773021304;BOGOTA 8 - LUIS RANGEL;ENGATIVA ORIENTAL
13515;SAN BASILIO ENGATIVA;4.703293725216848;-74.12223723254884;BOGOTA 8 - JOSE LOPEZ;ENGATIVA OCCIDENTAL
13516;VILLA CRISTINA ENGATIVA;4.717786210543385;-74.10207115716159;;ENGATIVA ORIENTAL
13519;CLARELANDIA BOSA;4.612089512657723;-74.18173716305022;BOGOTA 10 - DAYANA PATIÑO;BOSA SUR
13520;RIVERA BOSA;4.612768469268242;-74.18243198068123;BOGOTA 7-SERGIO MATEUS;BOSA SUR
13522;ARGELIA BOSA;4.613764391781583;-74.18469772101858;BOGOTA 7-SERGIO MATEUS;BOSA SUR
13523;PORTAL BOSA;4.613006648711897;-74.18627526864827;BOGOTA 7-SERGIO MATEUS;BOSA SUR
13525;SAN DIEGO BOSA;4.610999866100454;-74.20109023205596;BOGOTA 7-SERGIO MATEUS;BOSA SUR
13527;EL JARDIN BOSA;4.609751090931427;-74.1887963086221;BOGOTA 7-SERGIO MATEUS;BOSA SUR
13528;SAN ANTONIO BOSA;4.6242692762583335;-74.19779350886417;BOGOTA 7-SERGIO MATEUS;BOSA SUR
13529;LA CABAÑA BOSA;4.6316577690517695;-74.19066385205313;BOGOTA 10 - DAYANA PATIÑO;BOSA SUR
13530;EL ANHELO;4.63505640329887;-74.19206187546348;;BOSA SUR
13531;SAN PEDRO BOSA;4.614406934580679;-74.19532906064987;BOGOTA 7-SERGIO MATEUS;BOSA SUR
13532;SAN BERNARDINO;4.62143167933001;-74.19670242712706;BOGOTA 7-SERGIO MATEUS;BOSA SUR
13535;FLORESTA NORTE;4.686708880015129;-74.07996515784717;FUERA DE COBERTURA NORTE;Z FDC NORTE
13537;PENSILVANIA;4.606089503713627;-74.10310491082147;BOGOTA 1 - HECTOR BONILLA;P. ARANDA - ANTONIO NARIÑO
13538;SOACHA MERCURIO;4.592854483627142;-74.20531408141656;BOGOTA SOACHA- RUBEN AVILA;Z FDC SOACHA
13539;PALOQUEMAO;4.623530305829166;-74.09354524203152;FUERA DE COBERTURA NORTE;Z FDC CENTRO
13540;SAN FERNANDO;4.6731041283346935;-74.0833579067725;BOGOTA 8 - LUIS RANGEL;Z FDC NORTE
13541;LLANO GRANDE;4.633092602398199;-74.1636052538675;BOGOTA 4 NICK PEREZ;BOSA NORTE
13542;LA CORUÑA;4.579684315963006;-74.15133835253971;BOGOTA 3 - BRAYAN VILLARRAGA;TUNJUELITO - R. URIBE U.
13546;CASA LINDA;4.580725443615391;-74.1363687231499;BOGOTA 3 - BRAYAN VILLARRAGA;TUNJUELITO - R. URIBE U.
13547;LA ESMERALDA NORTE;4.648825289694806;-74.09095054572799;FUERA DE COBERTURA NORTE;Z FDC CENTRO
13548;LA CASTELLANA;4.681609506393085;-74.06314156758513;FUERA DE COBERTURA NORTE;Z FDC NORTE
13549;SANTA FE CENTRO;4.587380173315677;-74.13846252950668;FUERA DE COBERTURA NORTE;TRANSPORTADORA 1
13550;CANDELARIA;4.578548813772622;-74.14577040029475;BOGOTA 3 - BRAYAN VILLARRAGA;TRANSPORTADORA 1
13551;LA VICTORIA;4.710358578439173;-74.14216820754287;FUERA DE COBERTURA SUR;TRANSPORTADORA 1
13552;VERBENAL;4.758537745606191;-74.03655820010906;;Z FDC NORTE
13553;MODELO SUR;4.610352634054971;-74.16980176087489;BOGOTA 3 - BRAYAN VILLARRAGA;ENGATIVA OCCIDENTAL
13557;METROPOLIS;4.677511435922443;-74.08615412486057;BOGOTA 8 - LUIS RANGEL;Z FDC NORTE
13558;PALERMO;4.633446133790346;-74.07289925819936;FUERA DE COBERTURA NORTE;Z FDC CENTRO
13559;ZARZAMORA ENGATIVA;4.698152445619028;-74.11079462231554;BOGOTA 8 - JOSE LOPEZ;ENGATIVA OCCIDENTAL
13561;CEDRITOS GOLD;4.723127361282326;-74.03852384797464;FUERA DE COBERTURA NORTE;Z FDC NORTE
13562;SAN JOSE BAVARIA SUBA;4.749733585548795;-74.06000203554731;BOGOTA 12 SUBA LUIS RANGEL;Z FDC NORTE
13563;LAS CRUCES;4.621610450990732;-74.14670316221687;;TRANSPORTADORA 1
13564;PUERTO RICO;4.633309488496678;-74.16742052294256;;TRANSPORTADORA 1
13565;BILBAO SUBA;4.750257325223212;-74.11666056218942;BOGOTA 12 SUBA LUIS RANGEL;SUBA
13566;PORVENIR ENGATIVA;4.703521873259578;-74.13213841166589;BOGOTA 8 - JOSE LOPEZ;ENGATIVA OCCIDENTAL
13568;VILLA JAVIER;4.611372269430626;-74.19090279815417;BOGOTA 7-SERGIO MATEUS;TRANSPORTADORA 1
13570;NIZA SUBA;4.705073870865221;-74.06787240905463;BOGOTA 12 SUBA LUIS RANGEL;SUBA
13571;SAN ANTONIO NORTE;4.727678940224503;-74.06200941493859;;Z FDC NORTE
13573;LAS ORQUIDEAS;4.72582836472515;-74.06985641797762;;Z FDC NORTE
13577;PUENTE GRANDE FONT;4.6885101326228895;-74.16014084857976;BOGOTA 11- FONTIBÓN;FONTIBON
13578;QUINTA PAREDES;4.633854397095833;-74.09633957667445;;Z FDC NORTE
13579;MODELO NORTE;4.669123670963907;-74.08431236505412;BOGOTA 8 - LUIS RANGEL;Z FDC CENTRO
13580;ALTAMIRA;;;;TRANSPORTADORA 1
13581;COLINA CAMPESTRE SUBA;4.72269398239372;-74.07540356463853;BOGOTA 12 SUBA LUIS RANGEL;Z FDC NORTE
13584;GUACAMAYAS;4.576426006207066;-74.11174045268115;BOGOTA 3 - BRAYAN VILLARRAGA;TRANSPORTADORA 1
13586;MIRANDELA SUBA;4.766154211190986;-74.0486993356134;BOGOTA 12 SUBA LUIS RANGEL;Z FDC NORTE
13587;SANTA LIBRADA;4.641671498315818;-74.16701645742725;FUERA DE COBERTURA SUR;TRANSPORTADORA 1
13588;MAZUREN SUBA;4.734893782977113;-74.05773949776123;BOGOTA 12 SUBA LUIS RANGEL;Z FDC NORTE
13590;BOCHICA ENGATIVA;4.714546256103151;-74.10864423616431;BOGOTA 8 - LUIS RANGEL;ENGATIVA ORIENTAL
13594;MOLINOS;4.583143496185633;-74.12898483882198;BOGOTA 3 - BRAYAN VILLARRAGA;Z FDC SUR
13595;PONTEVEDRA SUBA;4.696298926632;-74.0855888295167;BOGOTA 12 SUBA LUIS RANGEL;SUBA
13596;TEUSAQUILLO;4.631028034026761;-74.07915413015273;FUERA DE COBERTURA NORTE;Z FDC CENTRO
13597;PUENTE ARANDA;4.615442580959022;-74.11600813058256;BOGOTA 1 - HECTOR BONILLA;P. ARANDA - ANTONIO NARIÑO
13598;CENTRO LA CANDELARIA;;;;TRANSPORTADORA 1
13599;UNIR ENGATIVA;4.719950742987277;-74.1302803185829;BOGOTA 8 - JOSE LOPEZ;ENGATIVA OCCIDENTAL
13601;LAS BRISAS FONT;4.669490842315103;-74.15631563143975;BOGOTA 11- FONTIBÓN;FONTIBON
13602;CASA GRANDE;4.583041861374464;-74.14461795291689;BOGOTA 3 - BRAYAN VILLARRAGA;TUNJUELITO - R. URIBE U.
13604;MONTEVIDEO;4.6444387340745195;-74.14580794682573;BOGOTA 11- FONTIBÓN;Z FDC NORTE
13605;PASADENA SUBA;4.695785357461859;-74.06641354345757;BOGOTA 12 SUBA LUIS RANGEL;SUBA
13606;12 DE OCTUBRE;4.673162087136327;-74.07511569695683;BOGOTA 8 - LUIS RANGEL;Z FDC NORTE
13607;USME;4.611642119232529;-74.14445131260456;BOGOTA 3 - BRAYAN VILLARRAGA;TRANSPORTADORA 1
46093;EL CAMPIN;4.681167314947563;-74.13822898053482;FUERA DE COBERTURA NORTE;Z FDC NORTE
46102;BARRANCA;4.735536331118328;-74.03037260493869;FUERA DE COBERTURA NORTE;Z FDC NORTE
46108;SPRING NORTE SUBA;4.705371973665353;-74.0262284372287;BOGOTA 12 SUBA LUIS RANGEL;SUBA
46112;TIBABITA;4.756377022806909;-74.04896969921356;;Z FDC NORTE
46114;SAMPER MENDOZA;;;;TRANSPORTADORA 1
46115;SAN JOSE BOSA;4.611991705696319;-74.20254466184947;BOGOTA 7-SERGIO MATEUS;BOSA SUR
46119;SAN AGUSTIN;;;FUERA DE COBERTURA SUR;TRANSPORTADORA 1
46121;PROVIDENCIA ALTA;4.60887169;-74.16358022;BOGOTA 3 - BRAYAN VILLARRAGA;TRANSPORTADORA 1
46126;TOBERIN;4.687896487052951;-74.07859154391211;FUERA DE COBERTURA NORTE;Z FDC NORTE
46127;LAS PALMAS ENGATIVA;4.714800167397737;-74.13887277418563;BOGOTA 8 - JOSE LOPEZ;ENGATIVA OCCIDENTAL
46129;CORFERIAS;4.628874937509371;-74.08767668593394;FUERA DE COBERTURA NORTE;Z FDC CENTRO
46130;GRAN AMERICA;4.626753719929168;-74.08472774489967;;Z FDC CENTRO
46131;NUEVA ZELANDA SUBA;4.751934068128546;-74.05884683305936;BOGOTA 12 SUBA LUIS RANGEL;Z FDC NORTE
46132;SOACHA HOGARES;4.633095145780816;-74.15440624870973;BOGOTA SOACHA- RUBEN AVILA;Z FDC SOACHA
46133;SOACHA QUINTANARES;4.589863804838704;-74.19230475365173;BOGOTA SOACHA- RUBEN AVILA;Z FDC SOACHA
46134;SOACHA EL ALTICO;4.611874867148353;-74.15203590685995;BOGOTA SOACHA- RUBEN AVILA;Z FDC SOACHA
46135;PARQUE CAMPESTRE;4.607705445479315;-74.20081548905985;BOGOTA SOACHA- RUBEN AVILA;Z FDC SOACHA
46136;SALITRE SUBA;4.738153529094575;-74.09351228539539;BOGOTA 12 SUBA LUIS RANGEL;SUBA
46137;CHICO NORTE;4.682146732065666;-74.05592831002816;FUERA DE COBERTURA NORTE;Z FDC NORTE
46138;CIUDAD CIUDAD VERDE;4.601338405818687;-74.2081979774284;BOGOTA SOACHA- RUBEN AVILA;Z FDC SOACHA
46140;SOACHA COMPARTIR;4.633312637763426;-74.17122788811415;BOGOTA SOACHA- RUBEN AVILA;Z FDC SOACHA
46141;USME ACAPULCO;4.6035323106049555;-74.14254454278144;BOGOTA 3 - BRAYAN VILLARRAGA;TRANSPORTADORA 1
46142;LA GAITANA SUBA;4.74335827749931;-74.10732215137972;BOGOTA 12 SUBA LUIS RANGEL;SUBA
46143;DIANA TURBAY;4.6051357845929815;-74.12730003640102;BOGOTA 3 - BRAYAN VILLARRAGA;TRANSPORTADORA 1
46144;PABLO VI NORTE;4.652733068371931;-74.08816145120711;;Z FDC NORTE
46145;PARQUES DE BTA;4.626900024454148;-74.20178167762644;BOGOTA 10 - DAYANA PATIÑO;BOSA SUR
46146;SOACHA 12 MARZO;4.578621093268225;-74.21220164011466;BOGOTA SOACHA- RUBEN AVILA;Z FDC SOACHA
46148;CALVO SUR;4.638583360479073;-74.17423285360783;;Z FDC SUR
46150;TIBABUYES SUBA;4.737951363391198;-74.10070476124898;BOGOTA 12 SUBA LUIS RANGEL;SUBA
46151;SANTA BARBARA;4.6975940589776615;-74.03487699177259;FUERA DE COBERTURA NORTE;Z FDC NORTE
46152;EL PEDREGAL;3.5219551762063075;-76.45821624555653;;Z FDC NORTE
46153;LA CAMPIÑA SUBA;4.737295331095439;-74.09228037180613;BOGOTA 12 SUBA LUIS RANGEL;SUBA
46156;GILMAR SUBA;4.744869133359636;-74.0641636885723;BOGOTA 12 SUBA LUIS RANGEL;Z FDC NORTE
46157;PINAR SUBA;4.749497299673086;-74.08902541490006;BOGOTA 12 SUBA LUIS RANGEL;SUBA
46158;SOACHA CIUDAD LATINA;4.634250205191501;-74.18451570945476;BOGOTA SOACHA- RUBEN AVILA;Z FDC SOACHA
46159;PRADO VERANIEGO SUBA;4.713241016423693;-74.06015118129015;BOGOTA 12 SUBA LUIS RANGEL;Z FDC NORTE
46160;HUMBERTO VALENCIA BOSA;4.611492160911287;-74.19466802833922;BOGOTA 7-SERGIO MATEUS;BOSA SUR
46167;OFICINA BOG;4.61474267802869;-74.14156320803068;EMPLEADOS BOGOTA;
46168;SAN JOSE OBRERO ENGATIVA;4.714822138951198;-74.13462837085333;BOGOTA 8 - JOSE LOPEZ;ENGATIVA OCCIDENTAL
46176;CALIFORNIA;4.618663930509539;-74.14811557148786;BOGOTA 2 - OSCAR VILLALOBOS;KENNEDY SUR
46200;CALANDAIMA;4.643971122638897;-74.16631094577686;BOGOTA 6 - JAIDEN ALFONSO;BOSA NORTE
46203;TINTALA KENNEDY;4.647543504666821;-74.15656896828939;BOGOTA 5 - ELICENIA CASTRO;KENNEDY NORTE
46205;CARVAJAL II;4.612667273093893;-74.1403809518416;BOGOTA 9 - GERARDO TEATINO;KENNEDY SUR
46206;CIUDAD KENNEDY;4.621273618764933;-74.15519726307404;BOGOTA 10 - DAYANA PATIÑO;KENNEDY SUR
46208;KENNEDY LOS FUNDADORES;4.614466560452959;-74.12944123902912;;P. ARANDA - ANTONIO NARIÑO
46211;LAS AMERICAS ENGATIVA;4.63981724059619;-74.1374004745061;;ENGATIVA OCCIDENTAL
46212;LAS AMÉRICAS SECTOR GALÁN;4.62506;-74.1250594;;P. ARANDA - ANTONIO NARIÑO
46216;MARSELLA III SECTOR;4.627806498340224;-74.12692051571786;;P. ARANDA - ANTONIO NARIÑO
46231;USAQUEN;4.733144999250597;-74.04518382098804;FUERA DE COBERTURA NORTE;Z FDC NORTE
46694;GALAPA;10.939085097356346;-74.80233077940159;;TRANSPORTADORA 1
46699;CANDELARIA;3.484545481577672;-76.50607128676342;;TRANSPORTADORA 1
46706;PALMAR DE VARELA;10.96506137474436;-74.77610481097463;;TRANSPORTADORA 1
46711;CARTAGENA;6.266573914498076;-75.55913468933821;;TRANSPORTADORA 1
46750;FÓMEQUE;4.600465664496034;-74.1315999076457;;TRANSPORTADORA 1
46822;CALDAS;6.096459905523636;-75.63769716077097;;TRANSPORTADORA 1
46877;VILLA DE SAN DIEGO DE UBATE;4.5907933925646525;-74.15946287973854;;TRANSPORTADORA 1
47004;VALLEDUPAR;4.638742959778623;-74.1707179889487;;TRANSPORTADORA 1
47082;GIRARDOT;4.606942485824034;-74.16752229575872;MUNICIPIOS SIN COBERTURA;TRANSPORTADORA 1
47091;PUERTO SALGAR;4.613375;-74.17130666666667;;TRANSPORTADORA 1
47110;LA CALERA;;;;TRANSPORTADORA 1
47139;CAJICÁ;;;MUNICIPIOS SIN COBERTURA;TRANSPORTADORA 1
47140;CHÍA;4.611648385826173;-74.1779306632485;;TRANSPORTADORA 1
47149;COTA;;;;TRANSPORTADORA 1
47152;FUNZA;4.592034138078081;-74.22613031531503;;TRANSPORTADORA 1
47153;MADRID;3.53092041214019;-76.4938764572693;MUNICIPIOS SIN COBERTURA;TRANSPORTADORA 1
47154;MOSQUERA;4.614497931665402;-74.17338222702665;MUNICIPIOS SIN COBERTURA;TRANSPORTADORA 1
47159;SOACHA;4.615590294824623;-74.1436252843455;MUNICIPIOS SIN COBERTURA;TRANSPORTADORA 1
47162;FUSAGASUGÁ;4.6153012389217425;-74.13288353345719;MUNICIPIOS SIN COBERTURA;TRANSPORTADORA 1
47175;LA MESA;4.569466979282639;-74.23466411745765;;TRANSPORTADORA 1
47218;NEIVA;3.528255;-76.49621666666667;MUNICIPIOS SIN COBERTURA;TRANSPORTADORA 1
47236;PITALITO;4.664482466666667;-74.10988501666667;;TRANSPORTADORA 1
47244;RIOHACHA;;;;TRANSPORTADORA 1
47299;VILLAVICENCIO;6.149604754403511;-75.60036157432621;;TRANSPORTADORA 1
47300;ACACIAS;4.615231971721241;-74.15796087678864;;TRANSPORTADORA 1
47310;SAN MARTÍN;4.635944288327271;-74.16256467197758;;TRANSPORTADORA 1
47314;LEBRIJA;7.056782008726012;-73.16623495278904;;TRANSPORTADORA 1
47346;IBAGUÉ;4.612843953301847;-74.15749305558336;MUNICIPIOS SIN COBERTURA;TRANSPORTADORA 1
47407;PAMPLONA;7.067617843095762;-73.16447629890206;;TRANSPORTADORA 1
47474;GUACA;7.072398877807004;-73.11104877224834;;TRANSPORTADORA 1
47498;BARRANCABERMEJA;7.1014614826267195;-73.14153707623576;MUNICIPIOS SIN COBERTURA;TRANSPORTADORA 1
47536;MAJAGUAL;6.304942649012702;-75.54930983244084;;TRANSPORTADORA 1
47542;SINCELEJO;5.073253652035087;-75.49231144502082;;TRANSPORTADORA 1
47570;MELGAR;4.7079029;-74.10787179999998;MUNICIPIOS SIN COBERTURA;TRANSPORTADORA 1
48625;VILLA SUAITA BOSA;4.615083039022206;-74.18949266071041;BOGOTA 7-SERGIO MATEUS;BOSA SUR
48626;LA ARBOLEDA BOSA;4.631282512775653;-74.18226207733164;;BOSA SUR
48642;SAN BENITO TUNJUELITO;4.565229817174997;-74.13651737988218;BOGOTA 3 - BRAYAN VILLARRAGA;TUNJUELITO - R. URIBE U.
48653;PALMAR ENGATIVA;4.71137473458224;-74.13751761753721;BOGOTA 8 - JOSE LOPEZ;ENGATIVA OCCIDENTAL
48654;KENNEDY OLIVOS;4.625945733142968;-74.1638214547517;BOGOTA 10 - DAYANA PATIÑO;KENNEDY SUR
48656;LUCERO;4.589771222390789;-74.1380230043301;BOGOTA 3 - BRAYAN VILLARRAGA;TRANSPORTADORA 1
48657;SAN LORENZO ENGATIVA;4.716709446541665;-74.14054926363809;BOGOTA 8 - JOSE LOPEZ;ENGATIVA OCCIDENTAL
48658;PUEBLO ENGATIVA;4.713766325460989;-74.13768329714897;BOGOTA 8 - JOSE LOPEZ;ENGATIVA OCCIDENTAL
48665;SIERRA MORENA;4.632243080086699;-74.19855619897542;;TRANSPORTADORA 1
48670;PASTRANA KENNEDY;4.616874849404085;-74.16487639970246;BOGOTA 4 NICK PEREZ;KENNEDY NORTE
48672;FAVIDI;4.651083479332332;-74.13615408337544;BOGOTA 5 - ELICENIA CASTRO;KENNEDY NORTE
48673;PARAISO CIUDAD BOLIVAR;4.616979275341366;-74.16323076120081;FUERA DE COBERTURA SUR;TRANSPORTADORA 1
48676;JAPON SUBA;4.720778574776944;-74.09278691655342;BOGOTA 12 SUBA LUIS RANGEL;SUBA
48677;SAN CAYETANO SUBA;4.724137091529511;-74.09676016381454;BOGOTA 12 SUBA LUIS RANGEL;SUBA
48678;TELECOM ARRAYANES SUBA;4.725013253391705;-74.09708777871191;BOGOTA 12 SUBA LUIS RANGEL;SUBA
48679;AMBERES SUBA;4.723776165316862;-74.09110528152519;BOGOTA 12 SUBA LUIS RANGEL;SUBA
48680;RINCON NARANJOS SUBA;4.726232702874871;-74.08784817412496;;SUBA
48681;LA MANUELITA SUBA;4.721066694488985;-74.08883090081237;BOGOTA 12 SUBA LUIS RANGEL;SUBA
48683;COSTA RICA SUBA;4.618946074425058;-74.17326624093559;;SUBA
48684;VILLA ELISA SUBA;4.734335189976431;-74.08658732815873;BOGOTA 12 SUBA LUIS RANGEL;SUBA
48685;GLORIA LARA DE ECHEVERRI SUBA;4.730971250186814;-74.09282511799593;;SUBA
48686;RIO BAMBA SUBA;4.735165184583129;-74.09065364965403;BOGOTA 12 SUBA LUIS RANGEL;SUBA
48688;LA CHUCUA SUBA;4.7378419;-74.0936958;;SUBA
48689;TRINITARIA SUBA;4.738730719298551;-74.09396547864996;BOGOTA 12 SUBA LUIS RANGEL;SUBA
48691;SANTA INES BOSA;4.628999899537027;-74.197125207398;BOGOTA 10 - DAYANA PATIÑO;BOSA SUR
48692;ANTONIO GRANADOS SUBA;4.743801058164534;-74.09483921086606;BOGOTA 12 SUBA LUIS RANGEL;SUBA
48693;SUBA EL POA;4.743953648418537;-74.09623742200014;BOGOTA 12 SUBA LUIS RANGEL;SUBA
48694;BOCHALEMA SUBA;4.7431021142085905;-74.09488173583478;BOGOTA 12 SUBA LUIS RANGEL;SUBA
48695;COSTA AZUL SUBA;4.737657100214494;-74.09720442563133;BOGOTA 12 SUBA LUIS RANGEL;SUBA
48696;BATAN NORTE SUBA;4.7025106679037085;-74.05905756403558;;SUBA
48697;LAGOS DE SUBA SUBA;4.731524823274535;-74.09973773292316;BOGOTA 12 SUBA LUIS RANGEL;SUBA
48699;AURES 2 SUBA;4.734641371925601;-74.10165211827356;BOGOTA 12 SUBA LUIS RANGEL;SUBA
48700;VILLA MARIA SUBA;4.740892846240562;-74.10122992000979;BOGOTA 12 SUBA LUIS RANGEL;SUBA
48702;ALTOS DE CAZUCA;4.64257500910998;-74.17419809715778;;TRANSPORTADORA 1
48703;BERLIN SUBA;4.7460491647732015;-74.11477032278269;BOGOTA 12 SUBA LUIS RANGEL;SUBA
48704;SAN PEDRO SUBA;4.746283665493688;-74.11801478623524;BOGOTA 12 SUBA LUIS RANGEL;SUBA
48705;TOSCANA LISBOA SUBA;4.743760394151404;-74.11619644947774;BOGOTA 12 SUBA LUIS RANGEL;SUBA
48708;NOGALES SUBA;4.742312668589252;-74.11359315374182;BOGOTA 12 SUBA LUIS RANGEL;SUBA
48709;SAN CARLOS SUBA;4.749013663515739;-74.11366080219275;BOGOTA 12 SUBA LUIS RANGEL;SUBA
48710;FONTANAR DEL RIO SUBA;4.752514761413778;-74.11452603356854;BOGOTA 12 SUBA LUIS RANGEL;SUBA
48711;CAMINOS DE ESPERANZA SUBA;4.754992558171192;-74.1146605396223;BOGOTA 12 SUBA LUIS RANGEL;SUBA
48712;LOMBARDIA SUBA;4.746286235579998;-74.09926249027465;BOGOTA 12 SUBA LUIS RANGEL;SUBA
48713;LAS FLORES SUBA;4.746064713805746;-74.09768898144388;BOGOTA 12 SUBA LUIS RANGEL;SUBA
48714;TURINGIA SUBA;4.70814479623638;-74.12019739085795;;SUBA
48715;JAVA SUBA;4.739144287495268;-74.08352670644948;;SUBA
48716;SANTA RITA SUBA;4.7437672258381;-74.11607192419328;BOGOTA 12 SUBA LUIS RANGEL;SUBA
48717;LITUANIA ENGATIVA;4.7131201253347;-74.13620680482617;BOGOTA 8 - JOSE LOPEZ;ENGATIVA OCCIDENTAL
48718;ASTURIAS KENNEDY;4.608229337383407;-74.14308136172414;BOGOTA 2 - OSCAR VILLALOBOS;KENNEDY SUR
48719;FAENA ENGATIVA;4.717030118434784;-74.13816866397809;BOGOTA 8 - JOSE LOPEZ;ENGATIVA OCCIDENTAL
48720;LITERAMA ENGATIVA;4.7115575420089515;-74.13790650959277;BOGOTA 8 - JOSE LOPEZ;ENGATIVA OCCIDENTAL
48722;ALAMOS ENGATIVA;4.695674258118718;-74.12115871797104;BOGOTA 8 - JOSE LOPEZ;ENGATIVA OCCIDENTAL
48725;COMUNEROS PUENTE ARANDA;4.606641592417133;-74.10337239603018;;P. ARANDA - ANTONIO NARIÑO
48727;BOCHICA  PUENTE ARANDA;4.6057109207960485;-74.10673349319318;;P. ARANDA - ANTONIO NARIÑO
48728;OSPINA PEREZ PUENTE ARANDA;4.600275115747889;-74.13041096971003;BOGOTA 1 - HECTOR BONILLA;P. ARANDA - ANTONIO NARIÑO
48729;LAGUNETA TUNJUELITO;4.5924418418159165;-74.14315627174541;BOGOTA 9 - GERARDO TEATINO;TUNJUELITO - R. URIBE U.
48730;LIBERTADOR RAFAEL URIBE URIBE;4.587105620084811;-74.11361934769002;BOGOTA 3 - BRAYAN VILLARRAGA;TUNJUELITO - R. URIBE U.
48731;FLORENCIA FONTIBON;4.695756456410384;-74.16562830084015;BOGOTA 11- FONTIBÓN;FONTIBON
48732;TUNJUELITO TUNJUELITO;4.562127218036937;-74.12682714167796;BOGOTA 3 - BRAYAN VILLARRAGA;TUNJUELITO - R. URIBE U.
48733;ABRAHAM LINCOLN TUNJUELITO;4.557669736164131;-74.12432760917666;BOGOTA 3 - BRAYAN VILLARRAGA;TUNJUELITO - R. URIBE U.
25705;DIAMANTE 2;7.09129917768093;-73.1142502219688;BUCARAMANGA 3;PROVENZA
25706;LA FERIA;7.1205388667405245;-73.13936381461747;BUCARAMANGA 4- NORTE;ZONA1
25707;PROVENZA;7.082967628196115;-73.11547206238116;BUCARAMANGA 3;PROVENZA
25708;NAPOLES;7.120234209086311;-73.13492676645733;BUCARAMANGA 4- NORTE;ZONA1
25709;GIRARDOT;7.121006246575216;-73.13340633172241;BUCARAMANGA 4- NORTE;ZONA1
25710;SAN LUIS;7.091750906853609;-73.11875836430535;BUCARAMANGA 3;PROVENZA
25711;SANTANDER;7.116776421165972;-73.13715404041808;BUCARAMANGA 6;ZONA1
25713;DON BOSCO;7.112781342479155;-73.1442913990615;BUCARAMANGA 4- NORTE;ZONA1
25714;DOCE DE OCTUBRE;7.118813912788096;-73.13539675281163;BUCARAMANGA 4- NORTE;ZONA1
25715;PIO XII;7.118409687264878;-73.1357868365458;BUCARAMANGA 4- NORTE;ZONA1
25716;LA JOYA;7.11220811535609;-73.13679959135833;BUCARAMANGA 4- NORTE;ZONA1
25717;ALFONSO LOPEZ;7.114763392050912;-73.1312871290106;BUCARAMANGA 6;ZONA1
25718;EL ROCIO;7.084606362077435;-73.12062309010197;BUCARAMANGA 1;PROVENZA
25719;MANUELA BELTRAN;7.083679079010366;-73.12470410355043;BUCARAMANGA 1;PROVENZA
25720;MUTIS;7.099848049819294;-73.1304174210822;BUCARAMANGA 1;MUTIS
25721;COMUNEROS;7.133972516359158;-73.12696189511034;BUCARAMANGA 6;CENTRO  BMANGA
25722;CAMPOHERMOSO;7.105817860981211;-73.13740652666732;BUCARAMANGA 4- NORTE;ZONA1
25723;TRANSICION;7.082782808361382;-73.11491051138043;PROBLEMAS COBRO;NORTE19
25724;23 DE JUNIO;7.1180930382151;-73.13595943345038;BUCARAMANGA 4- NORTE;ZONA1
25725;SANTA ANA;7.08076874796369;-73.09934179067814;BUCARAMANGA 2;FLORIDABLANCA
25726;BUCARAMANGA;7.0936518474006816;-73.12600591232861;BUCARAMANGA 1;MUTIS
25727;PORVENIR;7.081971083968488;-73.13027196161038;BUCARAMANGA 3;PROVENZA
25728;CABECERA;7.11435575388635;-73.11011907596168;BUCARAMANGA 6;CENTRO  BMANGA
25729;URBANIZACION VILLA ALICIA;7.08558726660688;-73.12187789235224;BUCARAMANGA 1;PROVENZA
25730;VILLA PRADO;7.110356301178529;-73.13213645820296;BUCARAMANGA 4- NORTE;ZONA1
25731;VILLAS DE SAN JUAN;7.055722551901711;-73.16743776570424;BUCARAMANGA 7;GIRON
25732;ALVAREZ;7.126515373691749;-73.10916485077885;BUCARAMANGA 6;CENTRO  BMANGA
25733;SAN FRANCISCO;7.130248917470676;-73.12369795080772;BUCARAMANGA 6;CENTRO  BMANGA
25734;VILLA ALICIA;7.086246381004011;-73.12131685636307;BUCARAMANGA 1;PROVENZA
25735;ANTONIA SANTOS;7.121842072683262;-73.11933305726414;BUCARAMANGA 6;CENTRO  BMANGA
25736;QUINTA ESTRELLA;7.101684416522915;-73.14176277124194;BUCARAMANGA 4- NORTE;ZONA1
25737;PRIMERO DE MAYO;7.102550604372074;-73.14246123985674;BUCARAMANGA 4- NORTE;ZONA1
25738;ASTURIAS II;7.090244432709813;-73.1059778876091;BUCARAMANGA 2;FLORIDABLANCA
25739;BUCARICA;7.068858806980979;-73.08635010578084;BUCARAMANGA 5 FLORIDA;FLORIDABLANCA 2
25742;ESTORAQUES;7.092349651010927;-73.14227141784086;BUCARAMANGA 1;MUTIS
25743;MANZANARES;7.095338367007677;-73.13889516508678;BUCARAMANGA 1;MUTIS
25744;PUNTA ESTRELLA;7.094328380124029;-73.13607842658561;BUCARAMANGA 1;MUTIS
25745;ESTORAQUES 1;7.092543204224699;-73.14216680965916;BUCARAMANGA 1;MUTIS
25746;ESTORAQUES 2;7.091704975258551;-73.14303396402104;BUCARAMANGA 1;MUTIS
25747;MONTERREDONDO;7.093430406377109;-73.13335885816178;BUCARAMANGA 1;MUTIS
25748;PRADOS DEL MUTIS;7.09544532205276;-73.13555214870318;BUCARAMANGA 1;MUTIS
25749;BRISAS DEL MUTIS;7.096002609900177;-73.13356953245943;BUCARAMANGA 1;MUTIS
25751;CIUDAD BOLIVAR;7.096950374917837;-73.12595835484493;BUCARAMANGA 1;MUTIS
25752;TOLEDO PLATA;7.080171460732131;-73.12235598737797;BUCARAMANGA 3;PROVENZA
25753;DANGON;7.078157980034263;-73.12368129904219;BUCARAMANGA 3;PROVENZA
25754;GAITAN;7.131652681209983;-73.13360766827442;BUCARAMANGA 4- NORTE;NORTE19
25755;NARANJO;7.102395502358847;-73.12689800676985;BUCARAMANGA 1;MUTIS
25756;NARANJO 2;7.115554563487607;-73.1220692511026;;MUTIS
25757;HEROES;7.097363469028119;-73.12897288939753;BUCARAMANGA 1;MUTIS
25758;ALARES;7.093407180919741;-73.09301639424986;BUCARAMANGA 2;FLORIDABLANCA
25759;PABLO VI;7.0963139413316325;-73.11911829418621;BUCARAMANGA 1;MUTIS
25760;LA VICTORIA;7.100219835612252;-73.1174840139631;BUCARAMANGA 1;MUTIS
25761;SAN GERARDO;7.098558765423382;-73.12303809595379;BUCARAMANGA 1;MUTIS
25762;CORDONCILLO;7.098888225038312;-73.11940529810667;BUCARAMANGA 1;MUTIS
25763;CENTAUROS;7.102489857138384;-73.12823413408363;BUCARAMANGA 1;MUTIS
25764;CANELOS;7.097785619596557;-73.12302287998652;BUCARAMANGA 1;MUTIS
25765;LA CUMBRE;7.076156465964709;-73.08923797172888;BUCARAMANGA 5 FLORIDA;FLORIDABLANCA
25768;COAVICONSA;7.086444415467107;-73.12387846558282;BUCARAMANGA 1;PROVENZA
25769;SANTA MARIA;7.08533192073804;-73.12468250120999;BUCARAMANGA 1;PROVENZA
25770;CORDONCILLO II;7.096289790108038;-73.1239371715265;BUCARAMANGA 1;MUTIS
25771;LAS DELICIAS;7.083993846822256;-73.12216843829415;BUCARAMANGA 1;PROVENZA
25772;CIUDAD VENECIA;7.089560811565319;-73.12372084706236;BUCARAMANGA 1;PROVENZA
25773;CONQUISTADORES;7.089372170833438;-73.12565245808855;BUCARAMANGA 1;PROVENZA
25774;NUEVA FONTANA;7.088811066518842;-73.12239964820522;BUCARAMANGA 1;PROVENZA
25775;CANDILES;7.108358519736026;-73.12701848533897;BUCARAMANGA 1;MUTIS
25776;SAN MIGUEL;7.109264001622965;-73.12356866068836;BUCARAMANGA 1;MUTIS
25777;KENEDY;7.151529115276051;-73.13434150238214;BUCARAMANGA 4- NORTE;NORTE19
25778;COLOMBIA;7.097647223499388;-73.12238532941683;BUCARAMANGA 1;MUTIS
25779;CRISTAL ALTO;7.076707377325883;-73.11810951062212;BUCARAMANGA 3;PROVENZA
25783;OMAGA;7.149635261835612;-73.13412886002334;BUCARAMANGA 4- NORTE;NORTE19
25784;ESPAÑA;7.078083117804227;-73.12566084167251;BUCARAMANGA 3;PROVENZA
25785;CIUDAD METROPOLITANA;7.0786915061131594;-73.12497015194569;BUCARAMANGA 3;PROVENZA
25788;MIRADOR DEL KENEDY;7.155760485415215;-73.13772036189432;BUCARAMANGA 4- NORTE;NORTE19
25789;TEJAR II;7.151031717926189;-73.13583489053416;BUCARAMANGA 4- NORTE;NORTE19
25790;GUADUALES;7.080858763686018;-73.12416262258881;BUCARAMANGA 3;PROVENZA
25792;BRISAS DEL PALMAR;7.077441586664128;-73.12360664497047;BUCARAMANGA 3;PROVENZA
25794;SAN ALONSO;7.131037229585132;-73.11636293657358;BUCARAMANGA 6;CENTRO  BMANGA
25795;ALBANIA;7.129397710083003;-73.10727548234365;BUCARAMANGA 6;CENTRO  BMANGA
25796;LA UNIVERSIDAD;7.135455512220972;-73.12176660942745;BUCARAMANGA 6;CENTRO  BMANGA
25797;CENTRO;7.118531319932445;-73.12299396083151;BUCARAMANGA 6;CENTRO  BMANGA
25798;VILLA ROSA;7.1383206376356;-73.13024915946444;PROBLEMAS COBRO;NORTE19
25800;LA CONCORDIA;7.110771428968897;-73.11855633917403;BUCARAMANGA 1;CENTRO  BMANGA
25801;SOTOMAYOR;7.111835818173826;-73.11538316774117;BUCARAMANGA 6;CENTRO  BMANGA
25802;ANTONIA SANTOS SUR;7.101273088192498;-73.11079104268204;BUCARAMANGA 2;PROVENZA
25803;LA FLORESTA;7.107250895298178;-73.10680885240117;BUCARAMANGA 6;CENTRO  BMANGA
25804;TERRAZAS;7.109503332249982;-73.10634643797347;BUCARAMANGA 6;CENTRO  BMANGA
25805;LA SALLE;7.102188083471146;-73.1126627654889;BUCARAMANGA 1;MUTIS
25806;LA CEIBA;7.103376970226933;-73.11688337234858;BUCARAMANGA 1;MUTIS
25807;GRANADA SUR;7.096893891825219;-73.11442674567547;BUCARAMANGA 2;PROVENZA
25808;BOLARQUI;7.10975556599063;-73.11641012581104;BUCARAMANGA 1;CENTRO  BMANGA
25809;NUEVO SOTOMAYOR;7.111677074008672;-73.11587759673522;BUCARAMANGA 6;CENTRO  BMANGA
25810;MEJORAS PUBLICAS;7.1216617905150095;-73.11462527291232;BUCARAMANGA 6;CENTRO  BMANGA
25811;LA AURORA;7.125328081643903;-73.11511567373428;BUCARAMANGA 6;CENTRO  BMANGA
25812;ALARCON;7.126754478612541;-73.12349685145695;BUCARAMANGA 6;CENTRO  BMANGA
25814;MODELO;7.128152621166675;-73.12839942784483;BUCARAMANGA 6;CENTRO  BMANGA
25815;LOS PINOS;7.132852164969027;-73.11133299801496;BUCARAMANGA 6;CENTRO  BMANGA
25817;EL PRADO;7.123513262863049;-73.11115173868635;BUCARAMANGA 6;CENTRO  BMANGA
25818;PORTAL 1;7.0783257348747695;-73.1661543213387;BUCARAMANGA 7;GIRON
25819;CARRISAL CAMPESTRE;7.084684279799538;-73.17406363956546;BUCARAMANGA 7;GIRON
25820;PORTAL CAMPESTRE;7.0613405012977895;-73.16735280166435;BUCARAMANGA 7;GIRON
25821;LOS ALPES;7.128705;-73.11025610000002;;FLORIDABLANCA
25822;ANDALUCIA;7.07710908739004;-73.10709975505169;BUCARAMANGA 5 FLORIDA;FLORIDABLANCA 2
25823;LA CAMPIÑA;7.0660363065343;-73.17375091959588;BUCARAMANGA 7;GIRON
25825;ZAPAMANGA V ETAPA;7.088794615688723;-73.0964147096864;BUCARAMANGA 2;FLORIDABLANCA
25826;ALTO VIENTO I;7.092941286966088;-73.10330115300474;BUCARAMANGA 2;FLORIDABLANCA
25827;ALTOS DE FONTANA;7.088184445147173;-73.12370813724795;BUCARAMANGA 1;PROVENZA
25828;PAN DE AZUCAR;7.111919028543619;-73.10902126462146;BUCARAMANGA 6;CENTRO  BMANGA
25829;LA INDEPENDENCIA;7.13507079909113;-73.12494939229015;PROBLEMAS COBRO;NORTE19
25830;OLAS ALTAS;7.153515095785787;-73.13292317609125;BUCARAMANGA 4- NORTE;NORTE19
25831;LAGOS III;7.071976062845381;-73.09791698349001;BUCARAMANGA 5 FLORIDA;FLORIDABLANCA 2
25832;ALMENDROS CIUDADELA;7.100338357960876;-73.12223918824215;BUCARAMANGA 1;MUTIS
25833;CORVIANDI 1RA ETAPA;7.057975165390094;-73.16802344005377;BUCARAMANGA 7;GIRON
25834;DIAMANTE I;7.092479504640566;-73.10725739669942;BUCARAMANGA 2;FLORIDABLANCA
25835;CENTRO ;6.9883570542181115;-73.05092909679729;BUCARAMANGA 8;PIEDECUESTA
25836;MERCEDES;7.109583921693119;-73.11282569895062;BUCARAMANGA 6;CENTRO  BMANGA
25837;NUEVA GRANADA;7.096618124375162;-73.11448933373414;BUCARAMANGA 2;PROVENZA
25839;EL REPOSO;7.09141542473077;-73.09311216467142;BUCARAMANGA 2;FLORIDABLANCA
25840;CONJUNTO TAJAMAR (CACIQUE FLORIDA);7.0989336395007605;-73.10486679026296;BUCARAMANGA 2;FLORIDABLANCA
25841;PUNTA PARAISO;7.076589347050629;-73.12487822833941;BUCARAMANGA 3;PROVENZA
25842;CAÑAVERAL;7.072216776817553;-73.11025818574386;RUTA FLORIDA CENTRO 3;FLORIDABLANCA 2
25844;VILLA SARA;7.084359237192885;-73.12124752885015;BUCARAMANGA 1;PROVENZA
25846;CAFE MADRID;7.160672485586565;-73.14038553204922;BUCARAMANGA 4- NORTE;NORTE19
25848;SAN MARTIN;7.098326381159018;-73.11009495148392;BUCARAMANGA 2;PROVENZA
25849;TEJAR I;7.149769282190603;-73.13620219969323;BUCARAMANGA 4- NORTE;NORTE19
25850;QUEBRADA LA IGLESIA;7.098091925841341;-73.10958605269313;BUCARAMANGA 2;PROVENZA
25851;MINUTO DE DIOS;7.148035198309172;-73.1337260115031;BUCARAMANGA 4- NORTE;NORTE19
25852;VILLAS DEL NOGAL;7.077387807063792;-73.12464754004246;BUCARAMANGA 3;PROVENZA
25853;ZAPAMANGA II ETAPA;7.088901022251389;-73.10145984987139;BUCARAMANGA 2;FLORIDABLANCA
25854;SAN PEDRO;7.099119971150512;-73.11092251085228;BUCARAMANGA 2;PROVENZA
25857;BABARIA II;7.083789767140073;-73.13050571620992;PROBLEMAS COBRO;NORTE19
25858;NIZA;7.086997622924587;-73.10542725009442;BUCARAMANGA 2;FLORIDABLANCA
25860;BETANIA;7.1129002176867075;-73.13583161630241;PROBLEMAS COBRO;NORTE19
25861;NUEVA SANTA BARBARA;7.0965676058697955;-73.10268461057373;BUCARAMANGA 2;FLORIDABLANCA
25862;REAL DE MINAS;7.103078492327617;-73.12428783803617;BUCARAMANGA 1;MUTIS
25864;PEDREGOSA;7.096117895231697;-73.1079305163114;BUCARAMANGA 2;FLORIDABLANCA
25866;EDEN;7.090507790179158;-73.1060650513617;BUCARAMANGA 2;FLORIDABLANCA
25867;BELLAVISTA;7.0944156764206525;-73.10560618342383;BUCARAMANGA 2;FLORIDABLANCA
25868;FONTANA;7.087346510851535;-73.1175236800055;BUCARAMANGA 3;PROVENZA
25869;GUARIN;7.127895448495721;-73.11298430329487;BUCARAMANGA 6;CENTRO  BMANGA
25870;URB BELLAVISTA;7.0742498835283545;-73.09697174185176;BUCARAMANGA 5 FLORIDA;FLORIDABLANCA
25871;OLAS BAJAS;7.155792596439028;-73.13316185381014;BUCARAMANGA 4- NORTE;NORTE19
25872;RINCON DE GIRON;7.071391852618552;-73.1639067301769;BUCARAMANGA 7;GIRON
25873;LA LIBERTAD;7.0944850633872525;-73.10726759048801;BUCARAMANGA 2;FLORIDABLANCA
25874;ISABELAR;7.084423703357471;-73.12569568530948;BUCARAMANGA 1;PROVENZA
25876;CALDAS;7.091294966108799;-73.10345922952801;BUCARAMANGA 2;FLORIDABLANCA
25877;CIUDAD VALENCIA;7.077245752495452;-73.10393934734445;BUCARAMANGA 5 FLORIDA;FLORIDABLANCA 2
25878;VILLABEL;7.0817415022349275;-73.10198114762035;BUCARAMANGA 5 FLORIDA;FLORIDABLANCA 2
25879;TRINIDAD - ZAPAMANGA;7.095238165932851;-73.09526068342001;BUCARAMANGA 2;FLORIDABLANCA
25880;MIRADOR DE ARENALES;7.052975470040066;-73.16623176470246;BUCARAMANGA 7;GIRON
25881;VILLA CAMPESTRE;7.063598479107938;-73.16651666003423;BUCARAMANGA 7;GIRON
25883;POBLADO;7.073047800391663;-73.16807942902793;BUCARAMANGA 7;GIRON
25884;VILLA JARDIN;7.067070436777739;-73.09108804761955;RUTA FLORIDA CENTRO 3;FLORIDABLANCA 2
25885;CIUDAD JARDIN;7.086617145522423;-73.08830693408053;BUCARAMANGA 5 FLORIDA;FLORIDABLANCA
25886;MARIA PAZ;7.1486566833880465;-73.13892520875469;BUCARAMANGA 4- NORTE;NORTE19
25888;MOLINOS BAJOS;7.077995565199127;-73.10480842451591;BUCARAMANGA 5 FLORIDA;FLORIDABLANCA 2
25889;PORTOFINO;7.094659282802683;-73.10897742887946;BUCARAMANGA 2;PROVENZA
25890;LA GRAN LADERA;7.092377252801966;-73.13329705351543;BUCARAMANGA 1;MUTIS
25891;RICAUTE;7.10466973120819;-73.11832110523594;BUCARAMANGA 1;MUTIS
25892;ALTOS DEL CACIQUE;7.098742150210901;-73.09629517466058;BUCARAMANGA 2;FLORIDABLANCA
25893;SAN RAFAEL;7.141802298834556;-73.13516511741845;BUCARAMANGA 4- NORTE;NORTE19
25894;COLSEGUROS;7.146832689959656;-73.13334322781762;BUCARAMANGA 4- NORTE;NORTE19
25895;ZAPAMANGA IV ETAPA;7.091029639049339;-73.09744733094225;BUCARAMANGA 2;FLORIDABLANCA
25897;LAGOS II;7.068508358953773;-73.09654222223887;BUCARAMANGA 5 FLORIDA;FLORIDABLANCA 2
25898;ALTAGRACIA;7.147654856157047;-73.13085283651961;BUCARAMANGA 4- NORTE;NORTE19
25899;BOSQUE NORTE;7.075681155553619;-73.09869026636929;PROBLEMAS COBRO;NORTE19
25900;ZAPAMANGA;7.091538474913552;-73.10017279507117;BUCARAMANGA 2;FLORIDABLANCA
25901;SANTA HELENA DE LA SIERRA;7.093491913003265;-73.09758438026256;BUCARAMANGA 2;FLORIDABLANCA
25902;TAJAMAR;7.095998234059663;-73.1027278400042;BUCARAMANGA 2;FLORIDABLANCA
25903;DORADO;7.089034326666495;-73.10604095014304;BUCARAMANGA 2;FLORIDABLANCA
25904;HACIENDA SAN JUAN;7.096870810143524;-73.0973698500154;BUCARAMANGA 2;FLORIDABLANCA
25906;ALPES DE CAMPESTRE;7.057679081844982;-73.1570155265357;BUCARAMANGA 7;GIRON
25907;ZAPAMANGA ETAPA III;7.087949008069622;-73.10037022386689;BUCARAMANGA 2;FLORIDABLANCA
25908;MALPASO;7.081932168200052;-73.1239840055765;BUCARAMANGA 3;PROVENZA
25909;VILLA ELENA NORTE;7.080317741510651;-73.13223691009561;PROBLEMAS COBRO;
25910;ZAPAMANGA VI ETAPA;7.087047889550829;-73.09990722522514;BUCARAMANGA 2;FLORIDABLANCA
25911;JUVENTUD;7.109899118725089;-73.12980365538047;PROBLEMAS COBRO;NORTE19
25912;COLORADOS;7.176015072962081;-73.13227441139885;BUCARAMANGA 4- NORTE;NORTE19
25913;VEGAS DE MORRORICO;7.132587896955885;-73.11062042033033;BUCARAMANGA 6;CENTRO  BMANGA
25914;GALAN;7.127558457667005;-73.1123950505002;BUCARAMANGA 6;CENTRO  BMANGA
25916;BOSQUES DEL PAYADOR NIZA;7.0855535401954315;-73.10659049581427;BUCARAMANGA 2;FLORIDABLANCA
25917;LOS ALMENDROS;7.100727841094942;-73.12205053315711;BUCARAMANGA 1;MUTIS
25918;LAS VILLAS;7.087996087594414;-73.09304261985314;BUCARAMANGA 5 FLORIDA;FLORIDABLANCA
25920;CAMPESTRE;7.175048625830565;-73.13110998101521;BUCARAMANGA 4- NORTE;NORTE19
25921;ROSAL;7.176684720571638;-73.13519637943038;BUCARAMANGA 4- NORTE;NORTE19
25922;LAS HAMACAS;7.1580974548790754;-73.1373622808392;BUCARAMANGA 4- NORTE;NORTE19
25924;REGADERO;7.144062301508172;-73.12403376800401;BUCARAMANGA 4- NORTE;NORTE19
25925;CRISTAL BAJO;7.08275946237371;-73.11487635868416;BUCARAMANGA 3;PROVENZA
25927;SANTA BARBARA;7.098027220292647;-73.10156994385963;BUCARAMANGA 2;FLORIDABLANCA
25928;SAN CRISTOBAL;7.144150497858284;-73.12573322617662;BUCARAMANGA 4- NORTE;NORTE19
25929;EL PROGRESO;7.0526416117642885;-73.16713225339159;BUCARAMANGA 7;GIRON
25930;PALOMITAS;7.077446825818793;-73.11093182783924;RUTA FLORIDA CENTRO 3;FLORIDABLANCA 2
25931;ALTAMIRA;7.063989416006636;-73.08231939954409;RUTA FLORIDA CENTRO 3;FLORIDABLANCA 2
25932;MOLINOS ALTOS;7.075434721434765;-73.10477310698836;BUCARAMANGA 5 FLORIDA;FLORIDABLANCA 2
25933;SAN BERNARDO;7.094415021038538;-73.09805377635969;BUCARAMANGA 2;FLORIDABLANCA
25934;BOSQUE;7.0734198629191605;-73.10939559013309;RUTA FLORIDA CENTRO 3;FLORIDABLANCA 2
25935;PORTON DEL TEJAR;7.097862062498601;-73.10410971141975;BUCARAMANGA 2;FLORIDABLANCA
25936;ALTOS DEL PROGRESO;7.175954529999999;-73.13018877;BUCARAMANGA 4- NORTE;NORTE19
25937;PRIMAVERAL;7.146645739028124;-73.12346676815274;BUCARAMANGA 4- NORTE;NORTE19
25940;RIO PRADO;7.056731840838224;-73.16800132393429;BUCARAMANGA 7;GIRON
25942;JARDIN DE LIMONCITO;7.066094393230446;-73.08024135516494;RUTA FLORIDA CENTRO 3;FLORIDABLANCA 2
25943;VILLA CLAVEL;7.059545484790607;-73.16624298504466;;GIRON
25944;LAGOS I;7.073144054774079;-73.10223555527487;BUCARAMANGA 5 FLORIDA;FLORIDABLANCA 2
25947;ROSALES 3;7.078005217938578;-73.10266639337449;BUCARAMANGA 5 FLORIDA;FLORIDABLANCA 2
25948;CAÑAVERAL PLAZA;7.101507343631602;-73.12469170442532;RUTA FLORIDA CENTRO 3;FLORIDABLANCA 2
25949;SAN ESPEDITO;7.097313706118985;-73.09520297857996;BUCARAMANGA 2;FLORIDABLANCA
25950;BALCON DEL LAGO;7.097192446652427;-73.09585282805155;BUCARAMANGA 2;FLORIDABLANCA
25951;CONJUNTO LOS TRINITARIOS;7.08450994502919;-73.10863866035793;RUTA FLORIDA CENTRO 3;FLORIDABLANCA 2
25952;VILLAS SANTA SOFIA (REAL DE MINAS);7.102699464201452;-73.125372099964;BUCARAMANGA 1;MUTIS
25953;GARCIA ROVIRA;7.115594360607133;-73.12679476167399;BUCARAMANGA 6;CENTRO  BMANGA
25954;BOSQUE DEL CACIQUE;7.09712454995138;-73.0957827586545;BUCARAMANGA 2;FLORIDABLANCA
25955;SANTAFE;7.092839420594482;-73.09844920459264;BUCARAMANGA 2;FLORIDABLANCA
25956;PALMAS DEL CAMPO;7.0787284743248815;-73.10920730374356;RUTA FLORIDA CENTRO 3;FLORIDABLANCA 2
25957;CENTRO FLORIDABLANCA;7.062851959519226;-73.08538878102449;RUTA FLORIDA CENTRO 3;FLORIDABLANCA 2
25958;LAGOS DEL CACIQUE;7.098013837582251;-73.10375661214995;BUCARAMANGA 2;FLORIDABLANCA
25960;PEÑON DEL VALLE;7.093808068018592;-73.12632722888284;BUCARAMANGA 1;MUTIS
25961;JARDIN DE VERSALLES;7.062995224048332;-73.10032010221423;RUTA FLORIDA CENTRO 3;FLORIDABLANCA 2
25963;CASTELLANA;7.087216724952838;-73.103771664386;BUCARAMANGA 2;FLORIDABLANCA
25964;PARAISO ALTO;7.074727604244746;-73.176459314046;BUCARAMANGA 7;GIRON
25965;ALTOS DE BELLAVISTA;7.071981817307748;-73.0941712813845;BUCARAMANGA 5 FLORIDA;FLORIDABLANCA
25966;EL SOL;7.101401970805462;-73.10952785016904;BUCARAMANGA 2;PROVENZA
25968;BELENCITO;7.094333602369809;-73.09569607360163;PROBLEMAS COBRO;FLORIDABLANCA
25969;RIO DE ORO 2;7.079278829906149;-73.16568281529024;BUCARAMANGA 7;GIRON
25970;LOS ROBLES;7.092593558248;-73.0907158493196;BUCARAMANGA 2;FLORIDABLANCA
25971;ZAPAMANGA VII;7.087073778505694;-73.09813208706669;BUCARAMANGA 2;FLORIDABLANCA
25972;OASIS;7.090230126709463;-73.09172358305969;BUCARAMANGA 2;FLORIDABLANCA
25973;LUZ DE SALVACION;7.077957893784734;-73.11892555967877;BUCARAMANGA 3;PROVENZA
25974;JORDAN DEL REPOSO;7.089956406008723;-73.0934785235759;BUCARAMANGA 2;FLORIDABLANCA
25975;PALMERA DE VILLA LUZ;7.0884458110367365;-73.08763466909106;BUCARAMANGA 5 FLORIDA;FLORIDABLANCA
25976;VILLA LUZ;7.087079150676009;-73.09018159041902;BUCARAMANGA 5 FLORIDA;FLORIDABLANCA
25977;LA CASTELLANA;7.0876020598584075;-73.10444993906253;BUCARAMANGA 2;FLORIDABLANCA
25979;EL CARMEN;7.083490986415685;-73.08694546491972;BUCARAMANGA 5 FLORIDA;FLORIDABLANCA
25980;ARRALLANES;7.094153665917179;-73.09633444556768;BUCARAMANGA 2;FLORIDABLANCA
25981;LAS PALMERAS;7.085156309521977;-73.0882027065459;BUCARAMANGA 5 FLORIDA;FLORIDABLANCA
25983;CERROS DEL REPOSO;7.092994964709369;-73.09234714239967;BUCARAMANGA 2;FLORIDABLANCA
25984;JOSE A MORALES;7.086816274433902;-73.08893602068544;BUCARAMANGA 5 FLORIDA;FLORIDABLANCA
25985;VILLAMPIS;7.057808179266192;-73.16226471874569;BUCARAMANGA 7;GIRON
25986;BALCONCITO;7.1040560100963015;-73.13166621351783;BUCARAMANGA 1;MUTIS
25987;PALMAR DEL VIENTO;7.078179985628445;-73.10981434683718;;FLORIDABLANCA 2
25988;13 DE JUNIO(KENEDY);7.138749513842399;-73.13479103846016;;NORTE19
25989;EL CARMEN II;7.083071612515002;-73.08629129732013;BUCARAMANGA 5 FLORIDA;FLORIDABLANCA
25990;EL CARMEN IV;7.082891555390219;-73.08629778220984;BUCARAMANGA 5 FLORIDA;FLORIDABLANCA
25991;EL CARMEN V;7.082713366766221;-73.08430829208801;BUCARAMANGA 5 FLORIDA;FLORIDABLANCA
25992;EL CARMEN VI;7.082714589593492;-73.08529325260463;BUCARAMANGA 5 FLORIDA;FLORIDABLANCA
25993;VILLA ALCAZAR;7.081079870566939;-73.08642737022734;BUCARAMANGA 5 FLORIDA;FLORIDABLANCA
25995;LOS LAURELES;7.086680771518546;-73.08858962085976;BUCARAMANGA 5 FLORIDA;FLORIDABLANCA
25996;AVITEL;7.080517289026492;-73.08819549791377;BUCARAMANGA 5 FLORIDA;FLORIDABLANCA
25997;LA ESMERALDA;7.089538879344474;-73.09053256387286;BUCARAMANGA 2;FLORIDABLANCA
25998;OIPIES BOMBA COTRANDER;7.076941699865345;-73.10238337147699;BUCARAMANGA 5 FLORIDA;FLORIDABLANCA
25999;ARENALES;7.055860917159395;-73.1703565732369;BUCARAMANGA 7;GIRON
26000;GUANATA;7.0758476495466525;-73.10211783106594;BUCARAMANGA 5 FLORIDA;FLORIDABLANCA 2
26001;CASTILLA REAL II;7.068765110370386;-73.1650353955106;BUCARAMANGA 7;GIRON
26002;ROSALES;7.077423915241586;-73.10252693196217;BUCARAMANGA 5 FLORIDA;FLORIDABLANCA 2
26003;LA PAZ;7.061152874539148;-73.09754253068188;RUTA FLORIDA CENTRO 3;FLORIDABLANCA 2
26005;VILLA HELENA;7.0821532813493535;-73.0979578635941;BUCARAMANGA 5 FLORIDA;FLORIDABLANCA
26006;ARBOLEDA CAMPESTRE;7.063397277163323;-73.16195710332158;BUCARAMANGA 7;GIRON
26007;ESCOFLOR;7.0755865361699435;-73.09713012236769;BUCARAMANGA 5 FLORIDA;FLORIDABLANCA
26008;VILLA REAL;7.07578351920904;-73.09774516336486;BUCARAMANGA 5 FLORIDA;FLORIDABLANCA
26009;LAURELES;7.0879490769297435;-73.08940686374535;BUCARAMANGA 5 FLORIDA;FLORIDABLANCA
26010;LAGOS IV;7.071066019520847;-73.09637744970448;BUCARAMANGA 5 FLORIDA;FLORIDABLANCA 2
26011;LOS ANDES;7.06230265927204;-73.08045304155527;RUTA FLORIDA CENTRO 3;FLORIDABLANCA 2
26012;MESETA I;7.056259294262082;-73.16524226333627;BUCARAMANGA 7;GIRON
26013;ASOVILAGOS;7.07041151092496;-73.09946023760396;BUCARAMANGA 5 FLORIDA;FLORIDABLANCA 2
26014;COVIFLORIDA II;7.065248711126367;-73.08429416714424;RUTA FLORIDA CENTRO 3;FLORIDABLANCA 2
26015;ALTOS DE VILLABEL;7.084200409670304;-73.09973362609873;BUCARAMANGA 5 FLORIDA;FLORIDABLANCA
26016;CARACOLI;7.070326942740285;-73.08187988758128;BUCARAMANGA 5 FLORIDA;FLORIDABLANCA 2
26017;BRISAS DEL CAMPO;7.057734704543271;-73.15644795234645;BUCARAMANGA 7;GIRON
26018;VILLA SAN FRANCISCO;7.064310456762746;-73.089754348931;RUTA FLORIDA CENTRO 3;FLORIDABLANCA 2
26019;VILLA DEL SOL;7.0658363646746585;-73.09302583485437;RUTA FLORIDA CENTRO 3;FLORIDABLANCA 2
26020;LIMONCITO;7.065338072192834;-73.07946412681594;RUTA FLORIDA CENTRO 3;FLORIDABLANCA 2
26021;FLORIDA;7.063104205629552;-73.08767872398862;RUTA FLORIDA CENTRO 3;FLORIDABLANCA 2
26022;RECREO;7.063698374871935;-73.0913400410722;RUTA FLORIDA CENTRO 3;FLORIDABLANCA 2
26023;VERSALLES;7.063129376916584;-73.10084579507584;RUTA FLORIDA CENTRO 3;FLORIDABLANCA 2
26024;BELLAVISTA;7.074093438630108;-73.09607769804884;BUCARAMANGA 5 FLORIDA;FLORIDABLANCA
26025;MANANTIAL;7.064897801473984;-73.09096166454873;RUTA FLORIDA CENTRO 3;FLORIDABLANCA 2
26026;LA RONDAII;7.0616431065147;-73.08313834340075;RUTA FLORIDA CENTRO 3;FLORIDABLANCA 2
26027;LLANITO II;7.0691905262975645;-73.1715454116488;BUCARAMANGA 7;GIRON
26028;ALTOS DE CARRISAL;7.082522468210371;-73.17636049289662;BUCARAMANGA 7;GIRON
26029;VILLA DE SAN DIEGO;7.060165632140392;-73.09486290218616;RUTA FLORIDA CENTRO 3;FLORIDABLANCA 2
26030;SAN JORGE II;7.063548352177499;-73.16153092614444;BUCARAMANGA 7;GIRON
26031;PALMERAS II;7.085818618727946;-73.08772339382247;BUCARAMANGA 5 FLORIDA;FLORIDABLANCA
26032;SAN ANTONIO DE CARRISAL;7.082183587464715;-73.17394701800121;BUCARAMANGA 7;GIRON
26034;PRIMAVERA II;7.06065363521476;-73.08731242646816;RUTA FLORIDA CENTRO 3;FLORIDABLANCA 2
26035;BAVIERA;7.060347529885786;-73.09414708245113;RUTA FLORIDA CENTRO 3;FLORIDABLANCA 2
26036;SAN DIEGO;7.060578022298504;-73.09500796918049;RUTA FLORIDA CENTRO 3;FLORIDABLANCA 2
26037;VILLA ESPAÑA;7.07482342385333;-73.11181766973448;RUTA FLORIDA CENTRO 3;FLORIDABLANCA 2
26038;TERRAGONA;7.077025142713166;-73.11105160722283;RUTA FLORIDA CENTRO 3;FLORIDABLANCA 2
26039;VILLA CLAVER;7.060426765486017;-73.09540807267474;RUTA FLORIDA CENTRO 3;FLORIDABLANCA 2
26040;SAN AGUSTIN;7.075725612080063;-73.11204254071231;RUTA FLORIDA CENTRO 3;FLORIDABLANCA 2
26042;VILLA MAYORCA;7.077619742409286;-73.11107119071636;RUTA FLORIDA CENTRO 3;FLORIDABLANCA 2
26043;LA ESMERALDA;7.085982382235454;-73.16628989093796;BUCARAMANGA 7;GIRON
26045;EL PALENQUE;7.083516148051443;-73.17125988192106;BUCARAMANGA 7;GIRON
26046;CARRIZAL;7.083177273716051;-73.1739221479736;BUCARAMANGA 7;GIRON
26049;ALDEA ALTA;7.067758018278478;-73.17603975255926;BUCARAMANGA 7;GIRON
26050;QUINTAS DEL LLANITO;7.072258616270568;-73.17352756494276;BUCARAMANGA 7;GIRON
26051;CIUDADELA DEL ORIENTE;7.068163888908825;-73.1790731385241;BUCARAMANGA 7;GIRON
26052;PALMERAS;7.071815167145696;-73.17512100202673;BUCARAMANGA 7;GIRON
26053;BALCONES;7.069411312157596;-73.17758942316198;BUCARAMANGA 7;GIRON
26054;CORVIANDI 3;7.074535862678626;-73.17457677952889;BUCARAMANGA 7;GIRON
26055;CIUDADELA COMFENALCO;7.087217315027387;-73.16664058335473;BUCARAMANGA 7;GIRON
26056;MORADA DE SAN JUAN;7.088193993277018;-73.1663021505613;BUCARAMANGA 7;GIRON
26057;VILLA PAULA;7.0800387204424675;-73.17191247957189;BUCARAMANGA 7;GIRON
26058;MIRADOR DE LA ALDEA;7.069661015119649;-73.17592498809566;BUCARAMANGA 7;GIRON
26059;JARDINES DE LA ALDEA;7.072074566809519;-73.17456739402154;BUCARAMANGA 7;GIRON
26060;VILLA CAROLINA 1;7.068222393929167;-73.17413954752656;BUCARAMANGA 7;GIRON
26061;ALDEA MEDIA;7.0672542386708725;-73.17537217121624;BUCARAMANGA 7;GIRON
26062;BRISAS DE LA CAMPIÑA;7.067987087895483;-73.17818088258622;BUCARAMANGA 7;GIRON
26063;BELLAVISTA;7.076670853898138;-73.17388242402694;BUCARAMANGA 7;GIRON
26064;FATIMA;7.094833374963814;-73.1009343385686;BUCARAMANGA 2;FLORIDABLANCA
26065;PORTAL CASTILLA;7.070554373548279;-73.15972438482241;BUCARAMANGA 7;GIRON
26066;SAGRADO CORAZON;7.065605338687199;-73.17299203561033;BUCARAMANGA 7;GIRON
26067;PORTAL CAMPIÑA;7.065185397410421;-73.1779331914253;BUCARAMANGA 7;GIRON
26068;ALTOS DE LA CAMPIÑA;7.064819063898696;-73.17494559771724;BUCARAMANGA 7;GIRON
26069;SANTA CRUZ;7.060836613374026;-73.1707692438116;BUCARAMANGA 7;GIRON
26070;CASTILLA REAL I;7.067278154346709;-73.16510536505197;BUCARAMANGA 7;GIRON
26071;ALTOS DE CASTILLA;7.070158357402648;-73.16005986616074;BUCARAMANGA 7;GIRON
26072;GIRALUZ;7.073678774202237;-73.17323606383134;BUCARAMANGA 7;GIRON
26073;ELOI VALENZUELA;7.067106845975275;-73.1742615311755;BUCARAMANGA 7;GIRON
26074;EL CONSUELO;7.058317578329286;-73.16682550673757;BUCARAMANGA 7;GIRON
26075;EL TEJAR;7.065700717390957;-73.17124598690849;BUCARAMANGA 7;GIRON
26076;GALLINERAL;7.062617483528443;-73.17195814890303;BUCARAMANGA 7;GIRON
26077;BRISA CAMPESTRE;7.072296898946313;-73.15683016304563;BUCARAMANGA 7;GIRON
26078;VILLA AMPIS;7.0581061584545415;-73.16233045350778;BUCARAMANGA 7;GIRON
26079;VILLAS DE DON JUAN;7.059783731261499;-73.16213795259424;BUCARAMANGA 7;GIRON
26080;JARDIN DE ARENALES;7.053911269200192;-73.16735835289981;BUCARAMANGA 7;GIRON
26081;RIO DE ORO I;7.062604705641595;-73.17079960626049;BUCARAMANGA 7;GIRON
26082;ALTOS DE ARENALES;7.054351071704493;-73.16832567266472;BUCARAMANGA 7;GIRON
26083;ALMENARES DE SAN JUAN;7.058866819266909;-73.15753452492142;BUCARAMANGA 7;GIRON
26084;CASA LINDA;7.063108664604874;-73.16582966857575;BUCARAMANGA 7;GIRON
26085;VILLA CAMPESTRE 2 ETAPA;7.065020346316009;-73.16704613042856;BUCARAMANGA 7;GIRON
26086;VILLA CAMPESTRE 3 ETAPA;7.062659393127322;-73.16684433244563;BUCARAMANGA 7;GIRON
26087;PORTAL CAMPESTRE NORTE;7.061795329770795;-73.16903842402182;BUCARAMANGA 7;GIRON
26088;LOS CAMBULOS;7.060006936531489;-73.16295414822099;BUCARAMANGA 7;GIRON
26089;ARENALES 4 ETAPA;7.053888361543126;-73.1698842870416;BUCARAMANGA 7;GIRON
26090;ARENALES 3 ETAPA;7.054599487658685;-73.17019957449813;BUCARAMANGA 7;GIRON
26091;ARENALES CAMPESTRE;7.0559278827628145;-73.17118712584087;BUCARAMANGA 7;GIRON
26092;VILLAS DE DON JUAN 2 ETAPA;7.058168964259888;-73.1588459996983;BUCARAMANGA 7;GIRON
26093;RIVERA DEL RIO;7.049857891578801;-73.16573078470383;BUCARAMANGA 7;GIRON
26094;ALTOS DE LA PRADERA;;;;FLORIDABLANCA
26095;PORTAL CAMPESTRE ETAPAII;7.059774843940788;-73.16730981425036;BUCARAMANGA 7;GIRON
26096;CIUDADELA DE VILLAMIT;7.060039781837406;-73.16460516531623;BUCARAMANGA 7;GIRON
26097;VIDA EN PRIMAVERA;7.056554226171432;-73.1605044580765;BUCARAMANGA 7;GIRON
26098;CONJ QUITAS DEL CAMPESTRE;7.05717637947821;-73.17032978922799;BUCARAMANGA 7;GIRON
26099;MIRADOR SAN JUAN;7.079252762346704;-73.17365686622901;BUCARAMANGA 7;GIRON
26100;BALCONES DE ALEJANDRIA;7.07811141254511;-73.17279309274356;BUCARAMANGA 7;GIRON
26101;CONJUNTO VALMONTE;7.0612608597135225;-73.10853708338524;RUTA FLORIDA CENTRO 3;FLORIDABLANCA 2
26102;ASOCOFLOR;7.075898333333333;-73.098325;BUCARAMANGA 5 FLORIDA;FLORIDABLANCA
26103;PAYADOR;7.087834551930428;-73.10680464841425;;FLORIDABLANCA
26104;PRADOS DEL SUR LA CUMBRE;7.0789256602775135;-73.09498701433644;BUCARAMANGA 5 FLORIDA;FLORIDABLANCA
26105;PRIMAVERA I;7.060415656714375;-73.08708944611627;RUTA FLORIDA CENTRO 3;FLORIDABLANCA 2
26106;RIVERA;7.06902022984659;-73.16698760029065;BUCARAMANGA 7;GIRON
26107;CONUCOS;7.107975180136837;-73.11246381593418;BUCARAMANGA 6;CENTRO  BMANGA
26110;LA ARGENTINA ;6.995914568968603;-73.0568562505456;BUCARAMANGA 8;PIEDECUESTA
26111;SAN FRANCISCO;6.996357202671953;-73.04848915355734;BUCARAMANGA 8;PIEDECUESTA
26112;LA COLINA  ;6.991510157132028;-73.04229798436315;BUCARAMANGA 8;PIEDECUESTA
26113;CABECERA;6.990137847394109;-73.04348494651748;BUCARAMANGA 8;PIEDECUESTA
26114;BARRO BLANCO;6.977869148210843;-73.05429650923564;BUCARAMANGA 8;PIEDECUESTA
26115;SAN MARCOS ;6.992408659239554;-73.0440292406195;BUCARAMANGA 8;PIEDECUESTA
26116;LA CANTERA ;6.986637787766337;-73.05480186900866;BUCARAMANGA 8;PIEDECUESTA
26117;SAN CRISTOBAL ETAPA VII;6.992983901283263;-73.04450371072139;BUCARAMANGA 8;PIEDECUESTA
26118;SAN RAFAEL ;6.990397061290068;-73.0484170116517;BUCARAMANGA 8;PIEDECUESTA
26119;SAN CRISTOBAL ETAPA II;6.994717921187757;-73.04620142390169;BUCARAMANGA 8;PIEDECUESTA
26120;CABECERA ETAPA II ;6.990390282773115;-73.04419777473463;BUCARAMANGA 8;PIEDECUESTA
26121;SAN CARLOS ;6.999163865851185;-73.05135003344199;BUCARAMANGA 8;PIEDECUESTA
26122;CALLEJUELAS ;6.9991159031050865;-73.0552804689709;BUCARAMANGA 8;PIEDECUESTA
26123;SAN CRISTOBAL V ;6.99368667194076;-73.04395076896176;BUCARAMANGA 8;PIEDECUESTA
26124;QUINTA GRANADA;7.001890079226428;-73.0531422392363;BUCARAMANGA 8;PIEDECUESTA
26125;SAN CRISTOBAL ETAPA IV;6.994502987291359;-73.04456021246133;BUCARAMANGA 8;PIEDECUESTA
26126;SAN CRISTOBAL ETAPA III;6.9944215023852845;-73.04535503103236;BUCARAMANGA 8;PIEDECUESTA
26127;SAN CRISTOBAL ETAPA I ;6.993741534269701;-73.04685694834384;BUCARAMANGA 8;PIEDECUESTA
26128;DIVINO NIÑO ;6.99888716812341;-73.05983617951327;BUCARAMANGA 8;PIEDECUESTA
26129;NUEVA CANDELARIA ;6.985171731645421;-73.04759134052706;BUCARAMANGA 8;PIEDECUESTA
26130;TEJADITOS ;6.974860639441772;-73.05693983668506;BUCARAMANGA 8;PIEDECUESTA
26131;MOLINOS DEL CAMPO;6.988099492398017;-73.04227079359666;BUCARAMANGA 8;PIEDECUESTA
26132;PORTAL DEL VALLE;6.973306029643932;-73.0516231487438;BUCARAMANGA 8;PIEDECUESTA
26133;PASEO DEL PUENTE II;6.975326516382282;-73.0495779052036;BUCARAMANGA 8;PIEDECUESTA
26134;LOS CISNES ;6.974759009569313;-73.05174536023391;BUCARAMANGA 8;PIEDECUESTA
26135;MOLINOS DEL  VIENTO;6.986724186356118;-73.04290469309132;BUCARAMANGA 8;PIEDECUESTA
26136;SAN ANTONIO;6.988684942638726;-73.04683482291793;BUCARAMANGA 8;PIEDECUESTA
26137;SAN FRANCISCO ;6.997015848920751;-73.04938052926747;BUCARAMANGA 8;PIEDECUESTA
26138;SAN JUAN ;7.001773608825245;-73.05043342219187;BUCARAMANGA 8;PIEDECUESTA
26139;NUEVA CANDELARIA;6.985177379341568;-73.04701085746298;BUCARAMANGA 8;PIEDECUESTA
26140;PASEO DEL PUENTE I ;6.977817110368524;-73.04903262579874;BUCARAMANGA 8;PIEDECUESTA
26141;ALTOS DEL MOLINO;6.985171433661374;-73.04671026965245;;PIEDECUESTA
26142;BRISAS DE PRIMAVERA I;6.97823829667201;-73.05359772980178;BUCARAMANGA 8;PIEDECUESTA
26143;PORTAL DEL MOLINO;6.985556195584351;-73.0436762115629;BUCARAMANGA 8;PIEDECUESTA
26144;PASEO CATALUÑA;6.993710843829543;-73.05466260071022;BUCARAMANGA 8;PIEDECUESTA
26145;BUENOS AIRES;6.987232359421637;-73.05666151377348;BUCARAMANGA 8;PIEDECUESTA
26146;LA CASTELLANA;6.993315482585491;-73.05137211901514;BUCARAMANGA 8;PIEDECUESTA
26147;VILLAS DEL RIO;6.985956053148808;-73.04533469419816;BUCARAMANGA 8;PIEDECUESTA
26148;PASEO ALCALA;6.992609147750831;-73.05388017508153;BUCARAMANGA 8;PIEDECUESTA
26149;CAMINOS DEL MOLINO;6.987047248542815;-73.04277308886195;BUCARAMANGA 8;PIEDECUESTA
26150;ANTIGUA CANDELARIA;6.984436423929507;-73.04897655842295;BUCARAMANGA 8;PIEDECUESTA
26151;VILLA LUZ;6.992591149420677;-73.05063919690055;BUCARAMANGA 8;PIEDECUESTA
26152;PALERMO I ;6.991791680258106;-73.05809765312026;BUCARAMANGA 8;PIEDECUESTA
26153;CHACARITA III ;7.089695202334245;-73.11026698141822;BUCARAMANGA 8;PIEDECUESTA
26154;LAS DELICIAS ;6.9923725892834945;-73.04956474082181;BUCARAMANGA 8;PIEDECUESTA
26155;VILLA NAVARRO ;6.992143056851415;-73.05344505595994;BUCARAMANGA 8;PIEDECUESTA
26156;LA PRESENTACION ;6.990471890075126;-73.05177480623944;BUCARAMANGA 8;PIEDECUESTA
26157;VILLANUEVA ;6.992528209540339;-73.05005912133534;BUCARAMANGA 8;PIEDECUESTA
26158;SAN CRISTOBAL ETAPA  VI ;6.994495671768637;-73.04602714522453;;PIEDECUESTA
26159;LA FERIA ;6.983722084136173;-73.05392015844537;BUCARAMANGA 8;PIEDECUESTA
26160;VILLA NUEVA ;6.9927694175556585;-73.05024424939542;BUCARAMANGA 8;PIEDECUESTA
26161;SANTELMO II ;6.997977305431453;-73.05603154949092;BUCARAMANGA 8;PIEDECUESTA
26162;PRADOS DE VILLANUEVA ;6.991885886988498;-73.0520733073727;BUCARAMANGA 8;PIEDECUESTA
26163;LA CANDELARIA ;6.984520847292254;-73.0485663750796;BUCARAMANGA 8;PIEDECUESTA
26164;LA TACHUELA ;6.9899255661461055;-73.05462306537223;BUCARAMANGA 8;PIEDECUESTA
26165;PUERTOMADERO ;6.992724326324122;-73.04794925815843;BUCARAMANGA 8;PIEDECUESTA
26166;LA GLORIA ;6.992860171694384;-73.05208823993341;BUCARAMANGA 8;PIEDECUESTA
26167;VILLAS DEL CAMPO;6.991887043207769;-73.05212855963804;BUCARAMANGA 8;PIEDECUESTA
26168;VILLAS DE NAVARRO;6.992057235808492;-73.0537492896647;BUCARAMANGA 8;PIEDECUESTA
26169;SAN LUIS;6.993906949571343;-73.04854925847182;BUCARAMANGA 8;PIEDECUESTA
26170;BALCONES DE LA CASTELLANA;6.994570866622854;-73.0487765968512;BUCARAMANGA 8;PIEDECUESTA
26171;SURATOQUE I ETAPA;6.989224484040596;-73.05540717131645;BUCARAMANGA 8;PIEDECUESTA
26172;BARILOCHE I ETAPA;6.988647204603929;-73.05724496056419;BUCARAMANGA 8;PIEDECUESTA
26173;CAMPO VERDE;6.9922217835694305;-73.05581222907506;BUCARAMANGA 8;PIEDECUESTA
26174;CHACARITA II;6.98945043678702;-73.05645811043591;BUCARAMANGA 8;PIEDECUESTA
26175;ARGENTINA LA ANTIGUA;6.991315971220018;-73.05260569065521;BUCARAMANGA 8;PIEDECUESTA
26176;PASEO GALICIA ;6.997369927934133;-73.05414214761927;BUCARAMANGA 8;PIEDECUESTA
26177;CABELLANO ;6.995205354441449;-73.05571219576031;BUCARAMANGA 8;PIEDECUESTA
26178;PALERMO II;6.993941349111331;-73.05628223001507;BUCARAMANGA 8;PIEDECUESTA
26179;CATALUÑA;6.993847191879809;-73.05466071808186;BUCARAMANGA 8;PIEDECUESTA
26180;BARILOCHE II ETAPA ;6.989191711444276;-73.05762016521574;BUCARAMANGA 8;PIEDECUESTA
26181;VILLA LINA ;6.990561085252107;-73.05689623266694;BUCARAMANGA 8;PIEDECUESTA
26182;SURATOQUE II ETAPA ;6.9897067237570765;-73.05479611550494;BUCARAMANGA 8;PIEDECUESTA
26183;PORTAL DEL TALAO;6.991988125759388;-73.06285286028965;BUCARAMANGA 8;PIEDECUESTA
26184;VILLAS DE SANTA MARIA;6.994259747327772;-73.05247190258572;BUCARAMANGA 8;PIEDECUESTA
26185;TRAPICHE ;6.989820447190836;-73.05454541235244;BUCARAMANGA 8;PIEDECUESTA
26186;ANTIGUA ARGENTINA ;6.992745561301801;-73.05405042305355;;PIEDECUESTA
26187;REFUGIO ;6.9953421305002355;-73.06172648806812;BUCARAMANGA 8;PIEDECUESTA
26188;PAISANDU ;6.993522149784206;-73.06081665487251;BUCARAMANGA 8;PIEDECUESTA
26190;PORTAL DE BELEN;6.9812345636878925;-73.05458259910965;BUCARAMANGA 8;PIEDECUESTA
26191;BOSQUES DE ARANJUEZ;6.994580058632292;-73.0584253322409;BUCARAMANGA 8;PIEDECUESTA
26192;SAN SILVESTRE;6.978517294060407;-73.05149460701695;BUCARAMANGA 8;PIEDECUESTA
26193;BRISAS DE GUATIGUARA;6.999631365882991;-73.0607782855023;BUCARAMANGA 8;PIEDECUESTA
26204;SANTELMO I ;6.996892631305226;-73.05760142003723;BUCARAMANGA 8;PIEDECUESTA
26205;PARAISO ;6.997620577963179;-73.06206796114205;BUCARAMANGA 8;PIEDECUESTA
26211;MIRAMAR;7.146872072237297;-73.13203394764264;BUCARAMANGA 4- NORTE;NORTE19
26212;VILLA CANDADO;7.082347753750725;-73.12248039418678;BUCARAMANGA 1;PROVENZA
26213;EL UVO;7.081834317982528;-73.12093756557067;BUCARAMANGA 3;PROVENZA
26214;VILLA FLOR;7.082554880831612;-73.12156867843032;BUCARAMANGA 1;PROVENZA
26215;VILLADE LOS CABALLEROS;7.051276822340232;-73.16477980908255;BUCARAMANGA 7;GIRON
26216;PUERTOMADERO;7.05933987560609;-73.16061349560485;BUCARAMANGA 7;GIRON
26217;CAMPESTRE;7.058975733206143;-73.15835474257597;BUCARAMANGA 7;GIRON
26218;VILLA PIEDRA DEL SOL;7.066967095582232;-73.09288625615591;RUTA FLORIDA CENTRO 3;FLORIDABLANCA 2
26219;ALTOS CARACOLI;7.070669507388199;-73.08060831151333;BUCARAMANGA 5 FLORIDA;FLORIDABLANCA 2
26220;LOS PRINCIPES;7.060201045242619;-73.09617004080273;RUTA FLORIDA CENTRO 3;FLORIDABLANCA 2
26222;BOSQUES DE PIEDECUESTA;6.980145433967992;-73.04718437405451;BUCARAMANGA 8;PIEDECUESTA
26223;BUCARICA 2;7.069168850401536;-73.0845220347108;BUCARAMANGA 5 FLORIDA;FLORIDABLANCA 2
46165;OFICINA BGA;7.082853311096787;-73.11489412311859;EMPLEADOS BGA;PROVENZA
46218;PROBLEMAS DE COBRO;7.070436698784584;-73.09003085484807;PROBLEMAS COBRO;NORTE19
46225;SIN ASIGNAR BUCARAMANGA;7.176718241697893;-73.13035491630458;;
46576;CARACOLÍ;;;;
48611;ALCON DE GRANADA;7.001201144051101;-73.04983733075797;BUCARAMANGA 8;PIEDECUESTA
48612;ZAFIRO;6.982594482842173;-73.05387647700506;BUCARAMANGA 8;PIEDECUESTA
48613;EL TEJAR;7.094504907065466;-73.10428845871556;BUCARAMANGA 2;FLORIDABLANCA
48614;JUNIN;6.999959488510603;-73.0577727531423;BUCARAMANGA 8;PIEDECUESTA
48615;PRADOS DE CATALUÑA;7.057126679676819;-73.15794844508964;BUCARAMANGA 7;GIRON
48616;AUTOPISTA;7.001541086864349;-73.05428012585354;BUCARAMANGA 8;PIEDECUESTA
48617;AMARAL;6.991360718593923;-73.05196366557863;BUCARAMANGA 8;PIEDECUESTA
48618;CIUDADELA EL HATO;7.002886065585446;-73.06307744804887;BUCARAMANGA 8;PIEDECUESTA
48621;EDIMAR;6.976934803580628;-73.05335993111373;BUCARAMANGA 8;PIEDECUESTA
48622;HOYO GRANDE;6.9817479616227995;-73.05023480720199;BUCARAMANGA 8;PIEDECUESTA
1007;20 DE JULIO;3.4355389864292287;-76.51221632634335;7;ORIENTE 3
1008;7 DE AGOSTO;3.4479715083615816;-76.48688598533538;8;ORIENTE
1009;ATANASIO GIRARDOT;3.444588171452421;-76.50842196286519;7;ORIENTE 3
1010;ANTONIO NARINO;3.4156288166595083;-76.50662045832988;9;SUR ORIENTE
1011;LAS ACACIAS;3.429929118762792;-76.51642962891704;2;SUR
1012;AGUABLANCA;3.429027216840618;-76.51533242035073;2;SUR
1013;ALAMEDA;3.4342119710309627;-76.53648125452165;11;CENTRO-OESTE 1
1014;LOS ALAMOS;3.4857300506779647;-76.50661009776029;5;NORORIENTE
1015;ALCAZARES;3.4861579846819595;-76.49129526084666;5;NORORIENTE 1
1016;LOS ALMENDROS;3.473535448550741;-76.49867750790067;3;NORORIENTE
1017;AMERICAS;3.44789596586655;-76.5073819313282;7;ORIENTE 3
1018;ANDES;3.4711417140303085;-76.50020569354567;3;NORORIENTE
1019;ARANJUEZ;3.436094407665665;-76.52660413708455;11;CENTRO-OESTE 1
1020;ASTURIAS;3.4317669393181065;-76.51283521076022;2;ORIENTE 3
1022;BRISAS DE LOS ALAMOS;3.49303933954378;-76.50270852718936;6;NORTE
1023;BARBERENA;3.4346820850367563;-76.5068762292652;2;ORIENTE 3
1025;BARRANQUILLA;3.476156081924868;-76.49793542071015;3;NORORIENTE
1026;LA BASE;3.447899667376109;-76.49601869898345;8;ORIENTE 3
1027;BELALCAZAR;3.4372408960492398;-76.5245702608383;11;CENTRO-OESTE 1
1028;BENJAMIN;3.4470704347051644;-76.51543321373458;7;ORIENTE 3
1029;BOLIVARIANO;3.469538085611541;-76.51189343170505;13;NORORIENTE
1030;BOYACA;3.4227380349213483;-76.51948389357166;12;SUR
1031;BRETAÑA;3.435048833177336;-76.53446541585292;11;CENTRO-OESTE 1
1032;BUENOS AIRES;3.3931030384725687;-76.54857642285373;12;CENTRO-OESTE 1
1033;CIUDAD 2000;3.3977864133796727;-76.52000110251952;4;SUR ORIENTE
1034;CIUDADELA COMFANDI;3.387844356819352;-76.52023568527477;4;SUR ORIENTE
1035;CIUDAD MODELO;3.418589863975155;-76.51429373730961;12;SUR ORIENTE
1036;CALDAS;3.3972588000078763;-76.54828400594158;12;CENTRO-OESTE 1
1037;CALIMA;3.484427434983027;-76.5010149681179;13;NORORIENTE
1038;CALIMIO NORTE;3.48482603292175;-76.48586330363169;5;NORORIENTE 1
1039;CALIPSO;3.424956834101876;-76.49907607068003;8;SUR ORIENTE
1040;CAMBULOS;3.4189527659136165;-76.54002694328658;11;CENTRO-OESTE 1
1041;CANEY;3.3878556706201395;-76.51994339267756;4;SUR ORIENTE
1042;CAPRI;3.3926859131408658;-76.53987340547432;10;SUR ORIENTE
1044;CEIBAS;3.454396044064713;-76.48887997904978;8;ORIENTE
1045;CENTENARIO;3.4660744882376235;-76.52070066901749;5;CENTRO
1046;CENTRO;3.444480865052922;-76.53177911593376;11;CENTRO
1047;CHAMPAGNAT;3.4265845415701555;-76.53739010405361;11;CENTRO-OESTE 1
1048;CHAPINERO;3.4459410763832348;-76.50456788843702;7;ORIENTE 3
1049;CHIMINANGOS;3.4782998083319807;-76.49321223491263;6;NORORIENTE 1
1050;COLINAS DEL SUR;3.390976504306055;-76.55105759568528;12;CENTRO-OESTE 1
1051;COLON;3.4242341045754454;-76.52323642837155;2;SUR
1052;COLSEGUROS;3.426930737784489;-76.524830218182;2;SUR
1053;COMUNEROS;3.4240012602880725;-76.49651740501126;8;SUR ORIENTE
1055;CORDOBA;3.4021725428979512;-76.5086475508257;9;SUR ORIENTE
1056;DELICIAS;3.464018850413708;-76.507842039997;13;NORORIENTE
1057;DEPARTAMENTAL;3.416229113953776;-76.5328744109191;10;SUR
1058;DORADO;3.4240489629380617;-76.52365226870957;2;SUR
1059;EL BOSQUE;3.487057010313426;-76.52153864553769;3;NORORIENTE
1061;EL RECUERDO;3.430437724326959;-76.51565430952523;7;SUR
1063;EVARISTO G.;3.4772242870751584;-76.50576695055497;13;NORORIENTE
1064;FARALLONES;3.391887059824162;-76.5519903143682;12;CENTRO-OESTE 1
1065;FENALCO KENEDY;3.438072625490654;-76.50180423300509;2;ORIENTE 3
1066;FLORA INDUSTRIAL;3.4817531672023843;-76.5033215621078;13;NORORIENTE
1067;FLORALIA;3.494675821557917;-76.49388784068451;6;NORTE
1068;FONAVIEMCALI;3.4840498722313864;-76.48953605507762;5;NORORIENTE 1
1069;FORTALEZA;3.4279906431886227;-76.51116300062345;2;SUR
1070;GAITAN;3.4724454155685787;-76.48885152233838;5;NORORIENTE 1
1071;GRAN COLOMBIA;3.4212993151900912;-76.51056637913737;12;SUR
1072;GRANADA;3.462689205888112;-76.52613462197847;5;CENTRO
1073;GRANJAS;3.4112597526634287;-76.52664998716166;10;SUR
1074;GUABAL;3.4152807347893948;-76.52716289091113;10;SUR
1076;GUADUALES;3.489709621623436;-76.49839487571263;5;NORTE
1077;GUAYACANES;3.472063095496351;-76.49295048699308;13;NORORIENTE 1
1078;GUAYAQUIL;3.4365185754940355;-76.52933614564137;11;CENTRO-OESTE 1
1079;INDEPENDENCIA;3.415693394454118;-76.51882154339292;4;SUR ORIENTE
1080;INGENIO;3.386203183185408;-76.52873214043393;4;SUR
1081;JARDIN;3.4238697891252268;-76.5165542816411;12;SUR
1083;JOSE HOLGUIN G.;3.410237856230441;-76.52000473255778;4;SUR ORIENTE
1084;JUNIN;3.433667439808876;-76.53144937587118;11;CENTRO-OESTE 1
1085;LA ESMERALDA;3.461965230483132;-76.50699709007644;13;NORORIENTE
1086;LA ESPERANZA;3.421698375295245;-76.51896728305714;12;SUR
1087;LA FLORA;3.488269022751109;-76.51516057746869;3;NORORIENTE
1088;LA FLORESTA;3.44354399480226;-76.51324008994345;7;ORIENTE 3
1089;LA LIBERTAD;3.423932647928789;-76.52228676857655;2;SUR
1090;LA MERCED;3.478739951102741;-76.51174467222009;13;NORORIENTE
1091;LA PLAYA;3.38579852531014;-76.53589192386892;12;SUR ORIENTE
1092;LA SELVA;3.4109840927707604;-76.52813212783272;10;SUR
1094;LARES COMFANDI;;;5;NORTE
1095;LARES COMFENALCO;3.488964929252848;-76.49624223495812;5;NORTE
1096;LAS VEGAS;3.3833775249225826;-76.5416786508009;12;SUR ORIENTE
1097;LEON XIII;3.428447361651544;-76.50928089356577;2;SUR
1098;LIDO;3.4253057387397328;-76.548333284871;11;CENTRO-OESTE 1
1099;LIMONAR;3.402327775676286;-76.53529079912738;10;SUR
1100;LLANOGRANDE;3.541282705472004;-76.31114978879518;16 PALMIRA;PALMIRA
1102;MANZANARES;3.467554994919698;-76.50802509177674;13;NORORIENTE
1103;MARIANO RAMOS;3.404457503006506;-76.51431098567552;9;SUR ORIENTE
1104;MARROQUIN;3.4369044770287034;-76.48273371802449;8;
1105;MAYAPAN;3.386794530698425;-76.5410355403669;12;SUR ORIENTE
1106;MELENDEZ;3.380432116605571;-76.54709945039482;12;CENTRO-OESTE 1
1107;METROPOLITANO;3.482752866510246;-76.49445013877592;6;NORORIENTE 1
1108;MOJICA;3.4020204601114536;-76.5099087256346;8;
1109;MORICHAL;3.398875435020511;-76.50456400387009;9;SUR ORIENTE
1110;MULTICENTRO;3.388512297748596;-76.53571988671085;10;SUR
1111;MUNICIPAL;3.447466045087916;-76.51213758264987;7;ORIENTE 3
1112;NUEVO SALOMIA;3.467046355493757;-76.50002439409207;3;NORORIENTE
1113;NUEVA BASE;3.446609622403153;-76.49184373912648;8;ORIENTE 3
1114;NUEVA FLORESTA;3.4385671879832707;-76.49858203508327;2;ORIENTE 3
1115;NUEVA GRANADA;3.42898803088227;-76.54684711145255;11;CENTRO-OESTE 1
1116;NAPOLES;3.390146240998948;-76.54843569690914;12;CENTRO-OESTE 1
1118;NUEVA SELVA;3.410403944612696;-76.53475846934992;10;SUR
1119;OLAYA HERRERA;3.4776351980370848;-76.50729200771269;13;NORORIENTE
1120;OASIS DE COMFANDI;3.488092379790696;-76.49631904713524;5;NORTE
1121;OBRERO;3.4448516119918278;-76.52427121688149;11;CENTRO
1122;OLIMPICO;3.424823499941955;-76.52566709370521;2;SUR
1124;PRADOS DE ORIENTE;3.433752550917656;-76.51414828586017;7;SUR
1127;PAMPALINDA;3.412946014816141;-76.55047972904656;11;CENTRO-OESTE 1
1128;PANAMERICANO;3.413632997345326;-76.53342408163078;10;SUR
1129;PARAISO;3.4320292269163515;-76.50602889969025;2;SUR
1131;PARQUE BOSQUE;3.469231149679861;-76.49088144358875;3;NORORIENTE 1
1132;PASO DEL COMERCIO;3.4885445833421693;-76.49421751235008;5;NORTE
1133;PINOS;3.456369694123945;-76.48699979358379;8;ORIENTE
1134;PONDAJE;3.432256813046497;-76.49395093539549;8;ORIENTE
1135;POPULAR;3.474911438644236;-76.50848844145442;13;NORORIENTE
1137;PORVENIR;3.463853160733236;-76.51149156726098;13;NORORIENTE
1138;PRADO SUR;3.389973574050956;-76.55270605218948;12;CENTRO-OESTE 1
1139;PRADOS DEL NORTE;3.4746882218004416;-76.51402932604209;13;NORORIENTE
1140;PRIMAVERA;3.421984483781769;-76.50991421385076;12;SUR
1141;PRIMITIVO;3.438953732587162;-76.51596990635385;7;ORIENTE 3
1142;QUINTAS DE SALOMIA;3.471703274325828;-76.49127995265404;3;NORORIENTE 1
1143;REPUBLICA DE ISRAEL;3.4083121516615056;-76.51210853953883;9;SUR ORIENTE
1144;REFUGIO;3.400313621970975;-76.54768984491966;12;CENTRO-OESTE 1
1145;RICARDO BALCAZAR;3.434480774120081;-76.49208864967324;8;ORIENTE
1146;RIVERA;3.472618266130957;-76.49252881865735;13;NORORIENTE 1
1147;RODEO;3.4341948690679165;-76.50431953043321;2;ORIENTE 3
1148;SAN CARLOS;3.4221980039898163;-76.51276166450836;12;SUR
1149;SANTA ISABEL;3.4308096516281448;-76.54540868579784;11;CENTRO-OESTE 1
1150;SANTA  MONICA POPULAR;3.4386687937435667;-76.50988200882547;7;ORIENTE 3
1151;SAAVEDRA GALINDO;3.442398180953221;-76.51472882707897;7;ORIENTE 3
1152;SALOMIA;3.4692880119909253;-76.50563219751187;3;NORORIENTE
1153;SAN BENITO;3.4301869613055813;-76.50871027726537;2;SUR
1154;SAN BOSCO;3.442548439161184;-76.53393854644963;11;CENTRO
1155;SAN FERNANDO;3.436091843834008;-76.54279191400477;11;CENTRO-OESTE 1
1156;SAN JUDAS;3.4127869919195435;-76.52406122038727;10;SUR
1157;SAN LUIS;3.480597974681497;-76.48915999607426;5;NORORIENTE 1
1158;SAN MARCOS;3.426227476706864;-76.4638823117037;;
1159;SAN NICOLAS;3.4504556922701672;-76.52666643899197;11;CENTRO
1160;SANTA ANITA;3.407459899339385;-76.53670475304776;10;SUR
1161;SANTA CLARA;3.428907253721069;-76.5259000206046;2;SUR
1162;SANTA ELENA;3.4300102623253097;-76.5196683047504;2;SUR
1163;SANTA FE;3.441763028139805;-76.50534489133709;7;ORIENTE 3
1164;SANTANDER;3.464404613655473;-76.51201372580167;13;NORORIENTE
1165;SENA;3.4699668217312616;-76.50404229296583;3;NORORIENTE
1166;SIMON BOLIVAR;3.440855018677192;-76.5171150665263;7;ORIENTE 3
1167;SINDICAL;3.433253187352986;-76.5002596431291;2;ORIENTE 3
1169;SANTO.DOMINGO;3.3831867962947504;-76.51668287223103;10;SUR
1170;SUCRE;3.4411659326645205;-76.52852219126103;11;CENTRO
1171;TORRES DE COMFANDI;3.477409813906794;-76.49990812765165;6;NORORIENTE 1
1173;TEJARES SALOMIA;3.4684921724131152;-76.48555450382712;3;NORORIENTE 1
1174;TEMPLETE;3.420628300773344;-76.54051000788641;11;CENTRO-OESTE 1
1175;TEQUENDAMA;3.4159936347122253;-76.54545529591988;11;CENTRO-OESTE 1
1176;TERRON COLORADO;3.449817628777385;-76.53247818540785;11;TRANSPORTADORA
1177;TREBOL;3.4432553044975127;-76.49662972632716;8;ORIENTE 3
1178;TRONCAL;3.4492615242355438;-76.50815309853837;7;ORIENTE 3
1179;UNION;3.410801533912261;-76.50950354154465;9;SUR ORIENTE
1180;URIBE;3.4395771171980303;-76.51148727274564;7;ORIENTE 3
1181;VILLA  DE PAL;3.4116352876136222;-76.53565602941961;;SUR
1182;VILLA DEL PARQUE;3.4780278923146035;-76.49904384005809;3;NORORIENTE
1183;VILLA DE GUADALUPE;3.401893777930593;-76.5265500278912;10;SUR
1184;VILLA COLOMBIA;3.448432622765625;-76.50177693697454;7;ORIENTE 3
1185;VILLA GORGONA;3.5306158036382933;-76.49410522845733;;TRANSPORTADORA
1186;VILLA DEL PRADO;3.468584088953332;-76.49560564879685;3;NORORIENTE
1187;VILLA DEL SUR;3.4142378391953185;-76.5197150923592;4;SUR ORIENTE
1188;VILLA DE VERACRUZ;3.4754686885081383;-76.49755385029316;3;NORORIENTE
1189;VILLA DEL LAGO;3.43826892939768;-76.48880761456715;8;ORIENTE
1190;VILLA DEL SOL;3.481573840127262;-76.49685245110247;6;NORORIENTE 1
1191;VILLANUEVA;3.432215130247285;-76.507567443568;2;SUR
1192;VIPASA;3.479192781601569;-76.51185323187511;13;NORORIENTE
1193;VALLE DEL LILI;3.3762319201162363;-76.51647604791373;4;SUR ORIENTE
1194;VERSALLES;3.4672658253666198;-76.51398233190741;5;CENTRO
1195;CIUDAD  JARDIN;3.379947331824815;-76.53706352880434;12;CENTRO-OESTE 1
1197;1 DE MAYO;3.4047449986967986;-76.53303118965795;10;SUR
1198;SIN ASIGNAR CALI;3.5305689381910503;-76.49410387595162;;
1199;SAN PEDRO;3.426083304849897;-76.50850955279817;2;NORTE
1200;SAMAN;3.470304209582801;-76.49456097442885;3;SUR
1201;PORTAL DE JAMUNDI;3.414248424547685;-76.53422557612178;;TRANSPORTADORA
1203;PASOANCHO;3.4173684467055536;-76.53085056100464;10;SUR
1208;MIRAFLORES;3.4409468936516;-76.54077406594331;11;CENTRO-OESTE 1
1210;MANUEL MA. B/VENTURA;3.428809638534821;-76.54608412892652;;TRANSPORTADORA
1211;LA HACIENDA;3.398538066923816;-76.53151916560934;10;SUR
1226;INDUSTRIAL;3.449957658959922;-76.51454122399926;7;ORIENTE 3
1227;COMPARTIR;3.431884056995863;-76.46684403001741;8;ORIENTE
1228;CONQUISTADORES;3.430675758154175;-76.50726900087741;2;SUR ORIENTE
1232;BARTOLOME;3.451652125886323;-76.49153322832947;8;ORIENTE 3
1234;EDUARDO SANTOS;3.434112400455182;-76.50353366583994;2;ORIENTE 3
1236;NUEVO TEQUENDAMA;3.414796115593428;-76.54422653470742;11;CENTRO-OESTE 1
1237;LA CASCADA;3.4102452817265227;-76.55171305458367;11;CENTRO-OESTE 1
1238;JOAQUIN BORRERO SINISTERRA;3.4060991767232407;-76.54252711226363;10;CENTRO-OESTE 1
1241;LIBERTADORES;3.4425796865704488;-76.53945282880125;11;CENTRO-OESTE 1
1242;SAN CAYETANO;3.444687431227869;-76.54044193185268;11;CENTRO-OESTE 1
1244;SAN ANTONIO;3.4469757014978506;-76.53981130380957;11;CENTRO-OESTE 1
1245;UNION DE VIVIENDA POPULAR;3.411651744875842;-76.50964793078174;9;SUR ORIENTE
1246;MARACAIBO;3.41498131477644;-76.51919848241153;4;SUR ORIENTE
1247;SANTA BARBARA;3.468887615232671;-76.49131495690995;3;NORORIENTE 1
1248;SAUCES;3.414772753339113;-76.51532492859397;4;SUR ORIENTE
1249;CAÑAVERALEJO;3.4207366012703453;-76.5497682709737;11;CENTRO-OESTE 1
1251;EL DIAMANTE;3.4190625564491914;-76.50305505236592;9;SUR ORIENTE
1252;ULPIANO LLOREDA;3.4403933186898894;-76.49090633602856;8;ORIENTE
1254;SAMANES GUADALUPE;3.4059383244897248;-76.52552618061668;10;SUR
1255;12 DE OCTUBRE;3.429903505204297;-76.50054311384667;8;ORIENTE 3
1257;PORTAL DE  COMFANDI;3.4706541905527204;-76.4915777567694;13;NORORIENTE 1
1258;PRADOS DE  COMFANDI;3.4341243641544903;-76.51562875368406;7;SUR
1259;ALTOS MENGA;3.4900909256446204;-76.5190107877813;3;NORORIENTE
1260;VALLADO;3.4027994365799046;-76.50518005697072;9;SUR ORIENTE
1261;LLERAS RESTREPO;3.4346761410234854;-76.49392963520873;8;ORIENTE
1262;CAÑAVERALES;3.4007199471971683;-76.52626248075622;10;SUR
1263;PEÑON;3.447230513315496;-76.53957410508484;11;CENTRO-OESTE 1
1264;BRISAS DE LOS ANDES;3.4735813826840727;-76.50279946250801;3;NORORIENTE
1265;CAMINO REAL;3.409475740423072;-76.53843482315526;10;CENTRO-OESTE 1
1268;COMFENALCO;3.490914127374717;-76.48948959449373;5;NORTE
1269;ALCALA;3.426266684078723;-76.54368749902231;13;NORORIENTE 1
1270;BELLO HORIZONTE;3.4323849123192063;-76.50040251767231;8;ORIENTE 3
1271;BELLAVISTA;3.445463206597592;-76.54259921302089;11;CENTRO-OESTE 1
1272;SANTA MONICA RESIDENCIAL;3.468751055502499;-76.52603164928493;5;CENTRO
1273;GUADALUPE;3.403472424978745;-76.52588599416995;10;SUR
1275;SOLARES DE SALOMIA;3.4716859158005224;-76.50256402454069;;NORORIENTE 1
1276;SOLARES DE COMFANDI;3.4703436456854666;-76.48614601419166;3;NORORIENTE 1
1277;BRISAS DEL GUABITO;3.469309608829407;-76.49315974678532;3;NORORIENTE
1278;LA ALIANZA;3.4716030148403783;-76.50691846194297;13;NORORIENTE
1279;PACARA 1;3.4814303917249374;-76.5094773944538;13;NORORIENTE
1280;PALMERAS DEL NORTE;3.474789260407392;-76.50226492761041;3;NORORIENTE
1282;PLAZAS VERDES;3.4798491590140213;-76.49240114901599;6;NORORIENTE 1
1283;SAN VICENTE;3.472462385658527;-76.51376151424428;5;CENTRO
1284;ALFONSO LOPEZ;3.4638306536981416;-76.48630074853712;3;ORIENTE
1285;SANTO DOMINGO;3.411662260125867;-76.53105412078149;10;SUR
1286;ALTO JORDAN;3.3843629859720568;-76.55160776824268;12;CENTRO-OESTE 1
1287;POBLADO;3.4214796394831533;-76.4972570838971;8;SUR ORIENTE
1288;CIUDAD DEL CAMPO;3.457322085175559;-76.48214044843564;13;ORIENTE
1289;CIUDADELA DEL RIO;3.426547503465439;-76.46505013502221;8;ORIENTE
1290;TALANGA;3.4335383396975865;-76.46678166655158;8;ORIENTE
1291;LOS CEREZOS;3.4331361106162204;-76.46634958899689;8;ORIENTE
1292;VALLE GRANDE;3.437212162321364;-76.4704477519634;8;ORIENTE
1293;NACIONAL;3.443577844997016;-76.54326723554064;11;CENTRO-OESTE 1
1294;CEDRO;3.426906374947721;-76.53901525938619;11;CENTRO-OESTE 1
1295;BELISARIO CAICEDO;3.4195957408160185;-76.54932459757572;11;CENTRO-OESTE 1
1296;CAMELIAS;3.4063326012032644;-76.5284287827142;10;SUR
1297;EL JORDAN;3.3788274136881538;-76.55126869263478;12;CENTRO-OESTE 1
1298;LOURDES;3.3934669817377774;-76.5513833933629;12;CENTRO-OESTE 1
1299;SEMINARIO;3.4203411455189587;-76.55064512654054;11;CENTRO-OESTE 1
1300;REMANSOS DE COM.;3.4174347672516334;-76.46743408074859;8;ORIENTE
1301;ROBLES;3.423429609394109;-76.49666096802537;8;SUR ORIENTE
1302;BRISAS DEL LIMONAR;3.399200933422284;-76.52110361028085;4;SUR
1303;PRADOS DEL LIMONAR;3.39100975299378;-76.52665522497061;4;SUR
1304;JORGE SAWASKY;3.410405831244386;-76.53162629251493;10;SUR
1305;QUINTAS DE DON SIMON;3.3936215318012937;-76.53457198057569;10;SUR
1308;HOLGUIN GARCES;3.4105308824322758;-76.5193851509779;4;SUR ORIENTE
1309;ARBOLEDA;3.4411785023582917;-76.4805504785669;;ORIENTE
1310;GRAN LIMONAR;3.405439138336769;-76.5275431210096;10;SUR
1312;BUENO MADRID;3.47141392813106;-76.51111136857344;13;NORORIENTE
1313;ALIANZA;3.469471650772722;-76.50667317573242;13;NORORIENTE
1315;CAMPIÑA;3.4829988336387143;-76.52574547881476;3;NORORIENTE
1317;BERLIN;3.471622501552842;-76.5114693990902;13;NORORIENTE
1318;CUARTO DE LEGUA;3.4182290402666644;-76.54934557131318;11;CENTRO-OESTE 1
1319;SANTA RITA;3.450999854653114;-76.53642151522124;11;CENTRO-OESTE 1
1320;CIUDAD REAL;3.385889079536498;-76.51631912413458;4;SUR ORIENTE
1321;DECEPAZ;3.4242239841150486;-76.46494245334512;8;ORIENTE
1323;LOS CRISTALES;3.439964880991492;-76.54248875861346;11;CENTRO-OESTE 1
1324;CALIBELLA;3.458304749628475;-76.48748577567146;8;ORIENTE
11325;STA TERESITA;3.452253929296281;-76.54743699352284;11;CENTRO-OESTE 1
11327;POBLADO CAMPESTRE;3.4437248217690573;-76.4847901392148;13;ORIENTE
11331;LLERAS CAMARGO;;;;
11333;NORMANDIA;3.459728555316766;-76.52717800520111;5;CENTRO
11335;CALICANTO;3.375047877677703;-76.51706665369304;4;SUR ORIENTE
11337;CORDOBA RESERVADO;3.3984836310912576;-76.50644809481884;9;SUR ORIENTE
11340;SANTA TERESITA;3.4465850796970545;-76.54019127683168;11;CENTRO-OESTE 1
11341;SAN LUISITO;3.4862064331006826;-76.48986654287677;5;NORORIENTE 1
11883;ALFERES REAL;3.3917625972370047;-76.54700564832932;12;CENTRO-OESTE 1
11886;SANTA CLARA;3.387988333333333;-76.53599333333334;;TRANSPORTADORA
11887;CORDOBA .;3.401458246125828;-76.50456539837936;9;SUR ORIENTE
11888;BONILLA ARAGON;3.4234404543737957;-76.48754561760009;8;SUR ORIENTE
11889;SAN JOAQUIN;3.383738964755532;-76.52610882228578;4;SUR ORIENTE
11890;YUMBO;3.504367495729213;-76.5053053194883;6;YUMBO
11892;BOSQUE DEL LIMONAR;3.401565856197984;-76.53156000900422;10;SUR
11922;PILOTO;3.446520351105537;-76.52717776287373;11;CENTRO
11924;UR SAN JUAQUIN;3.38229804893105;-76.52433018294754;4;SUR ORIENTE
11969;MORTIÑAL;3.441370145586801;-76.54413071198864;11;CENTRO-OESTE 1
11972;YIRA CASTRO;3.4256677008456045;-76.4987335248085;8;SUR ORIENTE
11981;JAMUNDI;3.425536563304873;-76.52159055726835;1;TRANSPORTADORA
11982;CALIMIO DECEPAZ;3.417124064123777;-76.46926400822342;8;ORIENTE
11983;LAS VEGAS DE COMFANDI;3.3812732845092035;-76.51045736338357;4;SUR ORIENTE
11984;PALMIRA;3.532879860545249;-76.29534582139483;16 PALMIRA;PALMIRA
11985;ALTOS DE LA LUISA;3.3903910722897805;-76.5490798911056;12;CENTRO-OESTE 1
11986;CIUDAD JARDIN;3.374115530584859;-76.53850644005118;12;CENTRO-OESTE 1
13278;DIAMANTE;;;;
46162;EMPLEADÓS;3.530604923523616;-76.49411630070026;1;EMPLEADOS
46175;FLORA;3.4862758820590485;-76.51541122426957;3;NORORIENTE
46179;CALIMIO;3.450815880535443;-76.4893942984052;;ORIENTE
46224;PROBLEMA DE COBRO CALI;3.4609594247562816;-76.50062833102716;MUNICIPIOS SIN COBERTURA;
46235;LA ESTANCIA;3.570382715132449;-76.48228556636131;6;YUMBO
46236;CORVIVALLE;3.5748753863382348;-76.49030589999614;6;YUMBO
46237;URIBE;3.57857364832989;-76.49302375740025;6;YUMBO
46240;BOLIVAR;3.58219298012288;-76.49092569908775;6;YUMBO
46241;BELALCAZAR;3.58226679409938;-76.49575114934142;6;YUMBO
46242;CENCAR;3.545198346631039;-76.49945290763806;6;YUMBO
46244;PORTALES DE COMFANDI;3.5773045855243257;-76.4889950025421;6;YUMBO
46245;SAN FERNANDO;3.579697028505323;-76.49653044419044;6;YUMBO
46246;MUNICIPAL;3.58700483387478;-76.49162202218638;6;YUMBO
46247;GUACANDA;3.587509683347541;-76.48649723529272;6;YUMBO
46248;GAITAN;3.5898757305479405;-76.4874416098649;6;YUMBO
46249;PIZARRO;3.589839177919246;-76.48618937704276;6;YUMBO
46250;CACIQUE JACINTO;3.5899507790941434;-76.48703574431514;6;YUMBO
46252;PORTALES DE YUMBO;3.5894781959599986;-76.4843714265452;6;YUMBO
46253;OLIMPICO;3.5246132912700103;-76.30678094937957;16 PALMIRA;PALMIRA
46254;FRAY LUIS;3.538011471831382;-76.31227373057635;16 PALMIRA;PALMIRA
46255;EL PRADO;3.535069112513469;-76.3117098102598;16 PALMIRA;PALMIRA
46256;SANTA ANA;3.5339375972171307;-76.3157745849121;16 PALMIRA;PALMIRA
46257;EMILIA;3.5349709319439557;-76.3074352196335;16 PALMIRA;PALMIRA
46258;LA CONCORDIA;3.5347592852242355;-76.30869031104291;16 PALMIRA;PALMIRA
46259;LLANO GRANDE;3.5424940640886304;-76.31323950066071;16 PALMIRA;PALMIRA
46260;LAS ACACIAS;3.5309242697704457;-76.29329165880995;16 PALMIRA;PALMIRA
46263;ALICANTO;3.531754891818695;-76.31517147652089;16 PALMIRA;PALMIRA
46264;LAS AMERICAS;3.521525668627287;-76.296318465505;16 PALMIRA;PALMIRA
46272;SANTA BARBARA;3.530164017432499;-76.3073789312404;16 PALMIRA;PALMIRA
46274;VILLA LAS PALMAS;3.5430222698624774;-76.31324005656253;16 PALMIRA;PALMIRA
46275;MERCEDES;3.5436158197099434;-76.29212749043798;16 PALMIRA;PALMIRA
46276;LA ITALIA;3.5108927939709127;-76.30052238425226;16 PALMIRA;PALMIRA
46277;BOSQUE DE MORELIA;3.544412942627829;-76.29683474130152;16 PALMIRA;PALMIRA
46278;VILLA CLAUDIA;3.544053388975021;-76.30568703390976;16 PALMIRA;PALMIRA
46279;INDUSTRIAL;3.532311610731037;-76.28699283266289;16 PALMIRA;PALMIRA
46280;IGNACIO TORRES G;3.5449393256929165;-76.30848804533676;16 PALMIRA;PALMIRA
46281;JUAN PABLO;3.54426176979956;-76.31158556942803;16 PALMIRA;PALMIRA
46282;SANTA TERESITA;3.543126446286401;-76.30757106607713;16 PALMIRA;PALMIRA
46283;LA BENEDICTA;3.544168450826251;-76.3029547523796;16 PALMIRA;PALMIRA
46284;ESTONIA;3.540407718728872;-76.30139188391209;16 PALMIRA;PALMIRA
46285;BERLIN;3.539639283072024;-76.30026748841027;16 PALMIRA;PALMIRA
46286;SANTA ISABEL;3.5413013163558285;-76.29913843715718;16 PALMIRA;PALMIRA
46287;VERSALLES;3.53907282202569;-76.29469146352213;16 PALMIRA;PALMIRA
46288;SAMANES DE LAS MERCEDES;3.5430218365632222;-76.29684859409481;16 PALMIRA;PALMIRA
46289;ALMANARES DE LA MERCED;3.5432590506739845;-76.29400868334312;16 PALMIRA;PALMIRA
46290;CAMPESTRE;3.537257722833771;-76.28517515462032;16 PALMIRA;PALMIRA
46291;PORTAL DE LAS PALMAS;3.543913222023184;-76.31278817578749;16 PALMIRA;PALMIRA
46292;DEPARTAMENTAL;3.545326095143165;-76.3007425288551;16 PALMIRA;PALMIRA
46295;ZAMORANO;3.554443189903003;-76.29705254824293;16 PALMIRA;PALMIRA
46296;RESERVA DE ZAMORANO;3.5507704305886194;-76.30265583639522;16 PALMIRA;PALMIRA
46298;EL SESQUI;3.5154005689042656;-76.2981443154118;16 PALMIRA;PALMIRA
46299;PARQUE ITALIA;3.511421184077412;-76.29941964913812;16 PALMIRA;PALMIRA
46300;VILLA FONTANA;3.509624110104501;-76.29828696592456;16 PALMIRA;PALMIRA
46301;LAS FLORES;3.5258625336262672;-76.30000391880822;16 PALMIRA;PALMIRA
46302;ALFONSO LÓPEZ;3.5363162935531545;-76.3012959196984;16 PALMIRA;PALMIRA
46303;COLOMBIA;3.53399624660606;-76.30065395592044;16 PALMIRA;PALMIRA
46338;LA ESPERANZA;3.547772281862259;-76.3033679950511;16 PALMIRA;PALMIRA
46344;PRIMERO DE MAYO;3.5356174202332875;-76.28716140671959;16 PALMIRA;PALMIRA
46345;ALAMEDA;3.5540767301626786;-76.28993886089515;16 PALMIRA;PALMIRA
46349;LA COSECHA;3.555213222727981;-76.28657826384163;16 PALMIRA;PALMIRA
46351;MONTECARLO;3.551944664530062;-76.29410467095227;16 PALMIRA;PALMIRA
46354;MIRRIÑAO;3.546660505563775;-76.30194372045842;;PALMIRA
46363;SEMBRADOR;3.520763329810618;-76.29162982467514;16 PALMIRA;PALMIRA
46365;BIZERTA;3.5342420923113536;-76.29302250427311;16 PALMIRA;PALMIRA
46372;GUAYACANES DEL INGENIO;3.521158809722432;-76.29074802601293;16 PALMIRA;PALMIRA
46373;RINCON DEL BOSQUE;3.5291464778387294;-76.28443637637181;16 PALMIRA;PALMIRA
46374;DANUBIO;3.5297517367609443;-76.28972191286512;16 PALMIRA;PALMIRA
46382;GUAYACANES DEL PARQUE;3.5241548481777683;-76.29148994166981;16 PALMIRA;PALMIRA
46384;PAPAYAL;3.5236879525567035;-76.28754688551342;16 PALMIRA;PALMIRA
46386;SAN PEDRO;3.533593315638932;-76.28780637033258;16 PALMIRA;PALMIRA
46390;LUIS CARLOS GALAN SARMIENTO;3.5262456276622096;-76.29514827453414;16 PALMIRA;PALMIRA
46391;CHAPINERO;3.505093608655609;-76.31042214805383;16 PALMIRA;PALMIRA
46392;CIUDADELA PALMIRA;3.5218475215106606;-76.28441822535166;16 PALMIRA;PALMIRA
46393;POBLADO COMFAUNION;3.5430564639258426;-76.28964477015062;16 PALMIRA;PALMIRA
46396;LA INDEPENDENCIA;3.5187000030823863;-76.30126722951805;16 PALMIRA;PALMIRA
46397;PETRU;3.5221351710766755;-76.29733693626706;16 PALMIRA;PALMIRA
46400;EL RECREO;3.522725382629009;-76.29830894985069;16 PALMIRA;PALMIRA
46401;EL TREBOL;3.523889367701522;-76.2932048359328;16 PALMIRA;PALMIRA
46402;LIBERTADORES;3.528086127040707;-76.29120216418168;16 PALMIRA;PALMIRA
46403;FATIMA;3.5242206990394798;-76.28577045618702;16 PALMIRA;PALMIRA
46404;BARRIO NUEVO;3.5215780025644;-76.30237703482217;16 PALMIRA;PALMIRA
46406;PARAISO;3.525817049434273;-76.28374617056699;16 PALMIRA;PALMIRA
46407;EL TRIUNFO;3.527418946779144;-76.28611815026348;16 PALMIRA;PALMIRA
46409;SAN CARLOS;3.544266471479561;-76.29816836172859;;PALMIRA
46428;BUENOS AIRES;3.5316873669023368;-76.27920952026183;16 PALMIRA;PALMIRA
46444;LAS PALMERAS;3.532063790038924;-76.28028449852827;16 PALMIRA;PALMIRA
46460;POPULAR MODELO;3.528055925569636;-76.27645100874595;16 PALMIRA;PALMIRA
46469;MUNICIPAL;3.531783437024552;-76.28584736821719;16 PALMIRA;PALMIRA
46470;EL BOSQUE;3.531738068463788;-76.28597112207201;16 PALMIRA;PALMIRA
46531;BOCHALEMA;3.378325075387121;-76.52264806267374;12;SUR ORIENTE
46532;LOS SAUSES;3.534226552868592;-76.27919389427552;16 PALMIRA;TRANSPORTADORA
46536;OMAR TORRIJO;3.4797691066068976;-76.49896959703031;;ORIENTE
46551;EL RETIRO;3.41599468099454;-76.50421475635763;;
46587;SANTO DOMINGO;6.236817932623899;-75.54979332729916;;TRANSPORTADORA
46640;RETIRO;6.316205960037263;-75.55831568328671;;TRANSPORTADORA
46667;TITIRIBÍ;;;;TRANSPORTADORA
46716;CHINCHINÁ;5.044747061209876;-75.5145319509511;;TRANSPORTADORA
46889;RIOSUCIO;6.116250047732086;-75.63511872198558;;TRANSPORTADORA
46890;SUPÍA;;;;TRANSPORTADORA
46901;NEIRA;5.047389763773928;-75.5127287429797;;TRANSPORTADORA
46904;AGUADAS;5.06487;-75.50371166666667;;TRANSPORTADORA
46908;LA DORADA;5.068613333333333;-75.49488500000001;;TRANSPORTADORA
46958;MIRANDA;4.8111697;-75.7059369;;TRANSPORTADORA
47037;MEDIO SAN JUAN;6.309704799999999;-75.5633652;;TRANSPORTADORA
47300;ACACIAS;;;;
47353;GUADALAJARA DE BUGA;3.421661074938359;-76.54644777685708;;TRANSPORTADORA
47430;ARMENIA;4.586786389567588;-74.14245121570151;MUNICIPIOS SIN COBERTURA;TRANSPORTADORA
47442;MARSELLA;4.801245198866309;-75.74029476984617;;TRANSPORTADORA
47612;GINEBRA;3.4255359025652155;-76.51490289264116;;TRANSPORTADORA
47633;ZARZAL;4.80373828454366;-75.6965652508628;;TRANSPORTADORA
47643;AMAGÁ;6.320940921823535;-75.56873734964327;;TRANSPORTADORA
48608;BUENAVENTURA;3.5072877237897844;-76.29770068549543;;TRANSPORTADORA
48619;CIUDAD GUABINAS;3.55096987645464;-76.50136785995143;6;YUMBO
48660;TAT Z1;3.4795211362142715;-76.49264993210501;;
48662;TAT Z3;;;;
48676;JAPON SUBA;;;;
48734;LISTOS FRESCOS COLON;3.4216695424984134;-76.51959402102803;;SUR
1286;ALTO JORDAN;3.378621;-76.5592;0;0
1270;BELLO HORIZONTE;3.433054;-76.504529;0;0
1029;BOLIVARIANO;3.468130;-76.514279;0;0
1302;BRISAS DEL LIMONAR;3.401396;-76.522162;0;0
1036;CALDAS;3.395161;-76.549756;0;0
11335;CALICANTO;3.373519;-76.520042;0;0
46179;CALIMIO;3.487818;-76.484736;0;0
11982;CALIMIO DECEPAZ;3.414486;-76.469481;0;0
1249;CAÑAVERALEJO;3.416301;-76.550520;0;0
1050;COLINAS DEL SUR;3.389843;-76.551929;0;0
1053;COMUNEROS;3.410242;-76.492422;0;0
46551;EL RETIRO;3.407870;-76.492781;0;0
1068;FONAVIEMCALI;3.484464;-76.489289;0;0
1310;GRAN LIMONAR;3.399570;-76.54164080;0;0
1273;GUADALUPE;3.407782;-76.556729;0;0
1238;JOAQUIN BORRERO SINISTERRA;3.412468;-76.541243;0;0
1304;JORGE SAWASKY;3.410668;-76.532445;0;0
1278;LA ALIANZA;3.472382;-76.506801;0;0
46235;LA ESTANCIA;3.571251;-76.480187;0;0
1091;LA PLAYA;3.755330;-76.541564;0;0
11983;LAS VEGAS DE COMFANDI;3.375330;-76.541564;0;0
1097;LEON XIII;3.426349;-76.508526;0;0
1210;MANUEL MA. B/VENTURA;3.439849;-76.524335;0;0
1246;MARACAIBO;3.421048;-76.519083;0;0
1104;MARROQUIN;3.427396;-76.481033;0;0
1108;MOJICA;3.415586;-76.491628;0;0
1279;PACARA 1;3.482361;-76.509229;0;0
1203;PASOANCHO;3.417316;-76.532928;0;0
1263;PEÑON;3.450178;-76.542705;0;0
1133;PINOS;3.454933;-76.485832;0;0
1169;SANTO.DOMINGO;3.411962;-76.532316;0;0
1174;TEMPLETE;3.424440;-76.539607;0;0
1019.0;ARANJUEZ;5.042856083972121;-75.49893075231455;11;
25494.0;LA ENEA;5.031972776631995;-75.46373332573832;RUTA 1 MANIZALES;1.0
25495.0;LA ESTRELLA;5.059981338814898;-75.49253229853886;RUTA 4 MANIZALES;1.0
25496.0;SAN JOAQUÍN;5.065018728264816;-75.51382609149356;RUTA 3 MANIZALES - SAMUEL;2.0
25497.0;COLOMBIA;5.061534011779369;-75.50351448689219;RUTA 5 MANIZALES;3.0
25498.0;EUCALIPTUS;5.05568815749792;-75.50358140915937;ADIC. RUTA 3 - VILLAMARIA;3.0
25499.0;BAJO TABLAZO;;;ADIC. RUTA 1 - SAMUEL;2.0
25500.0;ONDAS DE OTUN;5.064898333333333;-75.50716666666668;RUTA 5 MANIZALES;3.0
25501.0;VELEZ;5.064396752125097;-75.50522764748203;RUTA 5 MANIZALES;3.0
25502.0;LA SULTANA;5.060706470002407;-75.474018088211;RUTA 4 MANIZALES;1.0
25503.0;BAJO CARIBE;5.073018298005355;-75.49479728707826;RUTA 5 MANIZALES;1.0
25504.0;CHIPRE;5.075121289702073;-75.52483253445023;RUTA 1 MANIZALES;2.0
25505.0;CENTRO;5.067232310189263;-75.51609673433934;RUTA 1 MANIZALES;2.0
25506.0;FATIMA;5.052462101248911;-75.49815137141628;RUTA 4 MANIZALES;1.0
25508.0;EL CAMPIN;5.061141472750868;-75.5026756490806;RUTA 5 MANIZALES;3.0
25509.0;EL PARAISO;5.055626972956601;-75.51223014378986;RUTA 3 MANIZALES - SAMUEL;3.0
25510.0;BOSQUES DELNORTE;5.05746035246036;-75.50253736946718;RUTA 5 MANIZALES;1.0
25511.0;VILLA JULIA;5.0716121524752955;-75.50632243610016;RUTA 5 MANIZALES;1.0
25512.0;SANTOS;5.054852418960004;-75.50766209290427;ADIC. RUTA 3 - VILLAMARIA;3.0
25513.0;LUSITANIA;5.030720561324319;-75.47682906417072;RUTA 1 MANIZALES;1.0
25514.0;LOS CEDROS;5.068950711139474;-75.49982741493278;RUTA 5 MANIZALES;1.0
25515.0;LA CAROLA;5.0672550791543225;-75.48847885703842;RUTA 5 MANIZALES;1.0
25516.0;SAN JOSE;5.0706802503358555;-75.51367157631218;RUTA 5 MANIZALES;2.0
25517.0;LOS MOLINOS;5.0445483173865435;-75.51106927478192;ADIC. RUTA 3 - VILLAMARIA;3.0
25518.0;EL CARIBE;5.07367308551433;-75.49547315529847;RUTA 5 MANIZALES;1.0
25519.0;BAJO PRADO;5.057617103280995;-75.50544828679706;RUTA 3 MANIZALES - SAMUEL;3.0
25520.0;VILLA MARIA;5.044618030735534;-75.51438695357544;ADIC. RUTA 3 - VILLAMARIA;3.0
25521.0;LA PRADERA;5.043699472171118;-75.51934546250483;ADIC. RUTA 3 - VILLAMARIA;3.0
25522.0;VILLA PILAR;5.083385829974902;-75.52537386992488;ADIC. RUTA 1 - SAMUEL;2.0
25523.0;EL BOSQUE;5.064008886860759;-75.52282480503688;ADIC. RUTA 1 - SAMUEL;2.0
25524.0;PALERMO;5.051771389730152;-75.49041964799774;RUTA 4 MANIZALES;1.0
25525.0;MALHABAR;5.046451811566344;-75.50221287094135;RUTA 4 MANIZALES;1.0
25526.0;LOS ALCAZARES;5.067304177087528;-75.52709036388137;ADIC. RUTA 1 - SAMUEL;2.0
25527.0;LOS AGUSTINOS;5.0701850137421145;-75.52066836244957;RUTA 1 MANIZALES;2.0
25528.0;SAN JORGE;5.066793890699126;-75.49904427453936;RUTA 5 MANIZALES;1.0
25529.0;VILLA NUEVA;5.0633215311445685;-75.50802117162277;RUTA 5 MANIZALES;2.0
25530.0;ESTACION URIBE;5.052574157612318;-75.52689735401813;ADIC. RUTA 1 - SAMUEL;2.0
25531.0;LA CUMBRE;5.067717038704032;-75.47341133192197;RUTA 4 MANIZALES;1.0
25532.0;VILLA HERMOSA;5.069748710787606;-75.49235842255352;RUTA 5 MANIZALES;1.0
25533.0;LLERAS;5.0632578798864545;-75.50192335871668;RUTA 5 MANIZALES;3.0
25534.0;VILLA LUZ;5.066004089281786;-75.4790171891641;RUTA 4 MANIZALES;1.0
25535.0;MINITAS;5.0637321356458385;-75.4756926147651;RUTA 4 MANIZALES;1.0
25536.0;BETANIA (FATIMA);5.054690762598586;-75.49858947695985;RUTA 4 MANIZALES;1.0
25537.0;VIVEROS;5.063052927746072;-75.47864625851676;RUTA 4 MANIZALES;1.0
25538.0;VILLA CAFE LOS YARUMOS;5.065966756370917;-75.5048366750667;RUTA 4 MANIZALES;1.0
25539.0;LA TOSCANA;5.060691662594766;-75.48024854020575;RUTA 4 MANIZALES;1.0
25540.0;MINUTO DE DIOS;5.061359962625273;-75.4811856365478;RUTA 4 MANIZALES;1.0
25541.0;ALTA SUIZA;5.051591861925675;-75.48063141884293;RUTA 4 MANIZALES;1.0
25542.0;LA FLORIDA;5.039807238378442;-75.48945066144462;RUTA 1 MANIZALES;1.0
25543.0;COLSEGUROS;5.053634178338443;-75.47976723260605;RUTA 4 MANIZALES;1.0
25544.0;LA ARGENTINA;5.066420399096533;-75.49560928514106;RUTA 5 MANIZALES;1.0
25545.0;ARANJUEZ;5.043126143288065;-75.49928313288613;RUTA 4 MANIZALES;1.0
25546.0;ATANASIO GIRARDOT;5.052862019539056;-75.49437461987554;;1.0
25547.0;LINARES;5.066264392132168;-75.51022732117973;RUTA 3 MANIZALES - SAMUEL;2.0
25548.0;MILAN;5.050156789158357;-75.483227357878;RUTA 4 MANIZALES;1.0
25549.0;KENNEDY;5.052126275516003;-75.50072295020165;RUTA 4 MANIZALES;1.0
25550.0;NUEVO FATIMA;5.05226227742441;-75.49539515465102;RUTA 4 MANIZALES;1.0
25551.0;PALOGRANDE;5.056550428078023;-75.4879596939051;RUTA 4 MANIZALES;1.0
25553.0;VILLACARMENZA;5.060277824953008;-75.50892186879098;RUTA 3 MANIZALES - SAMUEL;3.0
25554.0;LAS COLINAS;5.048781116834639;-75.5035511259463;RUTA 4 MANIZALES;1.0
25555.0;CASTILLA;5.049319502132244;-75.50544956689063;ADIC. RUTA 3 - VILLAMARIA;3.0
25557.0;BETANIA;5.055281016548409;-75.49741381051162;RUTA 4 MANIZALES;1.0
25558.0;GUAMAL;5.056384745955161;-75.50828596954275;ADIC. RUTA 3 - VILLAMARIA;3.0
25559.0;ESTAMBUL;5.053331902912075;-75.52522510992614;ADIC. RUTA 1 - SAMUEL;2.0
25560.0;ISABELA;5.055450691825148;-75.5060949293054;ADIC. RUTA 3 - VILLAMARIA;3.0
25562.0;PALONEGRO;5.076633275098708;-75.50368503124575;RUTA 5 MANIZALES;1.0
25563.0;PANORAMA;5.05288864208962;-75.52747888173646;ADIC. RUTA 1 - SAMUEL;2.0
25564.0;URBANIZACION GALICIA;5.056739686101738;-75.50593203885698;ADIC. RUTA 3 - VILLAMARIA;3.0
25565.0;ARRAYANES;5.060059147695826;-75.510414721335;RUTA 3 MANIZALES - SAMUEL;3.0
25566.0;LA FUENTE;5.058395343453943;-75.50964669553403;RUTA 3 MANIZALES - SAMUEL;3.0
25567.0;EL PALMAR;5.062384454464953;-75.50682381438416;RUTA 3 MANIZALES - SAMUEL;3.0
25568.0;PRADO;5.059189529528493;-75.50617751665814;RUTA 3 MANIZALES - SAMUEL;3.0
25569.0;CERVANTES;5.062990285966684;-75.50978294553916;RUTA 4 MANIZALES;2.0
25570.0;BAVARIA;5.063317010479416;-75.50217173677795;RUTA 5 MANIZALES;3.0
25571.0;CAMPO HERMOSO;5.07515036997746;-75.52159253693785;RUTA 1 MANIZALES;2.0
25572.0;SAN ANTONIO;5.064981886151804;-75.5196491784081;ADIC. RUTA 1 - SAMUEL;2.0
25573.0;PRADO ALTO;5.06100216960531;-75.50540390401379;RUTA 3 MANIZALES - SAMUEL;3.0
25574.0;ALAMOS;5.062830986432141;-75.50522876081656;RUTA 5 MANIZALES;3.0
25575.0;PRADO MEDIO;5.059350351884444;-75.50674405770916;RUTA 3 MANIZALES - SAMUEL;3.0
25576.0;URIBE;5.064854852976865;-75.50719754867723;RUTA 5 MANIZALES;3.0
25577.0;RESERVA DE CASTILLA;5.068586449622267;-75.50427671042546;RUTA 5 MANIZALES;1.0
25578.0;PERALONSO;5.072783417645224;-75.49952880735998;RUTA 5 MANIZALES;1.0
25579.0;BAJO PERSIA;5.055015604698025;-75.50373541825378;RUTA 3 MANIZALES - SAMUEL;3.0
25580.0;CAMPOAMOR;5.06382273697304;-75.51260279693788;RUTA 3 MANIZALES - SAMUEL;2.0
25581.0;BAJO CERVANTES;5.060856127139866;-75.51069644015817;RUTA 4 MANIZALES;2.0
25582.0;SAENZ;5.067017524102552;-75.50177473885807;RUTA 5 MANIZALES;1.0
25583.0;LA RAMBLA;5.059211094594477;-75.486221172165;RUTA 4 MANIZALES;1.0
25584.0;SAN CAYETANO;5.07432223606148;-75.493672794041;RUTA 5 MANIZALES;1.0
25586.0;LA ASUNCION;5.068130144920589;-75.49497710709308;RUTA 5 MANIZALES;1.0
25587.0;CENTENARIO;5.061349554472519;-75.5253632370512;ADIC. RUTA 1 - SAMUEL;2.0
25588.0;LAURELES;5.0557758115284175;-75.48446324158124;RUTA 4 MANIZALES;1.0
25589.0;ALTA CAROLA;5.066576067622493;-75.48685099127424;RUTA 5 MANIZALES;1.0
25590.0;NOGALES;5.059044581632559;-75.52430202301807;ADIC. RUTA 1 - SAMUEL;2.0
25591.0;GUAYACANES;5.0554031161497495;-75.48958963643634;RUTA 4 MANIZALES;1.0
25593.0;NUEVO HORIZONTE;5.056233283293273;-75.52706259125796;ADIC. RUTA 1 - SAMUEL;2.0
25594.0;EL PEÑON;5.060177598432122;-75.5265622615128;ADIC. RUTA 1 - SAMUEL;2.0
25595.0;ARENILLO;5.055222782961128;-75.53229068293639;ADIC. RUTA 1 - SAMUEL;2.0
25596.0;QUINTAHISPANIA;5.065913383915387;-75.52819414072532;ADIC. RUTA 1 - SAMUEL;2.0
25597.0;ASTURIAS;5.059790911453918;-75.52875746360381;ADIC. RUTA 1 - SAMUEL;2.0
25598.0;VILLA KEMPIS;5.053477156210914;-75.5300582457336;ADIC. RUTA 1 - SAMUEL;2.0
25601.0;LA FRANCIA;5.070176871135277;-75.52999675550149;ADIC. RUTA 1 - SAMUEL;2.0
25602.0;TOPACIO;5.073394232296034;-75.53323565938713;ADIC. RUTA 1 - SAMUEL;2.0
25603.0;MORROGACHO;5.074712630111175;-75.53744325517123;ADIC. RUTA 1 - SAMUEL;2.0
25604.0;OLAYA;;;;2.0
25605.0;BELLAS ARTES;5.0699338003725805;-75.52144352388233;RUTA 1 MANIZALES;2.0
25606.0;PORTAL DE ALCAZARES;5.06889435231316;-75.52919366357989;ADIC. RUTA 1 - SAMUEL;2.0
25607.0;VERSALLES;5.061272319796785;-75.49899442514696;RUTA 4 MANIZALES;3.0
25608.0;SANTA HELENA;5.0657221881541235;-75.50353236494222;RUTA 5 MANIZALES;2.0
25611.0;ALFERES REAL;5.057303640626081;-75.50844555619187;ADIC. RUTA 3 - VILLAMARIA;3.0
25613.0;LA DANIELA;5.0675370251362635;-75.4912209870756;RUTA 5 MANIZALES;1.0
25614.0;JOSE RESTREPO;5.05045379653638;-75.50230569383365;RUTA 4 MANIZALES;3.0
25615.0;EL NEVADO;5.060514524394015;-75.51407878464322;ADIC. RUTA 3 - VILLAMARIA;2.0
25616.0;TERRAZAS DE CAMPOHERMOSO;5.076211316739805;-75.52190212389644;ADIC. RUTA 1 - SAMUEL;2.0
25617.0;LIBORIO;5.072279917658034;-75.51983277350475;RUTA 5 MANIZALES;2.0
25618.0;LA PÀLMA;;;;2.0
25619.0;AMERICAS (SAN JORGE);5.068516246434901;-75.49682386439697;RUTA 5 MANIZALES;1.0
25620.0;CAMILO TORRES;5.0533022585571485;-75.50369836095338;RUTA 4 MANIZALES;3.0
25621.0;LEONORA;5.064879100829648;-75.49404802455918;RUTA 5 MANIZALES;1.0
25622.0;FUNDADORES;5.068687354230906;-75.5101628437594;RUTA 5 MANIZALES;2.0
25623.0;ALTOS DE CAPRI;5.075246009817485;-75.5004115812413;RUTA 5 MANIZALES;1.0
25624.0;BELEN;5.060771587818576;-75.49318317226458;RUTA 4 MANIZALES;1.0
25626.0;PIO XII;5.0490463278799735;-75.50045485746365;RUTA 4 MANIZALES;1.0
25627.0;ALTO CARIBE;5.07423761048764;-75.49592710787647;RUTA 5 MANIZALES;1.0
25628.0;LUSITANIA ALTA;5.03108598284568;-75.47575832911431;RUTA 1 MANIZALES;1.0
25629.0;VILLA DEL RIO;5.065601640006486;-75.49175878843897;RUTA 5 MANIZALES;1.0
25630.0;EL CARMEN;5.062158189796185;-75.51973391285755;ADIC. RUTA 1 - SAMUEL;2.0
25631.0;COMUNERO;5.07167140648382;-75.49164349175653;RUTA 5 MANIZALES;1.0
25632.0;LA CASTELLANA;5.063198102944702;-75.52462960923691;ADIC. RUTA 1 - SAMUEL;2.0
25633.0;MONTANA;5.072755864058083;-75.52987316498391;ADIC. RUTA 1 - SAMUEL;2.0
25634.0;BENGALA;5.07856528642166;-75.49058336961272;RUTA 5 MANIZALES;1.0
25637.0;LOS ROSALES;5.062433805067394;-75.49014291277675;RUTA 5 MANIZALES;1.0
25639.0;LA LINDA;5.092255803141804;-75.54513943950612;ADIC. RUTA 1 - SAMUEL;2.0
25640.0;VILLA CAFE (CAROLA);5.06714794194569;-75.48647663006369;RUTA 5 MANIZALES;1.0
25641.0;FANNY GONZALEZ;5.07253152914735;-75.50075024218309;RUTA 5 MANIZALES;1.0
25642.0;GONZALEZ;5.059550259506116;-75.50414914930464;RUTA 3 MANIZALES - SAMUEL;3.0
25643.0;LA ARBOLEDA;5.061730498186658;-75.49704551832599;RUTA 4 MANIZALES;3.0
25644.0;LA CAROLITA;5.066542795444065;-75.48710420561787;RUTA 5 MANIZALES;1.0
25646.0;PALONEGRO NUEVO;5.076030528597778;-75.5023509640324;RUTA 5 MANIZALES;1.0
25647.0;LA FLORESTA;5.042161894163853;-75.52093482909483;ADIC. RUTA 3 - VILLAMARIA;3.0
25648.0;TURIN;5.0395462608681445;-75.50902939299662;ADIC. RUTA 3 - VILLAMARIA;3.0
25649.0;LAS DELICIAS;5.069646652439797;-75.51125810866517;RUTA 5 MANIZALES;2.0
25650.0;LA PRIMAVERA;5.067480663891744;-75.49705010920695;RUTA 5 MANIZALES;1.0
25651.0;BETANIA (CUMBRE);5.065744747755045;-75.47588414922508;RUTA 4 MANIZALES;1.0
25652.0;BAJA LEONORA;5.065631235890733;-75.49365371166522;RUTA 5 MANIZALES;1.0
25653.0;EL SOL;5.065875087259681;-75.49766727002518;RUTA 5 MANIZALES;1.0
25654.0;AMERICAS (AGUSTINOS);5.071138277819657;-75.52182321207398;RUTA 1 MANIZALES;2.0
25656.0;PUERTAS DEL SOL;5.084353083179745;-75.51291322438955;RUTA 5 MANIZALES;1.0
25657.0;TRIANGULO;5.0621356239958795;-75.49505990065012;RUTA 4 MANIZALES;1.0
25658.0;VIÑA DEL RIO;5.070764077325232;-75.49441974777089;RUTA 5 MANIZALES;1.0
25659.0;BAJO VERSALLES;;;;3.0
25660.0;PORTAL DEL CAFE;5.068410611956989;-75.48617922319694;RUTA 5 MANIZALES;1.0
25661.0;COLINAS DE VILLA CAFE;5.068719159807042;-75.48533445803709;RUTA 5 MANIZALES;1.0
25662.0;MIRADOR DE LA CAROLA;5.067906156840982;-75.4868689757;RUTA 5 MANIZALES;1.0
25664.0;ALTOS DE GRANADA;5.0661786047583535;-75.48616921719761;RUTA 5 MANIZALES;1.0
25666.0;AV. PARALELA;;;RUTA 5 MANIZALES;1.0
25668.0;BAJA CAROLA;5.065866573812464;-75.48897208854713;RUTA 5 MANIZALES;1.0
25669.0;SAMARIA;;;RUTA 5 MANIZALES;3.0
25673.0;PORVENIR;5.070411664459215;-75.48983447707847;RUTA 5 MANIZALES;1.0
25676.0;SAN RAFAEL;5.053864050953734;-75.48351086525466;RUTA 4 MANIZALES;1.0
25677.0;SAN MARCEL;5.039002139532769;-75.47541473267276;RUTA 1 MANIZALES;1.0
25678.0;20 DE JULIO;5.062157839674262;-75.51856085495712;ADIC. RUTA 1 - SAMUEL;2.0
25679.0;URAPANES;5.046619921632815;-75.51027423565829;ADIC. RUTA 3 - VILLAMARIA;3.0
25680.0;TERRAZA DE LA GRANJA;5.046250538540317;-75.51426082496673;;3.0
25682.0;LA PORTEÑA;5.043114257394658;-75.50667121195458;ADIC. RUTA 3 - VILLAMARIA;3.0
25683.0;ALTO PRADO;5.062481412083148;-75.50740934388678;RUTA 3 MANIZALES - SAMUEL;3.0
25684.0;BOSQUES DE LA ENEA;5.033221758739362;-75.45816811620787;RUTA 1 MANIZALES;1.0
25685.0;BOSQUES;5.064243127661874;-75.49861724330087;RUTA 1 MANIZALES;2.0
25686.0;VILLA CAFE MINITAS;5.061840046559218;-75.48227330858057;RUTA 4 MANIZALES;1.0
25687.0;RINCON DE CASTILLA;5.070608806528941;-75.50412433907987;RUTA 5 MANIZALES;1.0
25688.0;SAN SEBASTIAN;5.06578519172221;-75.51228273656416;RUTA 5 MANIZALES;1.0
25689.0;CRISTO REY;5.06490415462486;-75.5023035664376;RUTA 5 MANIZALES;2.0
25690.0;LAS PALMAS;5.0462014;-75.5014223;ADIC. RUTA 1 - SAMUEL;2.0
25691.0;ALTO PERCIA;;;;3.0
25693.0;PORTAL DE LA HALAMBRA;;;;1.0
25694.0;CAPRI;5.061707364749959;-75.49702578872298;;1.0
25695.0;GALERIA;5.071320703125594;-75.51889939850824;RUTA 5 MANIZALES;2.0
25696.0;VILLA JARDIN;5.049794257018738;-75.52282209746755;ADIC. RUTA 1 - SAMUEL;3.0
25697.0;AV KEVIN ANGEL;5.070761950760913;-75.49805447429104;RUTA 5 MANIZALES;1.0
25698.0;FANEON;5.06018707055694;-75.50001885048162;RUTA 4 MANIZALES;3.0
25699.0;ALTO TABLAZO;5.046227222878735;-75.5013741569208;ADIC. RUTA 1 - SAMUEL;2.0
25700.0;ALBANIA;5.058519801772643;-75.52377139505191;ADIC. RUTA 1 - SAMUEL;2.0
25702.0;ALTOS DEL PORTON;5.045616646476932;-75.51511288936794;ADIC. RUTA 3 - VILLAMARIA;3.0
25703.0;PERSIA;5.05635303248166;-75.50452188639191;RUTA 3 MANIZALES - SAMUEL;3.0
26577.0;CENTENARIO;;;RUTA 1 CALDAS;
46095.0;AQUILINO VILLEGAS;5.070279792752504;-75.51337441173833;;2.0
46123.0;OFICINA MANIZALES;5.061673050661107;-75.49699789654373;OFICINA MZL;
46229.0;SIN ASIGNAR MANIZALES;5.066562617742702;-75.50142459060244;;
46487.0;SINAI;5.072558333333334;-75.49620166666666;RUTA 5 MANIZALES;1.0
46488.0;SOLFERINO;;;;1.0
46717.0;VILLAMARÍA;;;;3.0
11992;BELEN LAS PLAYAS;6.222349670707257;-75.59332135874453;RUTA 8 BELEN;NORTE1   (1-4-7)
11993;AMERICA;6.2524413889570125;-75.60653594481357;RUTA 9 BELEN (MOLINOS);NORTE2   (9-10-13)
11994;LAURELES;6.242348794155883;-75.59932103614057;RUTA 9 BELEN (MOLINOS);NORTE2   (9-10-13)
11995;BELEN SAN BERNARDO;6.226413627156912;-75.59421553684837;RUTA 8 BELEN;NORTE1   (1-4-7)
11996;BELEN LA GLORIA;6.225325066596005;-75.6014571104993;RUTA 9 BELEN (MOLINOS);NORTE1   (1-4-7)
11997;BELEN LA PALMA;6.228449356393752;-75.6020934062722;RUTA 8 BELEN;NORTE1   (1-4-7)
11998;BELEN ALTA VISTA;6.225846009555488;-75.60392571470085;RUTA 8 BELEN;NORTE1   (1-4-7)
11999;BELEN RINCON;6.212178713434139;-75.60205012552399;RUTA 7 CRISTO REY;NORTE1   (1-4-7)
12000;CAMPOAMOR;6.212692612097533;-75.58562540431994;RUTA 8 BELEN;NORTE1   (1-4-7)
12001;RODEO NORTE;6.208125599043017;-75.58747929842399;RUTA 7 CRISTO REY;NORTE1   (1-4-7)
12002;MANZANARES;6.210881101120545;-75.58773350693785;RUTA 8 BELEN;NORTE1   (1-4-7)
12004;ROSALES;6.233316758286964;-75.59100180470914;RUTA 8 BELEN;NORTE1   (1-4-7)
12005;BELEN GRANADA;6.227286184419683;-75.59722136362545;RUTA 9 BELEN (MOLINOS);NORTE1   (1-4-7)
12006;BELEN LA NUBIA;6.224544166367622;-75.60165212930289;RUTA 8 BELEN;NORTE1   (1-4-7)
12007;CRISTO REY;6.205337264540449;-75.58466910379309;RUTA 7 CRISTO REY;NORTE1   (1-4-7)
12008;GUAYABAL;6.200553772093738;-75.59104845519228;RUTA 7 CRISTO REY;NORTE1   (1-4-7)
12009;ENVIGADO;6.168295474042657;-75.58588792369972;RUTA 5 ENVIGADO;ENVIGADO
12010;LA COLINITA;6.200039862017389;-75.59240289349347;RUTA 7 CRISTO REY;ITAGUI
12011;SAN PABLO;6.2211247474865345;-75.58297656557623;RUTA 8 BELEN;NORTE1   (1-4-7)
12012;CASA LINDA;6.197956279479771;-75.59151175675407;RUTA 8 BELEN;NORTE1   (1-4-7)
12013;TRINIDAD;6.225568935315847;-75.58544347034854;RUTA 7 CRISTO REY;NORTE1   (1-4-7)
12014;SANTA FE;6.223061801212166;-75.58348943599442;RUTA 8 BELEN;NORTE1   (1-4-7)
12015;ANTIOQUIA;6.226285642258476;-75.585450756546;RUTA 7 CRISTO REY;NORTE1   (1-4-7)
12016;NUTIBARA;6.23553087682184;-75.58435733518253;;NORTE1   (1-4-7)
12017;BELEN FATIMA;6.235493382520427;-75.58510135603237;RUTA 8 BELEN;NORTE1   (1-4-7)
12019;BELEN  LAS VIOLETAS;6.233522907506849;-75.61292617913739;RUTA 9 BELEN (MOLINOS);NORTE1   (1-4-7)
12020;BELEN MALIBU;6.236153258754121;-75.58712292383458;RUTA 8 BELEN;NORTE1   (1-4-7)
12021;BELEN PORVENIR;6.232212692284696;-75.601648593451;RUTA 9 BELEN (MOLINOS);NORTE1   (1-4-7)
12022;BELEN LAS MERCEDES;6.235683908109192;-75.60783581224902;RUTA 9 BELEN (MOLINOS);NORTE1   (1-4-7)
12023;BELEN LOS ALPES;6.231538711215892;-75.60736933108322;RUTA 9 BELEN (MOLINOS);NORTE1   (1-4-7)
12024;BELEN LOS  MOLINOS;6.232176701831122;-75.60296485927726;RUTA 8 BELEN;NORTE1   (1-4-7)
12025;BELEN BUENA VISTA;6.226826341681924;-75.60725387000849;RUTA 9 BELEN (MOLINOS);NORTE1   (1-4-7)
12026;POBLADO;6.194289747290541;-75.57789692226133;RUTA 3 SABANETA;POBLADO
12027;SAN JAVIER;6.256631193856645;-75.61713981358204;RUTA 10 SAN JAVIER;NORTE2   (9-10-13)
12029;BELEN MIRAVALLE;6.234715868048692;-75.59873230610778;RUTA 8 BELEN;NORTE1   (1-4-7)
12031;EDUARDO SANTOS;6.257217118658679;-75.62398758308765;RUTA 10 SAN JAVIER;NORTE2   (9-10-13)
12032;LA CASTELLANA;6.240755560632848;-75.60657653712185;RUTA 9 BELEN (MOLINOS);NORTE1   (1-4-7)
12033;QUINTAS DE SAN JAVIER;6.2569605961070085;-75.62278213494771;RUTA 10 SAN JAVIER;NORTE2   (9-10-13)
12034;ANTONIO NARIÑO;6.257184202346197;-75.61980694006657;RUTA 10 SAN JAVIER;NORTE2   (9-10-13)
12035;EL SOCORRO;6.259886738116756;-75.61777242025165;RUTA 10 SAN JAVIER;NORTE2   (9-10-13)
12036;ROBLEDO LA CAMPIÑA;6.281768224035703;-75.60467815007675;RUTA 14 ROBLEDO;ROBLEDO
12037;ROBLEDO DIAMANTE;6.285138367172598;-75.58763258010754;RUTA 14 ROBLEDO;ROBLEDO
12038;ROBLEDO VILLA SOFIA;6.290427695047871;-75.59005926284301;RUTA 14 ROBLEDO;ROBLEDO
12040;TEJELO;6.305289425584116;-75.56799059457984;RUTA 18 CABAÑAS;NORTE3   (22-25-28)
12045;LOMA DE LOS BERNAL;6.218935483618107;-75.60506576052227;RUTA 9 BELEN (MOLINOS);NORTE1   (1-4-7)
12046;ROBLEDO VILLA REAL;6.287208260919424;-75.58870834402734;RUTA 14 ROBLEDO;ROBLEDO
12048;ROBLEDO AURES;6.287818513518051;-75.593927015252;RUTA 14 ROBLEDO;ROBLEDO
12049;ROBLEDO BELLO HORIZONTE;6.28213540891063;-75.58961877084695;RUTA 15 (12 DE OCTUBRE);ROBLEDO
12050;ROBLEDO LOS POMOS;6.283682464991236;-75.594268711542;RUTA 14 ROBLEDO;ROBLEDO
12051;ROBLEDO MIRADOR;6.283547154756611;-75.59277349233199;RUTA 15 (12 DE OCTUBRE);ROBLEDO
12052;ROBLEDO VILLA FLORA;6.2798838770213985;-75.59116676323774;RUTA 15 (12 DE OCTUBRE);ROBLEDO
12053;ITAGUI- NO USAR;6.173524394988603;-75.61256489157765;RUTA 4 ITAGUI SANTA MARIA;ITAGUI
12054;ROBLEDO CADIZ;6.279528526074902;-75.60108142625153;RUTA 14 ROBLEDO;ROBLEDO
12055;ROBLEDO PILARICA;6.275899255652765;-75.58475277813724;RUTA 14 ROBLEDO;ROBLEDO
12056;ROBLEDO LA POLA;6.281384461974108;-75.59895832989939;RUTA 14 ROBLEDO;ROBLEDO
12057;ROBLEDO PARQUE;6.276541796682852;-75.59672993981951;RUTA 14 ROBLEDO;ROBLEDO
12059;AMERICA SANTA LUCIA;6.2576901453108045;-75.60641503255854;RUTA 9 BELEN (MOLINOS);NORTE2   (9-10-13)
12060;PRADERA;6.260283878888292;-75.61013417453492;RUTA 8 BELEN;NORTE2   (9-10-13)
12061;SANTA LUCIA LA PRADERA;6.258294050993786;-75.61251774999029;RUTA 8 BELEN;NORTE2   (9-10-13)
12062;SANTA LUCIA METROPOLITANO;6.259906623720624;-75.60628422716984;RUTA 10 SAN JAVIER;NORTE2   (9-10-13)
12063;METROPOLITANO;6.260933260234839;-75.60830281250962;RUTA 10 SAN JAVIER;NORTE2   (9-10-13)
12064;FLORESTA;6.258805402346257;-75.60763130391244;RUTA 8 BELEN;NORTE2   (9-10-13)
12065;ROBLEDO KENEDY;6.28703323101218;-75.58291381533361;RUTA 14 ROBLEDO;ROBLEDO
12066;ROBLEDO MIRAMAR;6.289121039932896;-75.58423314172835;RUTA 14 ROBLEDO;ROBLEDO
12067;ALCAZAREZ;6.260713398735903;-75.60619735736421;RUTA 8 BELEN;NORTE2   (9-10-13)
12068;ALFONZO LOPEZ MED;6.2857041465231465;-75.5761762204335;RUTA 16 ALFONSO LOPEZ;NORTE3   (22-25-28)
12069;CASTILLA;6.291177844883909;-75.5743670273784;RUTA 16 ALFONSO LOPEZ;NORTE3   (22-25-28)
12070;VILLA HERMOSA;6.259147278542867;-75.55376346633928;RUTA 7 CRISTO REY;MANRIQUE
12072;CAMPOVALDEZ;6.273705697905774;-75.55816366315658;RUTA 7 CRISTO REY;MANRIQUE
12073;BOSTON;6.249403778054222;-75.55501767032908;RUTA 11 SALVADOR;MEDELLIN ORIENTE5   (31-34-37)
12074;PEDREGAL;6.300222880049387;-75.5738571941062;RUTA 16 ALFONSO LOPEZ;NORTE3   (22-25-28)
12076;BUENOS AIRES;6.240058700106443;-75.5545573328457;RUTA 13 BUENOS AIRES;MEDELLIN ORIENTE5   (31-34-37)
12077;MANRIQUE;6.274585708247331;-75.55095063620776;RUTA 12 MANRIQUE;MANRIQUE
12078;BOYACA LAS BRISAS;6.308795732461244;-75.5642015417433;RUTA 18 CABAÑAS;NORTE3   (22-25-28)
12079;FLORENCIA MED;6.307765060278708;-75.5692194412285;RUTA 19 BELLO;NORTE3   (22-25-28)
12081;GRATAMIRA MED;6.302737527058214;-75.56653767890104;RUTA 19 BELLO;NORTE3   (22-25-28)
12082;SANTANDER MED;6.307864115228308;-75.57368479598016;RUTA 19 BELLO;NORTE3   (22-25-28)
12083;BARRIO NUEVO;6.312854814623678;-75.57006949193774;RUTA 18 CABAÑAS;BELLO
12084;DOCE DE OCTUBRE MED;6.296983616908609;-75.58123333418726;RUTA 15 (12 DE OCTUBRE);NORTE3   (22-25-28)
12085;UR CERROS DE LA MADERA;6.310017164675881;-75.56646255372465;RUTA 15 (12 DE OCTUBRE);NORTE3   (22-25-28)
12086;LA MILAGROSA;6.235123299908072;-75.55582560424997;RUTA 13 BUENOS AIRES;MEDELLIN ORIENTE5   (31-34-37)
12087;GIRARDOT MED;6.299929756249247;-75.56725764348118;RUTA 18 CABAÑAS;NORTE3   (22-25-28)
12089;BELALCAZAR;6.2960342089917445;-75.56543952914826;RUTA 16 ALFONSO LOPEZ;COPACABANA - GIRARDOTA
12090;LORETO;6.232267962596305;-75.55977122270363;RUTA 13 BUENOS AIRES;MEDELLIN ORIENTE5   (31-34-37)
12091;EL SALVADOR;6.238957332235058;-75.56104498426748;RUTA 13 BUENOS AIRES;MEDELLIN ORIENTE5   (31-34-37)
12092;LOS COLORES;6.260023339816049;-75.59077322034514;RUTA 9 BELEN (MOLINOS);ROBLEDO
12093;ESTADIO;6.254724877591403;-75.59468607124262;RUTA 9 BELEN (MOLINOS);NORTE2   (9-10-13)
12096;ENCISO;6.249152325048892;-75.54972751241887;RUTA 11.1 CENTRO;MEDELLIN ORIENTE5   (31-34-37)
12097;ALEJANDRO ECHAVARRIA;6.234984040230521;-75.54220873762046;RUTA 13 BUENOS AIRES;MEDELLIN ORIENTE5   (31-34-37)
12098;MANRIQUE ORIENTAL;6.267622922504812;-75.54824504281191;RUTA 12 MANRIQUE;MANRIQUE
12099;MANRIQUE GUADALUPE;6.282865271197483;-75.55032303158043;RUTA 12 MANRIQUE;MANRIQUE
12100;MANRIQUE SAN BLAS;6.273828101078743;-75.55165505909102;PRUEBA;MANRIQUE
12101;MANRIQUE SAN PABLO;6.28170816266692;-75.54967861126212;RUTA 12 MANRIQUE;MANRIQUE
12102;ARANJUEZ;6.281332003362595;-75.55795550527463;RUTA 11 SALVADOR;MANRIQUE
12103;SANTA CRUZ LA ROSA;6.289188138562081;-75.55617322603959;RUTA 12 MANRIQUE;MANRIQUE
12104;MANRIQUE CENTRAL;6.273001097358254;-75.55254062266721;RUTA 12 MANRIQUE;MANRIQUE
12106;CORDOBA;6.280210589019424;-75.57587125442865;RUTA 16 ALFONSO LOPEZ;NORTE3   (22-25-28)
12108;CORDOBA CIUDAD CENTRAL;6.280518987243853;-75.57549047863658;RUTA 16 ALFONSO LOPEZ;NORTE3   (22-25-28)
12109;CABAÑAS;6.31648260918323;-75.56383273610793;RUTA 18 CABAÑAS;BELLO
12110;CABAÑITAS;6.313665175909611;-75.56304775864318;RUTA 18 CABAÑAS;BELLO
12111;OBRERO;6.322167873568435;-75.56025956313981;RUTA 18 CABAÑAS;BELLO
12112;GRAN AVENIDA;6.31991396173377;-75.56184966047388;RUTA 18 CABAÑAS;BELLO
12113;SAN JOSE OBRERO;6.322257845912913;-75.56100029712549;RUTA 18 CABAÑAS;BELLO
12114;SANTANA;6.32992919080715;-75.56497359881017;RUTA 18 CABAÑAS;BELLO
12118;SERRAMONTE;6.326585875763885;-75.56960858319054;RUTA 18 CABAÑAS;BELLO
12119;PALMAR DE SERRAMONTE;6.326476995743932;-75.56999231016438;RUTA 18 CABAÑAS;BELLO
12120;TOSCANA;6.304763747715291;-75.55976586952558;RUTA 19 BELLO;COPACABANA - GIRARDOTA
12121;CENTRO..;6.250547030346944;-75.56555607788579;RUTA 11.1 CENTRO;POBLADO
12122;EL TRAPICHE;6.341334154355244;-75.56671078726934;RUTA 19 BELLO;BELLO
12123;CENTRAL BELLO;6.332668427328043;-75.56005991806023;RUTA 19 BELLO;BELLO
12125;URBANIZACION SANSIMON;6.321067825517827;-75.56639556189748;RUTA 18 CABAÑAS;BELLO
12126;MOLINARES;6.322245182173189;-75.56634979370416;RUTA 18 CABAÑAS;BELLO
12127;LA FLORIDA;6.319288348462989;-75.56105008073422;RUTA 18 CABAÑAS;BELLO
12128;BARRIO PEREZ;6.335115161154602;-75.56346869225347;RUTA 19 BELLO;BELLO
12130;NAZARETH;6.334499666677609;-75.56486491868387;RUTA 19 BELLO;BELLO
12131;EL ROSARIO;6.336670829352568;-75.56311790804311;RUTA 19 BELLO;BELLO
12132;NIQUIA;6.341442791837118;-75.55117706372462;RUTA 21 Y 23 NIQUIA - CARLOS VERGARA;BELLO
12136;PARAISO;6.341088296223109;-75.56783421622414;RUTA 19 BELLO;BELLO
12137;EL PARAISO;6.3408417598197175;-75.5676893591754;RUTA 19 BELLO;BELLO
12138;BUENOS AIRES;6.34220971334495;-75.56407128581425;RUTA 19 BELLO;BELLO
12139;ALTOS DEL CASTILLO;6.235066001492049;-75.61205775009601;RUTA 9 BELEN (MOLINOS);NORTE1   (1-4-7)
12140;NIQUIA CAMACOL;6.341779813579194;-75.55465488706835;RUTA 21 Y 23 NIQUIA - CARLOS VERGARA;BELLO
12141;VILLAS DEL SOL;6.341049011752064;-75.56327479245932;RUTA 19 BELLO;BELLO
12142;SAN MARTIN;6.344541808227691;-75.56560795307078;RUTA 19 BELLO;BELLO
12143;LA SELVA;6.343645367717065;-75.55970077796911;RUTA 19 BELLO;BELLO
12144;LA MISERICORDIA;6.341242549566558;-75.51872679228717;RUTA 22 COPACABANA;COPACABANA - GIRARDOTA
12145;MACHADO;6.33436701537188;-75.53432164409188;RUTA 22 COPACABANA;COPACABANA - GIRARDOTA
12146;LA PEDRERA;6.34879143623766;-75.50569337981203;RUTA 22 COPACABANA;COPACABANA - GIRARDOTA
12147;GUADALAJARA;6.34566489351338;-75.51359252304745;RUTA 22 COPACABANA;COPACABANA - GIRARDOTA
12148;LA ASUNCION;6.345440076660869;-75.51291703900422;RUTA 22 COPACABANA;COPACABANA - GIRARDOTA
12149;EL MIRADOR AZUL;6.349056931049239;-75.50381877461592;;COPACABANA - GIRARDOTA
12150;FATIMA;6.347119113455533;-75.50463377799021;RUTA 22 COPACABANA;COPACABANA - GIRARDOTA
12151;LA AZULITA;6.3413637307674895;-75.51305025784929;RUTA 22 COPACABANA;COPACABANA - GIRARDOTA
12152;REMANSO;6.344038128514247;-75.51816931381441;RUTA 22 COPACABANA;COPACABANA - GIRARDOTA
12153;COPACABANA;6.343271398784842;-75.51463699403682;RUTA 22 COPACABANA;COPACABANA - GIRARDOTA
12154;NUEVO HORIZANTE;6.374665006897543;-75.44242763447735;RUTA 21 Y 23 NIQUIA - CARLOS VERGARA;COPACABANA - GIRARDOTA
12155;GUAYACANES;6.37459299698534;-75.4440820459788;RUTA 21 Y 23 NIQUIA - CARLOS VERGARA;COPACABANA - GIRARDOTA
12156;GIRARDOTA;6.375352085498438;-75.44927379554224;RUTA 21 Y 23 NIQUIA - CARLOS VERGARA;COPACABANA - GIRARDOTA
12157;LA NUEVA;6.376558265087477;-75.45109539387833;RUTA 21 Y 23 NIQUIA - CARLOS VERGARA;COPACABANA - GIRARDOTA
12158;VILLANUEVA;6.34865934508079;-75.51459791298372;RUTA 22 COPACABANA;COPACABANA - GIRARDOTA
12159;LA FLORIDA;6.380315653469264;-75.44722937099961;RUTA 21 Y 23 NIQUIA - CARLOS VERGARA;COPACABANA - GIRARDOTA
12160;MONTECARLO;6.379398561468494;-75.44448225162886;RUTA 21 Y 23 NIQUIA - CARLOS VERGARA;COPACABANA - GIRARDOTA
12161;MACHADO LOS CIRUELOS;6.330744050562199;-75.53761635517176;RUTA 22 COPACABANA;COPACABANA - GIRARDOTA
12162;MACHADO ALCALA;6.331609986460774;-75.53812624156214;RUTA 22 COPACABANA;COPACABANA - GIRARDOTA
12163;QUITASOL;6.345939374508826;-75.54769843437542;RUTA 21 Y 23 NIQUIA - CARLOS VERGARA;BELLO
12164;NIQUIA UNIDAD SN.BASILIO;6.346310903568226;-75.53917783568396;RUTA 21 Y 23 NIQUIA - CARLOS VERGARA;BELLO
12165;NIQUIA MIRADOR DE SN BASILIO;6.346265220243396;-75.53953626906038;RUTA 21 Y 23 NIQUIA - CARLOS VERGARA;BELLO
12166;HERMOSA PROVIDENCIA;6.343461494008793;-75.54533776024823;RUTA 21 Y 23 NIQUIA - CARLOS VERGARA;BELLO
12167;MARCO TULIO HENAO;6.344921581438446;-75.56266267227123;;BELLO
12168;ENCISO(COLINAS DE ENCISO);6.250890502354741;-75.54702068608825;RUTA 11.1 CENTRO;MEDELLIN ORIENTE5   (31-34-37)
12169;NIQUIA CIUDADELA CACIQUE MZ.3;6.340277687096989;-75.54678716667395;RUTA 21 Y 23 NIQUIA - CARLOS VERGARA;BELLO
12170;NIQUIA CIUDADELA CACIQUE MZ.5;6.338460809453498;-75.54738248701516;RUTA 21 Y 23 NIQUIA - CARLOS VERGARA;BELLO
12171;NIQUIA CIUDADELA CACIQUE MZ.2;6.342259862326888;-75.54655875751229;RUTA 21 Y 23 NIQUIA - CARLOS VERGARA;BELLO
12172;NIQUIA URB.ALMENDROS DE TERRANOVA;6.342435655189402;-75.54064013847972;RUTA 21 Y 23 NIQUIA - CARLOS VERGARA;BELLO
12173;NIQUIA CIUDADELA CACIQUE MZ.1;6.342334950369754;-75.54703646952278;RUTA 21 Y 23 NIQUIA - CARLOS VERGARA;BELLO
12174;PORVENIR;6.339291262333382;-75.56781880111126;RUTA 19 BELLO;BELLO
12175;CALAZANS;6.264332390859403;-75.60184280719936;RUTA 10 SAN JAVIER;NORTE2   (9-10-13)
12176;ROBLEDO SAN GERMAN;6.26767211555687;-75.58886241469669;RUTA 14 ROBLEDO;ROBLEDO
12177;NIQUIA CIUDADELA CACIQUE MZ.6;6.340163672028646;-75.54785455907891;RUTA 21 Y 23 NIQUIA - CARLOS VERGARA;BELLO
12178;SAN ANTONIO DE PRADO;6.184320623827236;-75.65189700900943;RUTA 2.1 SAN ANTONIO;S. PRADO
12180;NIQUIA  URB.EL CARMEL;6.34686932841693;-75.5395957544159;RUTA 21 Y 23 NIQUIA - CARLOS VERGARA;BELLO
12181;SAN DIEGO;6.241291950812978;-75.5664297462291;RUTA 11 SALVADOR;POBLADO
12182;NIQUIA (URB.ROSALES DE TERRANOVA);6.343725992100262;-75.54059023303748;RUTA 21 Y 23 NIQUIA - CARLOS VERGARA;BELLO
12183;GUARNE;6.273709427219726;-75.44095731634852;RUTA 24 RIONEGRO - CARLOS VERGARA;RIONEGRO
12184;MESA;6.340913219999578;-75.56179486912173;RUTA 19 BELLO;BELLO
12185;MIRADOR;6.344908072873814;-75.55947422700466;RUTA 19 BELLO;BELLO
12186;ALTOS DE LA CIUDADELA;6.217543606775538;-75.60747382514192;;NORTE1   (1-4-7)
12187;LA CUMBRE;6.340458070562619;-75.5658390574855;RUTA 19 BELLO;BELLO
12188;BELEN LA MOTA;6.219008762957302;-75.59681703464481;RUTA 8 BELEN;NORTE1   (1-4-7)
12189;URB. PARQUES DE STA.FE;6.221303037222711;-75.58743671073937;RUTA 7 CRISTO REY;NORTE1   (1-4-7)
12190;LAS VEGAS;6.34099747114649;-75.51221314934045;RUTA 22 COPACABANA;COPACABANA - GIRARDOTA
12191;EL VERGEL;6.345120494230607;-75.56707437085059;RUTA 19 BELLO;BELLO
12192;NAVARRA;6.346288757374059;-75.53173855072453;RUTA 21 Y 23 NIQUIA - CARLOS VERGARA;COPACABANA - GIRARDOTA
12193;MANCHESTER;6.331159767519952;-75.55722736106314;RUTA 19 BELLO;BELLO
12194;LAS VEGAS(COPACABANA);6.331945293346894;-75.54193631062736;RUTA 22 COPACABANA;COPACABANA - GIRARDOTA
12195;LA CALLECITA;6.341960886402906;-75.56288956887073;RUTA 19 BELLO;BELLO
12196;EL CONGOLO;6.340313323483539;-75.55825574272586;RUTA 19 BELLO;BELLO
12197;PLAYA RICA;6.344131406435662;-75.56590200221704;RUTA 19 BELLO;BELLO
12198;GORETTI;6.345946946081599;-75.5670803568841;RUTA 19 BELLO;BELLO
12199;LA MILAGROSA;6.338856595970156;-75.55813400145861;;BELLO
12200;URAPANES;6.343083413292854;-75.56868870744185;;BELLO
12201;PRADO;6.3363995800074004;-75.55604471829493;RUTA 19 BELLO;BELLO
12202;EL CAIRO;6.342445933520126;-75.56075040706297;RUTA 19 BELLO;BELLO
12203;PACHELLY;6.335625402937757;-75.56332194418833;RUTA 19 BELLO;BELLO
12205;ROSALPI;6.338254147782441;-75.56433543306571;RUTA 19 BELLO;BELLO
12206;SALENTO;6.330702651476437;-75.56567437418393;RUTA 18 CABAÑAS;BELLO
12207;DUCADO;6.342051317918746;-75.56300255674783;RUTA 19 BELLO;BELLO
12208;BUCAROS;6.32784282372908;-75.56605611573768;RUTA 18 CABAÑAS;BELLO
12209;BELLAVISTA;6.342944869927423;-75.56320076377187;RUTA 19 BELLO;BELLO
12210;EL CARMELO;6.337497989365394;-75.56804758016081;RUTA 19 BELLO;BELLO
12211;BARRIO COLOMBIA;6.219555876509852;-75.57579451327298;RUTA 3 SABANETA;POBLADO
12212;ROBLEDO CIVITON;6.284702409593986;-75.59304213866747;RUTA 14 ROBLEDO;ROBLEDO
12213;SANTA MONICA 1;6.247794386484238;-75.61133413432029;RUTA 9 BELEN (MOLINOS);NORTE2   (9-10-13)
12214;SANTA MONICA 2;6.250144431309458;-75.61240772902924;RUTA 9 BELEN (MOLINOS);NORTE2   (9-10-13)
12215;ROBLEDO PALENQUE;6.280404756925844;-75.59536829874392;RUTA 14 ROBLEDO;ROBLEDO
12216;ROBLEDO CURAZAO;6.283904016021462;-75.59420064542864;RUTA 14 ROBLEDO;ROBLEDO
12218;PATIO BONITO;6.206079295390889;-75.57446525486262;RUTA 3 SABANETA;POBLADO
12220;ROBLEDO LAS MARGARITAS;6.2758486514737335;-75.61570273001882;RUTA 14 ROBLEDO;ROBLEDO
12221;BOLIVARIANA;6.246227895814478;-75.59689036629243;;NORTE2   (9-10-13)
12222;SAN JOANQUIN MED;6.246480432740698;-75.58702553760803;RUTA 9 BELEN (MOLINOS);NORTE2   (9-10-13)
12223;VELODROMO;6.252743341539962;-75.59766768024325;RUTA 9 BELEN (MOLINOS);NORTE2   (9-10-13)
12224;CONQUISTADORES;6.242174527466991;-75.58595514107158;RUTA 9 BELEN (MOLINOS);NORTE2   (9-10-13)
12226;SURAMERICANA;6.253481871851329;-75.58792371832864;RUTA 9 BELEN (MOLINOS);NORTE2   (9-10-13)
12227;BELEN PARQUE;6.232946640393626;-75.5959221753146;RUTA 8 BELEN;NORTE1   (1-4-7)
12228;BELEN LAS MARGARITAS;6.2205140114190085;-75.59658751003693;RUTA 8 BELEN;NORTE1   (1-4-7)
12229;FRANCISCO ANTONIO ZEA;6.285536691334641;-75.57349161388933;RUTA 16 ALFONSO LOPEZ;NORTE3   (22-25-28)
12230;BELEN NOGAL;6.236266022038973;-75.59787686837385;RUTA 8 BELEN;NORTE1   (1-4-7)
12231;LAURELES FLORIDA NUEVA;6.224801367635877;-75.5812557526367;RUTA 9 BELEN (MOLINOS);NORTE2   (9-10-13)
12233;ANDALUCIA LA FRANCIA;6.297302269177835;-75.55400632441315;RUTA 22 COPACABANA;MANRIQUE
12234;SIMON BOLIVAR;6.246337328563883;-75.60590322706456;RUTA 9 BELEN (MOLINOS);NORTE2   (9-10-13)
12236;NIQUIA LAURELES DE TERRANOVA;6.344378076929142;-75.54119026257425;RUTA 21 Y 23 NIQUIA - CARLOS VERGARA;BELLO
12237;BELEN DIEGO ECHAVARRIA;6.2182002038103406;-75.5947238847601;RUTA 8 BELEN;NORTE1   (1-4-7)
12238;LA CAMILA;6.328425579608114;-75.54090562206159;RUTA 22 COPACABANA;COPACABANA - GIRARDOTA
12239;LA GABRIELA;6.319583723336074;-75.55111277657483;RUTA 22 COPACABANA;COPACABANA - GIRARDOTA
12240;NIQUIA SANTA ISABEL II;6.341149049158099;-75.53980306569858;RUTA 21 Y 23 NIQUIA - CARLOS VERGARA;BELLO
12241;BELEN ALIADAS;6.2234316537898655;-75.60481017879484;RUTA 8 BELEN;NORTE1   (1-4-7)
12242;CAICEDO;6.241482452116904;-75.54739855924859;RUTA 11.1 CENTRO;MEDELLIN ORIENTE5   (31-34-37)
12243;NIQUIA (CAMINO DE LOS VIENTOS);6.341417211528791;-75.53988318676535;RUTA 21 Y 23 NIQUIA - CARLOS VERGARA;BELLO
12244;NIQUIA (LOS ANGELES);6.3438352291945375;-75.55696332793097;RUTA 21 Y 23 NIQUIA - CARLOS VERGARA;BELLO
12245;SIN ASIGNAR;6.245070393025807;-75.56318071164543;;
12246;NIQUIA (ROSALES DE TERRANOVA);6.345019778303714;-75.5400293374197;RUTA 21 Y 23 NIQUIA - CARLOS VERGARA;BELLO
12247;ZAMORA;6.306754681102323;-75.55234830545753;RUTA 22 COPACABANA;COPACABANA - GIRARDOTA
12248;BELEN VICUÑA;6.23359947314835;-75.60458174338734;RUTA 9 BELEN (MOLINOS);NORTE1   (1-4-7)
12249;NIQUIA (NOGALES DE TERRANOVA);6.34176340473431;-75.54224622824621;RUTA 21 Y 23 NIQUIA - CARLOS VERGARA;BELLO
12250;FLORIDA NUEVA;6.250716347896237;-75.59306754125973;RUTA 9 BELEN (MOLINOS);NORTE2   (9-10-13)
12251;NIQUIA (SENDEROS DE SAN JACINTO);6.342295683085795;-75.54186812736747;RUTA 21 Y 23 NIQUIA - CARLOS VERGARA;BELLO
12254;TRICENTENARIO;6.291035995767417;-75.56722198687532;RUTA 16 ALFONSO LOPEZ;COPACABANA - GIRARDOTA
12255;LA CEIBA;6.376294115738414;-75.44337498935752;RUTA 21 Y 23 NIQUIA - CARLOS VERGARA;COPACABANA - GIRARDOTA
12256;BELEN LA INMACULADA;6.220542727654787;-75.59683543760934;RUTA 8 BELEN;NORTE1   (1-4-7)
12257;PRADO CENTRO;6.2620825091255785;-75.55919271971247;RUTA 11 SALVADOR;MANRIQUE
12258;BELEN VILLA DEL ABURRA;6.233716710755207;-75.60228397346067;RUTA 9 BELEN (MOLINOS);NORTE1   (1-4-7)
12260;BELEN LA PRADERA;6.234745547437;-75.61068524110192;RUTA 9 BELEN (MOLINOS);NORTE1   (1-4-7)
12261;BUENOS AIRES (MIRAFLORES);6.237241282063311;-75.55089615915647;RUTA 13 BUENOS AIRES;MEDELLIN ORIENTE5   (31-34-37)
12262;BUENOS AIRES (QUINTALINDA);6.230358057782076;-75.54597034784565;RUTA 13 BUENOS AIRES;MEDELLIN ORIENTE5   (31-34-37)
12263;BUENOS AIRES (LOS CERROS);6.2339809604606105;-75.5453082241646;RUTA 13 BUENOS AIRES;MEDELLIN ORIENTE5   (31-34-37)
12265;ROBLEDO EL CORTIJO;6.277779815292611;-75.59417861874502;RUTA 14 ROBLEDO;ROBLEDO
12266;FONTIDUEÑO;6.330921662979059;-75.53780680640709;RUTA 22 COPACABANA;COPACABANA - GIRARDOTA
12267;EL PARAISO;6.37304241665818;-75.4388042905004;RUTA 21 Y 23 NIQUIA - CARLOS VERGARA;COPACABANA - GIRARDOTA
12268;MANRIQUE LAS ESMERALDAS;6.278287390683505;-75.55252898247718;RUTA 12 MANRIQUE;MANRIQUE
12269;MORAVIA;6.276335741521542;-75.56212708575639;RUTA 11 SALVADOR;MANRIQUE
12270;LOPEZ DE MESA;6.28338378609875;-75.58404855221465;RUTA 15 (12 DE OCTUBRE);NORTE3   (22-25-28)
12271;GUASIMALITO;6.346370195287223;-75.52250718567582;RUTA 21 Y 23 NIQUIA - CARLOS VERGARA;COPACABANA - GIRARDOTA
12272;BELEN SAN CARLOS;6.222881323643135;-75.59823499141669;RUTA 8 BELEN;NORTE1   (1-4-7)
12273;SAN JUAN;6.350867644185929;-75.50141051997048;RUTA 22 COPACABANA;COPACABANA - GIRARDOTA
12274;LA ALDEA;6.344009809777297;-75.56107855465903;RUTA 19 BELLO;BELLO
12275;SIMON BOLIVAR;6.345823815282453;-75.50824320960147;RUTA 22 COPACABANA;COPACABANA - GIRARDOTA
12276;LAURELES (ALMERIA);6.243636252668908;-75.61199294143128;RUTA 9 BELEN (MOLINOS);NORTE2   (9-10-13)
12278;ANDALUCIA;6.339776141264891;-75.56067556573898;RUTA 19 BELLO;BELLO
12279;ROBLEDO (LA HUERTA);6.281260589738819;-75.60100928771;RUTA 14 ROBLEDO;ROBLEDO
12280;CARIBE;6.281632065188235;-75.57287747201227;RUTA 16 ALFONSO LOPEZ;ROBLEDO
12281;GUAYABAL (SAN RAFAEL);6.2002358824157415;-75.59056412770862;RUTA 7 CRISTO REY;NORTE1   (1-4-7)
12282;BELEN SANTA CLARA;6.223990627113153;-75.60396668108932;;NORTE1   (1-4-7)
12283;BELENCITO(VILLA LAURA);6.246055610964317;-75.61921292354846;RUTA 9 BELEN (MOLINOS);NORTE2   (9-10-13)
12284;CRISTO REY;6.34243092715136;-75.50657554486938;RUTA 22 COPACABANA;COPACABANA - GIRARDOTA
12285;BUENOS AIRES (VILLA FLORES);6.236474363756131;-75.5509990315215;RUTA 13 BUENOS AIRES;MEDELLIN ORIENTE5   (31-34-37)
12286;AURELIO MEJIA;6.378339652403272;-75.44329748664398;RUTA 21 Y 23 NIQUIA - CARLOS VERGARA;COPACABANA - GIRARDOTA
12287;POBLADO (MANILA);6.214632370470704;-75.5732546108208;RUTA 3 SABANETA;POBLADO
12289;SAN JOSE;6.376805899296838;-75.44207495430453;RUTA 21 Y 23 NIQUIA - CARLOS VERGARA;COPACABANA - GIRARDOTA
12290;SAN FRANCISCO;6.345701385525283;-75.5065136079905;RUTA 22 COPACABANA;COPACABANA - GIRARDOTA
12291;PEDREGAL;6.341856487155486;-75.5166253972734;RUTA 22 COPACABANA;COPACABANA - GIRARDOTA
12292;NIQUIA (URB. SAN FRANCISCO);6.342968981192143;-75.54144805035747;RUTA 21 Y 23 NIQUIA - CARLOS VERGARA;BELLO
12293;SANTA ANA;6.372299597928205;-75.44630194632488;RUTA 21 Y 23 NIQUIA - CARLOS VERGARA;COPACABANA - GIRARDOTA
12294;NIQUIA (SANTA ISABEL I);6.340826256615389;-75.54105811156981;RUTA 21 Y 23 NIQUIA - CARLOS VERGARA;BELLO
12295;VALADARES;6.3421882050394816;-75.56943197144217;RUTA 19 BELLO;BELLO
12296;MIRAFLORES;6.344807862117842;-75.50682031249964;RUTA 22 COPACABANA;COPACABANA - GIRARDOTA
12297;LAS CANOAS;6.350509694461236;-75.50052599301755;RUTA 22 COPACABANA;COPACABANA - GIRARDOTA
12298;JUAN XXIII;6.3796324791640835;-75.44988392530358;RUTA 21 Y 23 NIQUIA - CARLOS VERGARA;COPACABANA - GIRARDOTA
12299;PALMAS DEL LLANO;6.375674936650216;-75.449216918071;RUTA 21 Y 23 NIQUIA - CARLOS VERGARA;COPACABANA - GIRARDOTA
12300;MIRARDOR VERDE;6.342527983742906;-75.5075687321284;RUTA 22 COPACABANA;COPACABANA - GIRARDOTA
12301;GUACIMALITO;6.346549732882249;-75.52347421151246;RUTA 21 Y 23 NIQUIA - CARLOS VERGARA;COPACABANA - GIRARDOTA
12302;TOBON QUINTERO;6.331371684235761;-75.53573464603801;PRUEBA;COPACABANA - GIRARDOTA
12303;SAN DIEGO;6.377802679859779;-75.44233640893052;RUTA 21 Y 23 NIQUIA - CARLOS VERGARA;COPACABANA - GIRARDOTA
12304;ESPIRITU SANTO;6.322160334449591;-75.56397970633964;;BELLO
12305;VILLAS DE COPACABANA;6.343936491723521;-75.50994361605692;RUTA 22 COPACABANA;COPACABANA - GIRARDOTA
12306;SAN RAFAEL;6.379176393720202;-75.44882662654352;RUTA 21 Y 23 NIQUIA - CARLOS VERGARA;COPACABANA - GIRARDOTA
12307;EL RECREO;6.341926879107657;-75.50837315825608;RUTA 22 COPACABANA;COPACABANA - GIRARDOTA
12308;BELEN (LOS ALPES);6.229817717120562;-75.60719047259413;RUTA 9 BELEN (MOLINOS);NORTE1   (1-4-7)
12309;CORDOBA;6.377878614697995;-75.44898098323847;RUTA 21 Y 23 NIQUIA - CARLOS VERGARA;COPACABANA - GIRARDOTA
12310;TIERRADENTRO;6.3416446232743375;-75.56190056005362;RUTA 19 BELLO;BELLO
12311;ROBLEDO LA IGUANA;6.266891043461386;-75.58646285898436;RUTA 14 ROBLEDO;ROBLEDO
12312;BUENOS AIRES (BARRIOS DE JESUS);6.2318735917031765;-75.53962553716592;RUTA 13 BUENOS AIRES;MEDELLIN ORIENTE5   (31-34-37)
12313;BUENOS AIRES (EL VERGEL);6.230536355392499;-75.54313317063823;RUTA 13 BUENOS AIRES;MEDELLIN ORIENTE5   (31-34-37)
12314;PARQUE;6.373973105889495;-75.45084092962826;RUTA 21 Y 23 NIQUIA - CARLOS VERGARA;COPACABANA - GIRARDOTA
12316;LAURELES (NOGAL);6.236026028915361;-75.60150291485287;RUTA 9 BELEN (MOLINOS);NORTE2   (9-10-13)
12319;SANTA TERESITA;6.240280634656015;-75.60795190151555;RUTA 10 SAN JAVIER;NORTE2   (9-10-13)
12320;CALAZANS SOLEDAD;6.267786893152031;-75.59917959906518;RUTA 10 SAN JAVIER;NORTE2   (9-10-13)
12321;LOS PINOS;;;;NORTE2   (9-10-13)
12323;BELEN VILLA CAFE;6.22966034984673;-75.61183004773471;RUTA 9 BELEN (MOLINOS);NORTE1   (1-4-7)
12327;FLORENCIA (CERRO DE LA CUMBRE);6.309563034633291;-75.56931461557826;RUTA 18 CABAÑAS;NORTE3   (22-25-28)
12328;RODEO SUR;6.2039755544655995;-75.60178596532796;RUTA 7 CRISTO REY;NORTE1   (1-4-7)
12329;ROBLEDO PRIMAVERAL;6.293668580421496;-75.58512974556815;RUTA 14 ROBLEDO;ROBLEDO
12576;EL ROSARIO;6.336769094277404;-75.56306814742486;RUTA 19 BELLO;BELLO
12577;HORIZONTES;6.342275015547133;-75.51171784485591;RUTA 22 COPACABANA;COPACABANA - GIRARDOTA
12578;LA SOLITA;6.340966459166253;-75.51209276554586;RUTA 22 COPACABANA;COPACABANA - GIRARDOTA
12579;PORVENIR;6.341456919413026;-75.51396717480176;RUTA 22 COPACABANA;COPACABANA - GIRARDOTA
12580;OBRERO;6.343836673080783;-75.5079289785348;RUTA 22 COPACABANA;COPACABANA - GIRARDOTA
12581;EL TABLAZO;6.351318351840096;-75.50058479316934;RUTA 22 COPACABANA;COPACABANA - GIRARDOTA
12583;PARQUE;6.345608587839149;-75.50807710254574;RUTA 22 COPACABANA;COPACABANA - GIRARDOTA
12584;CALLE COLOMBIA;6.313661046707846;-75.55969708692736;;COPACABANA - GIRARDOTA
12585;NARANJAL;6.375069507391688;-75.44164545596307;RUTA 21 Y 23 NIQUIA - CARLOS VERGARA;COPACABANA - GIRARDOTA
12586;EL SALADO;6.374246235231138;-75.44117940826474;RUTA 21 Y 23 NIQUIA - CARLOS VERGARA;COPACABANA - GIRARDOTA
12587;BARRIO MARIA;6.352597498061169;-75.49933462227754;RUTA 22 COPACABANA;COPACABANA - GIRARDOTA
12588;BUENOS AIRES (LOS SAUCES);6.229124802867221;-75.54312854565076;RUTA 13 BUENOS AIRES;MEDELLIN ORIENTE5   (31-34-37)
12589;LA MADERA;6.314633428970956;-75.55210610398085;RUTA 22 COPACABANA;COPACABANA - GIRARDOTA
12590;LA MILAGROSA (CATALUÑA);6.233040901034543;-75.55253267484287;RUTA 13 BUENOS AIRES;MEDELLIN ORIENTE5   (31-34-37)
12591;LA MILAGROSA (AVILA);6.232912949055762;-75.5549537745586;RUTA 13 BUENOS AIRES;MEDELLIN ORIENTE5   (31-34-37)
12593;LAS PALMAS;6.24044097185503;-75.56433564708749;RUTA 11 SALVADOR;MEDELLIN ORIENTE5   (31-34-37)
12595;BELEN ROSALES;6.234135919812916;-75.5912427178645;RUTA 8 BELEN;NORTE1   (1-4-7)
12598;EDUARDO SANTOS 1;6.253857872470895;-75.62003625534189;RUTA 10 SAN JAVIER;NORTE2   (9-10-13)
12599;PORVENIR EL LLANO;6.149248626593385;-75.39102068490003;RUTA 24 RIONEGRO - CARLOS VERGARA;RIONEGRO
12601;LA GALERIA;6.157364224920592;-75.37010548325586;RUTA 24 RIONEGRO - CARLOS VERGARA;RIONEGRO
12602;EL HOYO;6.150878913480483;-75.37910313815593;RUTA 24 RIONEGRO - CARLOS VERGARA;RIONEGRO
12604;VILLAS;6.152367659143741;-75.36499130980009;RUTA 24 RIONEGRO - CARLOS VERGARA;RIONEGRO
12605;OBRERO;6.149797977724759;-75.3612620320091;RUTA 24 RIONEGRO - CARLOS VERGARA;RIONEGRO
12606;LA CARMINA;6.150517600833192;-75.36234359382534;RUTA 24 RIONEGRO - CARLOS VERGARA;RIONEGRO
12607;QUINTAS;6.149670535250988;-75.37934387406293;RUTA 24 RIONEGRO - CARLOS VERGARA;RIONEGRO
12608;GALAN;6.136805112669573;-75.38388597126416;RUTA 24 RIONEGRO - CARLOS VERGARA;RIONEGRO
12609;OASIS;6.152406293708388;-75.36525714809086;;RIONEGRO
12610;ALTO DE LA CAPILLA;6.152336236740389;-75.3768633096588;RUTA 24 RIONEGRO - CARLOS VERGARA;RIONEGRO
12613;SAN ANTONIO DE PEREIRA (REMANSOS);6.128433485690507;-75.38266419498215;RUTA 24 RIONEGRO - CARLOS VERGARA;RIONEGRO
12614;SANTA ANA;6.149557536725906;-75.36857364102269;RUTA 24 RIONEGRO - CARLOS VERGARA;RIONEGRO
12615;EL AGUILA;6.153404788418304;-75.37099656733595;RUTA 24 RIONEGRO - CARLOS VERGARA;RIONEGRO
12616;ALDEA DE AZUCOR;6.152847596966395;-75.36611279562072;;RIONEGRO
12617;VILLA CLEMEN;6.143590078890057;-75.37299339880332;RUTA 24 RIONEGRO - CARLOS VERGARA;RIONEGRO
12618;4 ESQUINAS;6.153356614456982;-75.36492082420571;RUTA 24 RIONEGRO - CARLOS VERGARA;RIONEGRO
12619;MIRADOR DE SAN NICOLAS;6.159724591318197;-75.37549161411032;RUTA 24 RIONEGRO - CARLOS VERGARA;RIONEGRO
12620;CENTRO;6.155576241329317;-75.37345499783626;RUTA 24 RIONEGRO - CARLOS VERGARA;RIONEGRO
12621;BOSQUES DEL NORTE;6.159888687946828;-75.37586305449472;RUTA 24 RIONEGRO - CARLOS VERGARA;RIONEGRO
12622;ALTO DE LA MOSCA;6.161414222637088;-75.37435933918948;RUTA 24 RIONEGRO - CARLOS VERGARA;RIONEGRO
12624;HORIZONTE BAJA;6.160326181997829;-75.37306723982822;RUTA 24 RIONEGRO - CARLOS VERGARA;RIONEGRO
12625;SAN JUAN DE LAURELES;6.1596953370492225;-75.37230636767082;RUTA 24 RIONEGRO - CARLOS VERGARA;RIONEGRO
12626;QUEBRADA ARRIBA;6.15860108019272;-75.37636717551632;RUTA 24 RIONEGRO - CARLOS VERGARA;RIONEGRO
12627;JOSE MARIA;6.159020714515603;-75.37484219963865;;RIONEGRO
12628;VILLA MANUELA;6.147672839077523;-75.38262408294791;RUTA 24 RIONEGRO - CARLOS VERGARA;RIONEGRO
12629;VEGAS DE LA CALLEJA;6.146197265113761;-75.38372108823863;RUTA 24 RIONEGRO - CARLOS VERGARA;RIONEGRO
12630;LA COOPERATIVA;6.151119203529728;-75.3804510967886;RUTA 24 RIONEGRO - CARLOS VERGARA;RIONEGRO
12631;ALTO DEL MEDIO;6.156814604192628;-75.3780050981192;RUTA 24 RIONEGRO - CARLOS VERGARA;RIONEGRO
12632;BELCHITE;6.1518958365127006;-75.37929849623941;RUTA 24 RIONEGRO - CARLOS VERGARA;RIONEGRO
12633;SANTA TERESA;6.1517138624680365;-75.38681482113353;RUTA 24 RIONEGRO - CARLOS VERGARA;RIONEGRO
12635;SAN JOAQUIN;6.1431481670511054;-75.37261315399782;RUTA 24 RIONEGRO - CARLOS VERGARA;RIONEGRO
12636;LOS REMANSOS;6.128580020684651;-75.3823871721725;RUTA 24 RIONEGRO - CARLOS VERGARA;RIONEGRO
12637;LOS LAGOS;6.16143344117033;-75.37084389614128;RUTA 24 RIONEGRO - CARLOS VERGARA;RIONEGRO
12639;SERRANIAS;6.157236000620579;-75.37353803906106;RUTA 24 RIONEGRO - CARLOS VERGARA;RIONEGRO
12640;EL LLANITO;6.151154687053753;-75.39735840447361;;RIONEGRO
12641;ALBORADA;6.154272050547667;-75.36955906327246;RUTA 24 RIONEGRO - CARLOS VERGARA;RIONEGRO
12643;ENCENILLOS;6.141968824874814;-75.37355907774011;RUTA 24 RIONEGRO - CARLOS VERGARA;RIONEGRO
12644;HOSPITAL;6.164081378542537;-75.37451341027676;RUTA 24 RIONEGRO - CARLOS VERGARA;RIONEGRO
12645;ALTOS DE LA PEREIRA;6.143926495787314;-75.37535070998044;RUTA 24 RIONEGRO - CARLOS VERGARA;RIONEGRO
12647;EL PORVENIR;6.149920814587565;-75.38943171654587;RUTA 24 RIONEGRO - CARLOS VERGARA;RIONEGRO
12648;LOS CRISTALES;6.152378822844265;-75.39037698900208;RUTA 24 RIONEGRO - CARLOS VERGARA;RIONEGRO
12649;PORVENIR EL AGUACATE;6.150076643549826;-75.38686997631503;RUTA 24 RIONEGRO - CARLOS VERGARA;RIONEGRO
12650;LA COLINA;6.149830822205245;-75.37815313131676;RUTA 24 RIONEGRO - CARLOS VERGARA;RIONEGRO
12651;FLORIDA;6.156441371484219;-75.37801841198531;RUTA 24 RIONEGRO - CARLOS VERGARA;RIONEGRO
12652;FARO-CALLE DE LA MADERA;6.1410929110161785;-75.37924634461105;RUTA 24 RIONEGRO - CARLOS VERGARA;RIONEGRO
12653;LAURELES(MEDELLIN);6.240108623842281;-75.59716699306311;RUTA 9 BELEN (MOLINOS);NORTE2   (9-10-13)
12654;SANTA CLARA;6.146831967469963;-75.38016123708412;RUTA 24 RIONEGRO - CARLOS VERGARA;RIONEGRO
12655;VILLA DEL RIO;6.202771981935102;-75.59739251761907;RUTA 24 RIONEGRO - CARLOS VERGARA;RIONEGRO
12656;LINDA GRANJA;6.15235538371981;-75.3937123340271;RUTA 24 RIONEGRO - CARLOS VERGARA;RIONEGRO
12657;CASAS DEL MAR;6.159099736116866;-75.37896253445197;RUTA 24 RIONEGRO - CARLOS VERGARA;RIONEGRO
12658;LA ESPERANZA II;6.153035354302199;-75.37828457753399;RUTA 24 RIONEGRO - CARLOS VERGARA;RIONEGRO
12659;LA INMACULADA;6.158801674419438;-75.38105547797944;RUTA 24 RIONEGRO - CARLOS VERGARA;RIONEGRO
12660;SECTOR 3;6.148553511259447;-75.387463762385;RUTA 24 RIONEGRO - CARLOS VERGARA;RIONEGRO
12663;MANANTIALES;6.156605522263302;-75.36408392426159;RUTA 24 RIONEGRO - CARLOS VERGARA;RIONEGRO
12664;LA ESMERALDA;6.153897588226357;-75.36311250492031;RUTA 24 RIONEGRO - CARLOS VERGARA;RIONEGRO
12665;GUILLERMO GAVIRIA;6.155855811367136;-75.37813484129666;RUTA 24 RIONEGRO - CARLOS VERGARA;RIONEGRO
12666;LAURELES;6.158929389205767;-75.38074430792987;RUTA 24 RIONEGRO - CARLOS VERGARA;RIONEGRO
12667;ALTOS DE SAN NICOLAS;6.145660397764906;-75.37964830849877;RUTA 24 RIONEGRO - CARLOS VERGARA;RIONEGRO
12668;C.R ARRAYANES;6.166172929226025;-75.3764923499209;RUTA 24 RIONEGRO - CARLOS VERGARA;RIONEGRO
12669;QUINTAS DEL CARRETERO;6.1510550882490795;-75.38150025226281;RUTA 24 RIONEGRO - CARLOS VERGARA;RIONEGRO
12671;SAN ANTONIO DE PEREIRA (SANTA FE);6.13085797714188;-75.38307164965522;RUTA 24 RIONEGRO - CARLOS VERGARA;RIONEGRO
12672;HORIZONTE ALTA;6.161058458255457;-75.37347693241796;RUTA 24 RIONEGRO - CARLOS VERGARA;RIONEGRO
12673;CASTILLA 1;6.2912454711027825;-75.57479758529425;RUTA 16 ALFONSO LOPEZ;NORTE3   (22-25-28)
12674;VILLAMARIA;6.153484091367409;-75.36438519694767;RUTA 24 RIONEGRO - CARLOS VERGARA;RIONEGRO
12676;ROBLEDO JORGE E GAITAN;6.289210055916849;-75.58582731224261;RUTA 14 ROBLEDO;ROBLEDO
12677;BELEN;6.153552256514744;-75.36441255638304;RUTA 24 RIONEGRO - CARLOS VERGARA;RIONEGRO
12679;NIQUIA CIUDADELA CACIQUE MZ7;6.3410072427785575;-75.54834873123777;;BELLO
12684;UR MANAOS CLL 27 B-58D-334 CABAÑAS;;;;BELLO
12686;ROBLEDO ALTAMIRA;6.280238557162093;-75.58406464199199;RUTA 14 ROBLEDO;ROBLEDO
12687;UR.ALTOS DE SAN JAVIER CRA 109 43-07;6.257814908221715;-75.61812570116054;RUTA 10 SAN JAVIER;NORTE2   (9-10-13)
12688;U.R ALTOS DE SAN JUAN.CLL 42B 117A-7;6.257944178891895;-75.61844711774502;RUTA 10 SAN JAVIER;NORTE2   (9-10-13)
12696;SAN SILVESTRE;6.324882054434628;-75.5702148303428;RUTA 18 CABAÑAS;BELLO
12697;U.R MIRADOR DE SAN JAVIER. CR 117B 42B-75;6.252962350502265;-75.62035307300712;RUTA 10 SAN JAVIER;NORTE2   (9-10-13)
12701;QUINTALINDA;6.234837301732901;-75.54992941121877;PRUEBA;MEDELLIN ORIENTE5   (31-34-37)
12884;EL SOCORRO;6.259594370425918;-75.61747151835844;BOGOTA 4 NICK PEREZ;
26325;ARAGON;6.175923797624782;-75.63874493200579;RUTA 2.1 SAN ANTONIO;S. PRADO
26326;BARICHARA;6.175739417760802;-75.64935470685015;RUTA 2.1 SAN ANTONIO;S. PRADO
26327;BARRIOS UNIDOS;6.086608981437879;-75.63493358516524;RUTA 1 CALDAS;CALDAS
26330;BRISAS;6.159744305927166;-75.63862954174228;RUTA 2 ESTRELLA;CALDAS
26331;PARQUE;6.094703175231701;-75.63651363064889;RUTA 1 CALDAS;CALDAS
26332;EL PALMAR;6.166576553077178;-75.62418843492021;RUTA 3 SABANETA;ITAGUI
26335;GUAYABAL;6.198070933011136;-75.59274760483153;RUTA 7 CRISTO REY;NORTE1   (1-4-7)
26336;INDEPENDENCIA;6.167045903164093;-75.61600142944614;RUTA 3 SABANETA;ITAGUI
26337;ITAGUI;6.170808466720541;-75.61095246986305;RUTA 4 ITAGUI SANTA MARIA;ITAGUI
26340;LIMONAR 1;6.173764739202197;-75.64277183755979;RUTA 2.1 SAN ANTONIO;S. PRADO
26341;MALTA;6.169501950525595;-75.62209791546942;RUTA 6 ITAGUI EL PARQUE;ITAGUI
26343;MARGARITAS;6.166859091046972;-75.62251946189693;RUTA 3 SABANETA;ITAGUI
26345;MILAGROSA;;;;MEDELLIN ORIENTE5   (31-34-37)
26347;PEDREGAL;6.168814846125286;-75.61826183831687;;ITAGUI
26348;PILSEN;6.17228156451904;-75.62654039103107;RUTA 6 ITAGUI EL PARQUE;S. PRADO
26349;PRADERA-PRADO;6.178022517309713;-75.6369034686379;RUTA 2.1 SAN ANTONIO;S. PRADO
26350;PRADO;6.184348676233435;-75.65236755079385;RUTA 2.1 SAN ANTONIO;S. PRADO
26353;ROBLES;6.164531115591791;-75.62651241285563;RUTA 2 ESTRELLA;ITAGUI
26354;ROSALEDA;6.1774843791859535;-75.63930062140307;RUTA 2.1 SAN ANTONIO;S. PRADO
26355;ROSARIO;6.177048760850036;-75.61271758182093;RUTA 6 ITAGUI EL PARQUE;ITAGUI
26356;SAMARIA;6.16533011253593;-75.62440895739405;RUTA 3 SABANETA;ITAGUI
26357;SAN BERNARDO;6.2265499497920525;-75.59338200548105;;NORTE1   (1-4-7)
26358;SAN GABRIEL;6.173373060719591;-75.63399249988835;RUTA 6 ITAGUI EL PARQUE;S. PRADO
26359;SAN JOSE;6.165694896040929;-75.61476217922053;RUTA 6 ITAGUI EL PARQUE;ITAGUI
26361;SAN PIO;6.164698079669783;-75.61960903602025;RUTA 6 ITAGUI EL PARQUE;ITAGUI
26363;SANTA MARIA;6.183314439644993;-75.59713903745016;RUTA 4 ITAGUI SANTA MARIA;ITAGUI
26364;SANTANA;6.167874786719573;-75.62425550574129;RUTA 3 SABANETA;ITAGUI
26365;SURAMERICA;6.163230081233946;-75.62980880714856;RUTA 3 SABANETA;CALDAS
26372;VEGAS DE ALCALA;6.181907917811627;-75.64089756796713;RUTA 2.1 SAN ANTONIO;S. PRADO
26373;YARUMITO;6.162182631397294;-75.62410496665188;RUTA 3 SABANETA;ITAGUI
26374;ASTURIAS;6.168150595105051;-75.6117880587127;RUTA 4 ITAGUI SANTA MARIA;ITAGUI
26377;BELLA VISTA;6.102219788448119;-75.63717962879903;RUTA 1 CALDAS;CALDAS
26378;DITAIRES;6.169270248702742;-75.63163543973272;RUTA 6 ITAGUI EL PARQUE;S. PRADO
26381;PLAYA RICA;6.17282264728024;-75.6136612382067;RUTA 6 ITAGUI EL PARQUE;ITAGUI
26383;LA GLORIA;6.168111687578874;-75.61351988116313;RUTA 4 ITAGUI SANTA MARIA;ITAGUI
26384;BELLO;6.301643667609847;-75.57895038027866;SIN RUTA;BELLO
26385;ARAUCARIA;6.166971339810258;-75.61218856218561;RUTA 4 ITAGUI SANTA MARIA;ITAGUI
26386;ESTRELLA;6.154898114434669;-75.63846671447887;RUTA 2 ESTRELLA;CALDAS
26387;BARILOCHE;6.1676890678234395;-75.64197929233087;RUTA 2 ESTRELLA;S. PRADO
26388;LAS MARGARITAS;6.166877710246543;-75.62233352577657;RUTA 3 SABANETA;ITAGUI
26389;LA UNION;6.17422420992858;-75.61576773190023;RUTA 6 ITAGUI EL PARQUE;ITAGUI
26392;LAS MERCEDES;6.169608192469856;-75.61288972649649;RUTA 3 SABANETA;ITAGUI
26393;ALDEA;6.180955715984484;-75.60300567666025;RUTA 4 ITAGUI SANTA MARIA;ITAGUI
26394;CALATRAVA;6.181041378512164;-75.60955291830072;RUTA 4 ITAGUI SANTA MARIA;ITAGUI
26396;COLINAS DE ASIS-NO USAR;6.169534552353562;-75.63050865627301;RUTA 6 ITAGUI EL PARQUE;S. PRADO
26397;TERRANOVA;6.181492480624742;-75.60733702722408;RUTA 6 ITAGUI EL PARQUE;ITAGUI
26398;SAN FRANCISCO;6.171052733674997;-75.64010090919678;RUTA 6 ITAGUI EL PARQUE;S. PRADO
26399;SALADO;6.155204183666075;-75.57981690339216;RUTA 5 ENVIGADO;ENVIGADO
26401;CAMPO ALEGRE;6.169512484581134;-75.60928717320155;RUTA 3 SABANETA;ITAGUI
26402;VILLA PAULA;6.1731726388747274;-75.60720471011267;RUTA 6 ITAGUI EL PARQUE;ITAGUI
26403;TRIANA;6.171845665331905;-75.63596450622939;RUTA 2 ESTRELLA;ITAGUI
26404;EL TABLAZO;6.178425664871229;-75.60745026576723;RUTA 4 ITAGUI SANTA MARIA;ITAGUI
26405;ALCAZAR DE LOS PRADOS;6.178468852798449;-75.64250701705964;RUTA 2.1 SAN ANTONIO;S. PRADO
26407;VILLA LIA;6.173848475616006;-75.62781243598506;RUTA 6 ITAGUI EL PARQUE;ITAGUI
26408;LA TABLAZA;6.121373726513682;-75.63435912638009;RUTA 1 CALDAS;CALDAS
26409;LA HORTENCIA;6.19012542806366;-75.59867686857055;RUTA 4 ITAGUI SANTA MARIA;ITAGUI
26410;SANTA MARIA LA NUEVA;6.172568525426178;-75.61740040222224;RUTA 3 SABANETA;ITAGUI
26412;SABANETA;6.153776917904149;-75.61512939963804;RUTA 3 SABANETA;SABANETA
26413;SAN JAVIER;6.173502648376319;-75.62722604498666;RUTA 6 ITAGUI EL PARQUE;ITAGUI
26414;SIMON BOLIVAR;6.178694316423887;-75.59973651429009;RUTA 4 ITAGUI SANTA MARIA;ITAGUI
26416;PALMAR;6.166227855465111;-75.6240912534047;RUTA 3 SABANETA;ITAGUI
26417;CEDROS;6.159787344855964;-75.62476250672968;RUTA 2 ESTRELLA;ITAGUI
26419;LA ESMERALDA;6.178112634707888;-75.59726120221114;RUTA 4 ITAGUI SANTA MARIA;ITAGUI
26420;EL  BRAZIL;6.1661911350153265;-75.58626583692994;RUTA 5 ENVIGADO;ITAGUI
26421;LIMONAR 2;6.175560409549251;-75.642471150922;RUTA 2.1 SAN ANTONIO;S. PRADO
26423;VIVIENDAS DEL SUR;6.1934315863625615;-75.5963609008398;RUTA 4 ITAGUI SANTA MARIA;ITAGUI
26425;PORTAL DE DITAIRES;6.169236635624582;-75.61162419719857;RUTA 2.1 SAN ANTONIO;S. PRADO
26426;EL DESCANSO;6.175867556745153;-75.61355538998792;RUTA 2.1 SAN ANTONIO;ITAGUI
26427;LA CAPILLA;6.170108395121516;-75.6114341224259;RUTA 6 ITAGUI EL PARQUE;S. PRADO
26429;FERRARA;6.182015928676336;-75.60485152332281;RUTA 6 ITAGUI EL PARQUE;ITAGUI
26430;PRADOS DEL CAMPO;6.173350659087241;-75.6499372429465;RUTA 2.1 SAN ANTONIO;S. PRADO
26431;ACASIAS;6.176409184434021;-75.60687833445743;RUTA 6 ITAGUI EL PARQUE;ITAGUI
26432;NARANJOS;6.17035780870655;-75.582506914312;RUTA 5 ENVIGADO;ENVIGADO
26433;SANTA CATALINA;6.164599733585157;-75.62734453157871;RUTA 6 ITAGUI EL PARQUE;ITAGUI
26434;AGIZAL;6.1552500000000006;-75.58243833333333;;ITAGUI
26437;SAN ISIDRO;6.1702836956210225;-75.61744497943931;RUTA 6 ITAGUI EL PARQUE;ITAGUI
26438;SATEXCO;6.180017918033435;-75.608467041914;RUTA 4 ITAGUI SANTA MARIA;ITAGUI
26440;OLIVAREZ;6.173528575786614;-75.61530705685406;RUTA 6 ITAGUI EL PARQUE;ITAGUI
26443;ARTEX;6.175384482046087;-75.60835774818497;RUTA 4 ITAGUI SANTA MARIA;ITAGUI
26445;COMPARTIR;6.18225938533756;-75.64310604322608;RUTA 2.1 SAN ANTONIO;S. PRADO
26446;PRADITO;6.183645016901493;-75.64285703690229;RUTA 2.1 SAN ANTONIO;S. PRADO
26448;BARRIO NUEVO - PRADO;6.183235811963793;-75.64125174783086;RUTA 2.1 SAN ANTONIO;S. PRADO
26449;CAMPIÑAS;6.182033117069655;-75.64593672400996;RUTA 2.1 SAN ANTONIO;S. PRADO
26450;VILLA LOMA;6.1830490153858175;-75.6480373507591;RUTA 2.1 SAN ANTONIO;S. PRADO
26451;DULAZAR;6.166682799640081;-75.62492824655347;;ITAGUI
26456;FLORIDA;6.15413736098277;-75.60814139805608;RUTA 3 SABANETA;SABANETA
26458;PRADOS DEL ESTE;6.184159286443003;-75.6479993632728;RUTA 2.1 SAN ANTONIO;S. PRADO
26459;CALLE 5;6.156588599233232;-75.63947735198242;RUTA 2 ESTRELLA;CALDAS
26461;CAQUETA;6.155853671234791;-75.641318157653;RUTA 2 ESTRELLA;CALDAS
26462;CHILE;6.153672800418075;-75.64600898323974;RUTA 2 ESTRELLA;CALDAS
26463;LA FINQUITA;6.162882771113691;-75.62625945993284;RUTA 3 SABANETA;ITAGUI
26464;VILLAS DE ALCANTARA;6.161508437567483;-75.63804414709661;RUTA 2 ESTRELLA;CALDAS
26465;VILLA MIRA;6.160899503618537;-75.63890493194585;RUTA 2 ESTRELLA;CALDAS
26467;SAN FERNANDO;6.190619393514972;-75.59189370446195;RUTA 4 ITAGUI SANTA MARIA;ITAGUI
26469;PEDRERO;6.156807601826569;-75.6438381550327;RUTA 2 ESTRELLA;CALDAS
26470;EL CERRITO;6.153737308062135;-75.63931498019686;RUTA 2 ESTRELLA;CALDAS
26471;ENTRE COLINAS;6.19629576215212;-75.59286410862701;RUTA 7 CRISTO REY;ITAGUI
26472;FATIMA;6.1779670847646955;-75.60971387336949;RUTA 6 ITAGUI EL PARQUE;ITAGUI
26473;PLANECO;6.1949643415365045;-75.59198162118673;RUTA 7 CRISTO REY;NORTE1   (1-4-7)
26474;SAN ANDRES;6.163331485270418;-75.63118423340552;RUTA 2 ESTRELLA;ITAGUI
26475;PLAZUELAS DE LA ESTRELLA;6.125625433032948;-75.63542040935972;PRUEBA;CALDAS
26476;CERRITO;6.153940587699816;-75.63987267666415;RUTA 2 ESTRELLA;CALDAS
26479;TOLEDO;6.161652063038542;-75.63871998983095;RUTA 2 ESTRELLA;CALDAS
26480;PRIMAVERA-ESTRELLA;6.157055964129208;-75.64223272243164;RUTA 2 ESTRELLA;CALDAS
26481;LA RAYA;6.189947703028387;-75.5934335101526;RUTA 4 ITAGUI SANTA MARIA;ITAGUI
26482;VILLA ALICIA;6.1529250352998535;-75.63786830556364;RUTA 2 ESTRELLA;CALDAS
26483;EL BOLO;6.197216035481353;-75.59339923758469;RUTA 7 CRISTO REY;ITAGUI
26484;POBLADO;6.184139283932243;-75.5846845986053;RUTA 3 SABANETA;POBLADO
26485;VILLA DEL CAMPO;6.151543141536644;-75.63790369532107;RUTA 2 ESTRELLA;CALDAS
26486;METROPOLITANO;6.159265;-75.60257499999999;RUTA 3 SABANETA;SABANETA
26488;ANDA LUCIA;6.094646982328343;-75.63041732506326;RUTA 1 CALDAS;CALDAS
26489;PASO ANCHO;6.153751846957371;-75.61135842093437;RUTA 3 SABANETA;SABANETA
26491;PRADOS;6.149712609987428;-75.6212064103117;RUTA 3 SABANETA;SABANETA
26492;FLORES;6.173339757708851;-75.5790872421341;RUTA 5 ENVIGADO;ENVIGADO
26493;LA PAZ;6.163213202423501;-75.59380573391707;RUTA 5 ENVIGADO;ENVIGADO
26494;ESCOBAR;6.154753611313586;-75.63830440421495;RUTA 2 ESTRELLA;CALDAS
26495;HOLANDA;6.151202815247449;-75.61773417255448;RUTA 3 SABANETA;SABANETA
26496;ALCALA;6.169463980561312;-75.5938909328969;RUTA 5 ENVIGADO;ENVIGADO
26497;DORADO;6.165103037542476;-75.58975068975121;RUTA 5 ENVIGADO;ENVIGADO
26498;SEBASTIANA;6.168747034058742;-75.57966610465311;RUTA 5 ENVIGADO;ENVIGADO
26499;ALTOS DE MISAEL;6.173435155093764;-75.57836461006768;RUTA 5 ENVIGADO;ENVIGADO
26500;CIUDADELA-PRADO;6.184200302044699;-75.64312155662219;RUTA 2.1 SAN ANTONIO;S. PRADO
26502;ALIADAS;6.154514515260021;-75.61252974294786;RUTA 3 SABANETA;SABANETA
26503;CERAMICA;6.1516640349454565;-75.61892042769485;RUTA 3 SABANETA;SABANETA
26505;ENTRE AMIGOS;6.152247292442767;-75.6173064489161;RUTA 3 SABANETA;SABANETA
26506;CALLE LARGA;6.1513186700018325;-75.61945028111104;RUTA 3 SABANETA;SABANETA
26508;RESTREPO;6.154504025066437;-75.6107407025972;RUTA 3 SABANETA;SABANETA
26509;ZANCIBAR;6.153724448087123;-75.63848104645766;RUTA 2 ESTRELLA;CALDAS
26511;CENTRO;6.169360858160656;-75.61074024916557;RUTA 5 ENVIGADO;ITAGUI
26515;BARQUEREÑA;6.156716779923002;-75.60618030058643;RUTA 3 SABANETA;ENVIGADO
26516;SAN FRANCISCO;6.151758511295906;-75.61394609995924;RUTA 3 SABANETA;SABANETA
26517;SANTA ANA;6.152967134360771;-75.61429541899183;RUTA 3 SABANETA;SABANETA
26518;ANCON;6.152024213829404;-75.63732397717713;RUTA 2 ESTRELLA;CALDAS
26522;MESA;6.166716774766152;-75.58528473345164;RUTA 5 ENVIGADO;ENVIGADO
26526;VIRGEN DEL CARMEN;6.157354442613943;-75.60695961063143;RUTA 3 SABANETA;SABANETA
26527;TRIANON;6.159047255021209;-75.5933732393942;RUTA 5 ENVIGADO;ENVIGADO
26528;LA MINA;6.156592693210326;-75.58370842151895;RUTA 5 ENVIGADO;ENVIGADO
26530;SAN RAFAEL;6.158587623012996;-75.58438975593866;RUTA 5 ENVIGADO;ENVIGADO
26531;SEÑORIAL;6.159742538774722;-75.59641047639501;RUTA 5 ENVIGADO;ENVIGADO
26533;SAN JOSE;6.160346385687195;-75.58350424663998;RUTA 5 ENVIGADO;ENVIGADO
26534;NARANJOS;6.170242436063129;-75.6078935910455;RUTA 3 SABANETA;ITAGUI
26535;CAMPO AMOR;6.213430876227641;-75.58556133859612;RUTA 8 BELEN;NORTE1   (1-4-7)
26537;LAS FLORES;6.1564746390796214;-75.60471400377733;RUTA 3 SABANETA;SABANETA
26538;URIBE ANGEL;6.171691443421038;-75.57886594167113;RUTA 5 ENVIGADO;ENVIGADO
26539;MAGNOLIA;6.173850669301501;-75.58372573665483;RUTA 5 ENVIGADO;ENVIGADO
26543;LAS CASITAS;6.162416255686815;-75.60276974657656;RUTA 3 SABANETA;SABANETA
26544;JARDIN;6.175190237134211;-75.58791969167473;RUTA 5 ENVIGADO;ENVIGADO
26546;ORQUIDEA;6.17606242309518;-75.57939346636681;RUTA 5 ENVIGADO;ENVIGADO
26548;CHINGUI 1;6.163226715914911;-75.58117038385193;RUTA 5 ENVIGADO;ENVIGADO
26550;SAN MARCOS;6.173271481213638;-75.58906612281218;RUTA 5 ENVIGADO;ENVIGADO
26551;MAYORCA;6.158459240060877;-75.60746648040833;RUTA 3 SABANETA;SABANETA
26552;VILLAS DEL CARMEN;6.155940057407963;-75.60603350063006;RUTA 3 SABANETA;SABANETA
26553;OBRERO;6.172060157493531;-75.58362239480695;RUTA 5 ENVIGADO;ENVIGADO
26554;AGUACATALA;6.1918375151286735;-75.58144648146853;RUTA 5 ENVIGADO;POBLADO
26559;INMACULADA;6.099353029405469;-75.63625232496518;RUTA 1 CALDAS;CALDAS
26560;ESPERANZA;6.1109331311850275;-75.63702086629787;RUTA 1 CALDAS;CALDAS
26563;MARGARITAS;6.096363820472228;-75.63735235879535;RUTA 1 CALDAS;CALDAS
26564;PRADERA;6.097581164285202;-75.63754918342632;RUTA 1 CALDAS;CALDAS
26566;VILLA CAPRI;6.093691717028818;-75.63947772105809;RUTA 1 CALDAS;CALDAS
26567;FUNDADORES;6.093946675092082;-75.63934798089404;RUTA 1 CALDAS;CALDAS
26568;CEREZOS;6.082869162612961;-75.63408865080861;RUTA 1 CALDAS;CALDAS
26569;PLANTA;6.093482462187633;-75.63964745083479;RUTA 1 CALDAS;CALDAS
26570;SANTA LUCIA;6.094141496494157;-75.63029152408185;RUTA 1 CALDAS;CALDAS
26571;SAN JUDAS;6.09460929990784;-75.63115430112151;RUTA 1 CALDAS;CALDAS
26572;OLAYA HERRERA;6.096213097221682;-75.63536610774437;RUTA 1 CALDAS;CALDAS
26573;EL SOCORRO;6.090681555304477;-75.6367877460662;RUTA 1 CALDAS;CALDAS
26574;HOSPITAL;6.09012227474789;-75.63561833204105;RUTA 1 CALDAS;CALDAS
26575;CRISTO REY;6.088392639284417;-75.63628287077805;RUTA 1 CALDAS;CALDAS
26576;PLAYITA;6.099027674095013;-75.63574906785243;RUTA 1 CALDAS;CALDAS
26577;CENTENARIO;6.082982901993067;-75.6346280638892;RUTA 1 CALDAS;CALDAS
26578;SANTA MARIA;6.084690949548705;-75.63388532610064;RUTA 1 CALDAS;CALDAS
26579;ACUARELA;6.088056770398887;-75.63413914604158;RUTA 1 CALDAS;CALDAS
26580;RIVERA;6.085247384121271;-75.63263883379413;RUTA 1 CALDAS;CALDAS
26581;UNIDOS;6.088382614669644;-75.63492972799375;RUTA 1 CALDAS;CALDAS
26582;FELIPE ECHAVARRIA;6.08715406764706;-75.63409134635309;RUTA 1 CALDAS;CALDAS
26583;MANDALAY;6.083918649680615;-75.63572792722228;RUTA 1 CALDAS;CALDAS
26584;BELLOS AIRES;6.104930560107683;-75.6366322603136;RUTA 1 CALDAS;CALDAS
26585;GUAYABO;6.184202353294912;-75.60176229298865;RUTA 4 ITAGUI SANTA MARIA;ITAGUI
26586;VILLA AVENTURA;6.1851157164862745;-75.60347458352778;RUTA 4 ITAGUI SANTA MARIA;ITAGUI
26592;BALCONES DE SEVILLA;6.182462856149573;-75.60223387571259;RUTA 4 ITAGUI SANTA MARIA;ITAGUI
26594;OASIS 1;6.161510382249887;-75.59276967311902;RUTA 5 ENVIGADO;ENVIGADO
26595;SAN FERNANDO;6.15168373361538;-75.62005706210047;RUTA 3 SABANETA;SABANETA
26597;CALLE DEL BANCO;6.15360642888139;-75.61580470716187;RUTA 3 SABANETA;SABANETA
26598;MARIA AUXILIADORA;6.155166600020955;-75.60539209050671;RUTA 3 SABANETA;SABANETA
26599;LA DOCTORA;6.145071676804225;-75.61568966858499;RUTA 3 SABANETA;SABANETA
26600;CASA LINDA - NO USAR;6.220459090175559;-75.58562962216816;RUTA 4 ITAGUI SANTA MARIA;ENVIGADO
26601;LA COLINA;6.197993451211429;-75.59285167464385;RUTA 7 CRISTO REY;ITAGUI
26603;DORADO-ESTRELLA;6.157802715258975;-75.64120780798368;RUTA 2 ESTRELLA;CALDAS
26604;SAN JUAQUIN-SAB;6.150764545279301;-75.61451899309812;RUTA 3 SABANETA;SABANETA
26605;CARMELO;6.152407920994349;-75.61318946575888;RUTA 3 SABANETA;SABANETA
26606;CARMELO;6.181334757837148;-75.59835385874452;RUTA 4 ITAGUI SANTA MARIA;ITAGUI
26607;PRIMAVERA;6.165194728818213;-75.5980505488015;RUTA 5 ENVIGADO;ENVIGADO
26810;SAN GABRIEL.;6.173302177432774;-75.63364836477369;RUTA 6 ITAGUI EL PARQUE;S. PRADO
26819;SAN MATEO;6.171835656881787;-75.58234280563262;RUTA 5 ENVIGADO;ENVIGADO
27132;OFICINA;6.165866536648884;-75.60207224557635;EMPLEADO M;EMPLEADOS MEDELLIN
27133;BELLA VISTA - ESTRELLA;6.1586561209758415;-75.64458061258982;RUTA 2 ESTRELLA;CALDAS
27134;FERRERIA - ESTRELLA;6.164238658289307;-75.64315729424098;RUTA 1 CALDAS;CALDAS
27135;SAN VICENTE - ESTRELLA;6.1541517285424225;-75.63614652195399;;CALDAS
27136;CAÑAVERALEJO;6.148063989000013;-75.61983575936536;RUTA 3 SABANETA;SABANETA
27137;MILAN;6.167545100914071;-75.59733272140826;RUTA 5 ENVIGADO;SABANETA
27139;BOSQUES DE ZUÑIGA;6.175466752416731;-75.58539920737124;RUTA 5 ENVIGADO;ENVIGADO
27140;LOMA DEL BARRO;6.15889299346384;-75.60254354485275;RUTA 3 SABANETA;ENVIGADO
27141;PONTEVEDRA;6.175513717200722;-75.58615073827558;;ENVIGADO
27142;CAMPO ALEGRE;6.14545804068184;-75.63419473980096;RUTA 1 CALDAS;CALDAS
27143;SAN ISIDRO;6.14279487544689;-75.61866576624224;RUTA 3 SABANETA;SABANETA
46122;BARBOSA;6.34730350700106;-75.55442722588428;;COPACABANA - GIRARDOTA
46128;CALDAS;6.098801324561611;-75.63632242748632;RUTA 1 CALDAS;CALDAS
46163;OFICINA MED;6.165329161390232;-75.60207329159047;EMPLEADO M;EMPLEADOS MEDELLIN
46170;ROBLEDO LA AURORA;6.280760632033635;-75.6150483098132;RUTA 14 ROBLEDO;ROBLEDO
46174;POPULAR 2;6.275000681615565;-75.5546854993095;PRUEBA;MANRIQUE
46178;CALATRABA;6.181097855155693;-75.60863898037466;RUTA 4 ITAGUI SANTA MARIA;ITAGUI
46186;PORVENIR;6.181323888615397;-75.5966176932605;RUTA 4 ITAGUI SANTA MARIA;ITAGUI
46187;SALADO;6.156497153194028;-75.58026600355254;RUTA 5 ENVIGADO;ENVIGADO
46188;VILLAGRANDE;6.1790096872023605;-75.5854795956153;RUTA 5 ENVIGADO;ENVIGADO
46189;LA MAGNOLIA;6.173374141346571;-75.58380169654274;RUTA 5 ENVIGADO;ENVIGADO
46190;NIQUIA;6.341316279447129;-75.55226036501575;RUTA 21 Y 23 NIQUIA - CARLOS VERGARA;BELLO
46192;CAMPO AMOR;6.213322179607253;-75.58590515275439;RUTA 8 BELEN;NORTE1   (1-4-7)
46221;PUERTO ALEGRE;6.319724746854112;-75.566513117278;RUTA 18 CABAÑAS;BELLO
46222;LOMA DEL INDIO;6.239381449541273;-75.56585013947031;RUTA 3 SABANETA;POBLADO
46234;RIACHUELOS;6.336510329878935;-75.5689116427502;RUTA 19 BELLO;BELLO
46266;EL REMANSO;6.343610766406761;-75.51776190665466;RUTA 22 COPACABANA;COPACABANA - GIRARDOTA
46269;PIEDRAS BLANCAS;6.343113603640332;-75.50972950403315;RUTA 22 COPACABANA;COPACABANA - GIRARDOTA
46270;YARUMITO;6.340420477385871;-75.50816330040739;RUTA 22 COPACABANA;COPACABANA - GIRARDOTA
46273;EL MOJON;6.348798178873563;-75.50333985074971;RUTA 22 COPACABANA;COPACABANA - GIRARDOTA
46304;PAN DE AZÚCAR;6.148544233667195;-75.62221929818304;RUTA 3 SABANETA;SABANETA
46322;BETANIA;6.150426871653134;-75.61559323152935;RUTA 3 SABANETA;SABANETA
46326;ARIAS;6.154641819257632;-75.60555053242824;RUTA 3 SABANETA;SABANETA
46371;SAN MARTÍN DE PORRAS;6.292105207972425;-75.58278628350993;RUTA 15 (12 DE OCTUBRE);NORTE3   (22-25-28)
46540;SALVADOR;6.238626499800667;-75.56050443764681;RUTA 13 BUENOS AIRES;MEDELLIN ORIENTE5   (31-34-37)
46683;LA ESTRELLA;6.155337206727786;-75.6388964641596;RUTA 2 ESTRELLA;CALDAS
48623;TRIANON;6.159535322301356;-75.5931811058856;RUTA 5 ENVIGADO;ENVIGADO
48627;LA MINA;6.155911453112457;-75.5838488914195;RUTA 5 ENVIGADO;ENVIGADO
48628;URIBE ANGEL;6.171471812458901;-75.57914424415343;RUTA 5 ENVIGADO;ENVIGADO
48629;LOMA DE LAS BRUJAS;6.165171724056963;-75.58131855317906;RUTA 5 ENVIGADO;ENVIGADO
48630;BOSQUES DE ZUÑIGA;6.167357328923967;-75.58330118559617;RUTA 5 ENVIGADO;
48631;LAS VEGAS;6.1712441779415546;-75.59396057107773;;ENVIGADO
48632;LAS CASITAS;6.162221837886395;-75.60237717921105;RUTA 3 SABANETA;ENVIGADO
48633;ALCALA;6.16970146726828;-75.59369707506637;RUTA 5 ENVIGADO;ENVIGADO
48634;EL PORTAL;6.174012025259863;-75.59018161651846;RUTA 5 ENVIGADO;ENVIGADO
48635;SAN MARCOS;6.174872807650673;-75.58930487412292;RUTA 5 ENVIGADO;ENVIGADO
48636;JARDINES;6.177467421440444;-75.58601167079627;RUTA 5 ENVIGADO;ENVIGADO
48637;ZUÑIGA;6.176145235279428;-75.58427208388446;RUTA 5 ENVIGADO;ENVIGADO
48638;ALTO DE MISAEL;6.172601050259442;-75.57933281306958;RUTA 5 ENVIGADO;ENVIGADO
48640;OBRERO;6.171547452033559;-75.5842311358037;RUTA 5 ENVIGADO;ENVIGADO
48641;EL DORADO;6.1647988230507815;-75.59005667515194;RUTA 5 ENVIGADO;ENVIGADO
48643;ALIADAS DEL SUR;6.154118377812387;-75.61236584715061;RUTA 3 SABANETA;SABANETA
48645;CALLE DEL BANCO;6.153698237856825;-75.61576455916304;RUTA 3 SABANETA;SABANETA
48646;CALLE LARGA;6.151211745223483;-75.61886953233225;RUTA 3 SABANETA;SABANETA
48647;ENTREAMIGOS;6.1521967259993815;-75.61764945934334;RUTA 3 SABANETA;SABANETA
48648;LA BARQUEREÑA;6.151997552940252;-75.61363139024978;RUTA 3 SABANETA;SABANETA
48650;LAS CASITAS;6.157770933616347;-75.60230794092865;RUTA 3 SABANETA;ENVIGADO
48652;MANUEL RESTREPO;6.156004275382454;-75.60910472447858;;SABANETA
48664;PARIS;6.2867639941976;-75.58343103008116;PRUEBA;CALDAS
48666;EL VERGEL;6.178590975057338;-75.64597200198955;RUTA 2.1 SAN ANTONIO;S. PRADO
48667;CIUDAD DE LOS PUERTOS;6.32429913392782;-75.56511286244695;RUTA 18 CABAÑAS;BELLO
48721;ROBLEDO SANTA MARIA;6.288249900000001;-75.6010604;;
26088.0;LOS CAMBULOS;;;;
34954.0;ALBANIA (2500 LTS);4.796728079406573;-75.73008793898376;RUTA 4 CUBA - DIEGO ARENAS;RUTA CUBA
34955.0;AURORA;4.820317579766542;-75.67945030012027;RUTA 1 DOSQ - JUAN PADILLA;DOSQUEBRADAS
34956.0;AV SANTANDER;4.814246666666667;-75.683945;RUTA 2 CENTRO - DIEGO PATIÑO;RUTA CENTRO
34957.0;BOSTON;4.7996195356354825;-75.69728839065245;RUTA 2 CENTRO - DIEGO PATIÑO;RUTA CENTRO
34958.0;LA CAMPIÑA;4.798984327443512;-75.73339982111166;RUTA 4 CUBA - DIEGO ARENAS;RUTA CUBA
34959.0;DEPARTAMENTO (2500 LTS);4.79571186241461;-75.7298811802599;RUTA 4 CUBA - DIEGO ARENAS;RUTA CUBA
34960.0;GRACIELA;4.827205395966701;-75.69850308859739;RUTA 5 DOSQ JUAN PABLO M,J,S;DOSQUEBRADAS
34961.0;LA HABANA (CUBA);4.800294753493247;-75.73454698818729;RUTA 4 CUBA - DIEGO ARENAS;RUTA CUBA
34962.0;HEROES (2500 LTS);4.79745995571042;-75.73206627088348;RUTA 4 CUBA - DIEGO ARENAS;RUTA CUBA
34963.0;INDEPENDIENTES;4.798396062132023;-75.73107295716721;RUTA 4 CUBA - DIEGO ARENAS;RUTA CUBA
34964.0;LA FRANCIA;4.793871981067875;-75.73004512260545;RUTA 4 CUBA - DIEGO ARENAS;RUTA CUBA
34965.0;LA HACIENDA;4.806985278274882;-75.73345961177041;RUTA 4.1 CUBA - DIEGO ARENAS;RUTA CUBA
34966.0;LA SULTANA;4.819058683468711;-75.67579247207013;RUTA 1 DOSQ - JUAN PADILLA;DOSQUEBRADAS
34968.0;PADRE VALENCIA;4.800998609850268;-75.72348121390452;RUTA 4 CUBA - DIEGO ARENAS;RUTA CUBA
34969.0;PROVIDENCIA;4.803755658987996;-75.69764171087006;RUTA 2 CENTRO - DIEGO PATIÑO;RUTA CENTRO
34970.0;SAN CAMILO;4.8185336686086035;-75.70523116481299;RUTA 3 CENTRO - LUIS GALLEGO;RUTA CENTRO
34971.0;SANTA MONICA;4.822621589791982;-75.67838009703651;RUTA 1 DOSQ - JUAN PADILLA;DOSQUEBRADAS
34972.0;1 DE FEBRERO CENTRO;4.815158894697901;-75.70545050821137;RUTA 3 CENTRO - LUIS GALLEGO;RUTA CENTRO
34973.0;1 DE MAYO;4.818279948481456;-75.70211541320452;RUTA 3 CENTRO - LUIS GALLEGO;RUTA CENTRO
34974.0;LOTES 2500;4.796833358460322;-75.73075474449759;RUTA 4 CUBA - DIEGO ARENAS;RUTA CUBA
34975.0;30 DE AGOSTO CUBA;4.80719742595991;-75.73644852970132;RUTA 4 CUBA - DIEGO ARENAS;RUTA CUBA
34977.0;ACUARELA (CUBA);4.8002392639863425;-75.73025274382272;RUTA 4 CUBA - DIEGO ARENAS;RUTA CUBA
34978.0;ACUARIO (CUBA);4.799890415287024;-75.73499972273073;RUTA 4 CUBA - DIEGO ARENAS;RUTA CUBA
34979.0;AGUAS CLARAS;4.797889383492944;-75.71509933524362;RUTA 2 CENTRO - DIEGO PATIÑO;RUTA CUBA
34980.0;ALAMEDA (CUBA);4.802358473642473;-75.7364881924048;RUTA 4 CUBA - DIEGO ARENAS;RUTA CUBA
34981.0;ALAMOS;4.79873271743836;-75.69332072558801;RUTA 2 CENTRO - DIEGO PATIÑO;RUTA CENTRO
34983.0;ALEJANDRIA (CUCHILLA);4.792642589231682;-75.73085527777401;RUTA 4 CUBA - DIEGO ARENAS;RUTA CUBA
34984.0;ALFONSO LOPEZ;4.810700205227725;-75.67749090548232;RUTA 2 PARQUE INDUS MI Y S DIEGO PATIÑO;RUTA CENTRO
34985.0;ALMENDROS (2500 LTS);4.794563865814754;-75.72998538852663;RUTA 4 CUBA - DIEGO ARENAS;RUTA CUBA
34987.0;ALPES;4.805774123981813;-75.6905823123584;RUTA 2 CENTRO - DIEGO PATIÑO;RUTA CENTRO
34988.0;AMERICA;4.8180576974575935;-75.68907821354503;RUTA 3 CENTRO - LUIS GALLEGO;RUTA CENTRO
34990.0;ATENAS (CUBA);4.7970993461512546;-75.74446952722607;RUTA 4 CUBA - DIEGO ARENAS;RUTA CUBA
34991.0;LA AURORA;4.820335017940366;-75.67946354546218;RUTA 1 DOSQ - JUAN PADILLA;DOSQUEBRADAS
34992.0;AV LAS AMERICAS;4.806177125669966;-75.71854298978742;RUTA 2 CENTRO - DIEGO PATIÑO;RUTA CENTRO
34993.0;AV SANTANDER;;;RUTA 2 CENTRO - DIEGO PATIÑO;RUTA CENTRO
34994.0;BAIRON GAVIRIA;4.819348627852659;-75.71011930821605;RUTA 3 CENTRO - LUIS GALLEGO;RUTA CENTRO
34995.0;BALALAIKA;4.834035852083321;-75.68289138843494;;DOSQUEBRADAS
34996.0;BARAJAS;4.8008688561202;-75.70548082574943;RUTA 2 CENTRO - DIEGO PATIÑO;RUTA CENTRO
34998.0;BAVARIA;4.8165537689141695;-75.68699190042656;RUTA 3 CENTRO - LUIS GALLEGO;RUTA CENTRO
35000.0;BELLA SARDI;4.796513817192897;-75.72022555058646;RUTA 4 CUBA - DIEGO ARENAS;RUTA CUBA
35001.0;BELLO HORIZONTE (CUBA);4.797747098156839;-75.74827420665578;RUTA 4 CUBA - DIEGO ARENAS;RUTA CUBA
35002.0;BELMONTE;4.807832189378403;-75.75681466036119;RUTA 4 CUBA - DIEGO ARENAS;RUTA CUBA
35003.0;BERLIN;4.810804673276849;-75.68308353208315;RUTA 2 PARQUE INDUS MI Y S DIEGO PATIÑO;RUTA CENTRO
35005.0;BIRMANIA;4.792515157065324;-75.73599422232014;RUTA 4 CUBA - DIEGO ARENAS;RUTA CUBA
35006.0;BOMBAY NUEVO;4.846301840929708;-75.66634098455685;RUTA 5 DOSQ JUAN PABLO L,MI,V;DOSQUEBRADAS
35007.0;BOQUIA;4.822904632226857;-75.72925922233338;RUTA 2 PARQUE INDUS MI Y S DIEGO PATIÑO;RUTA CENTRO
35008.0;BOSTON;4.799590587137799;-75.6969939427545;RUTA 2 CENTRO - DIEGO PATIÑO;RUTA CENTRO
35009.0;BUENOS AIRES;4.837994184721389;-75.6708964870592;RUTA 5 DOSQ JUAN PABLO L,MI,V;DOSQUEBRADAS
35010.0;CARLOS A BENAVIDEZ.;4.795884992454083;-75.72926118236812;RUTA 4 CUBA - DIEGO ARENAS;RUTA CUBA
35013.0;CACHIPAY;4.80086993357413;-75.71172768881597;RUTA 2 CENTRO - DIEGO PATIÑO;RUTA CENTRO
35014.0;CAMBULOS;4.819509012278235;-75.6806300120017;;RUTA CENTRO
35015.0;CAMILO TORRES;4.844139339575462;-75.65872142874262;RUTA 1 DOSQ - JUAN PADILLA;DOSQUEBRADAS
35016.0;CAMPESTRE;4.832777473403154;-75.68548234883916;RUTA 5 DOSQ JUAN PABLO M,J,S;DOSQUEBRADAS
35019.0;CAÑARTE;4.818293438143786;-75.70852115950956;RUTA 3 CENTRO - LUIS GALLEGO;RUTA CENTRO
35020.0;CAÑAVERAL;4.809731045297497;-75.73840217501228;RUTA 4 CUBA - DIEGO ARENAS;RUTA CUBA
35021.0;CARDAL;4.791669293277376;-75.73388965656416;RUTA 4 CUBA - DIEGO ARENAS;RUTA CUBA
35022.0;CARLOS A BEMAVIDEZ;4.798304466653541;-75.73287908491683;RUTA 4 CUBA - DIEGO ARENAS;RUTA CUBA
35023.0;CARLOS ALBERTO BENAVIDEZ (2500 LTS);4.795323346613105;-75.72858203577744;RUTA 4 CUBA - DIEGO ARENAS;RUTA CUBA
35024.0;CASAS DE MILAN;4.829414122049918;-75.67167817352774;RUTA 1 DOSQ - JUAN PADILLA;DOSQUEBRADAS
35025.0;CENTENARIO;4.8077347235838275;-75.69762985069477;RUTA 2 CENTRO - DIEGO PATIÑO;RUTA CENTRO
35026.0;CENTRO;4.814610635231943;-75.69801323705882;RUTA 3 CENTRO - LUIS GALLEGO;RUTA CENTRO
35027.0;CESAR AUGUSTO;4.8515344;-75.6540658;RUTA 1 DOSQ - JUAN PADILLA;DOSQUEBRADAS
35028.0;CIRCUNVALAR;4.806843163461156;-75.68975078978161;RUTA 2 CENTRO - DIEGO PATIÑO;RUTA CENTRO
35029.0;CISNES;4.8015712211130195;-75.74096715334449;RUTA 4 CUBA - DIEGO ARENAS;RUTA CUBA
35030.0;CIUDAD JARDIN;4.797196794080251;-75.69418752259372;RUTA 2 CENTRO - DIEGO PATIÑO;RUTA CENTRO
35031.0;CIUDADELA CUBA PUEBLITO PAISA;4.7981126;-75.7242748;RUTA 2 CENTRO - DIEGO PATIÑO;RUTA CUBA
35032.0;CIUDADELA DEL CAFÉ;;;;RUTA CUBA
35033.0;CODELMAR (CUBA);4.797824993817307;-75.74361229896422;RUTA 4 CUBA - DIEGO ARENAS;RUTA CUBA
35034.0;COLINAS;4.8327746079902765;-75.66357728352008;RUTA 1 DOSQ - JUAN PADILLA;DOSQUEBRADAS
35035.0;VEREDA COMBIA;4.824953361098368;-75.68582280026897;RUTA 2 CENTRO - DIEGO PATIÑO;
35036.0;COMFAMILIAR  PARQUE INDUSTRIAL;4.823426663456757;-75.73448334485259;RUTA 2 PARQUE INDUS MI Y S DIEGO PATIÑO;RUTA CENTRO
35037.0;CONSOTA;4.8022505;-75.7218984;RUTA 4.1 CUBA - DIEGO ARENAS;RUTA CUBA
35039.0;CORALES;4.801465876361497;-75.745978275405;RUTA 4 CUBA - DIEGO ARENAS;RUTA CUBA
35040.0;CORALINA (CUBA);4.8011412353453755;-75.74758710510899;RUTA 4 CUBA - DIEGO ARENAS;RUTA CUBA
35041.0;COROCITO;4.80977434072148;-75.6863804263868;RUTA 2 CENTRO - DIEGO PATIÑO;RUTA CENTRO
35042.0;CRISTALES (CUBA);4.803793129856125;-75.73532753710262;RUTA 4 CUBA - DIEGO ARENAS;RUTA CUBA
35043.0;CUBA CENTRO;4.805688475688093;-75.7365897306495;RUTA 4 CUBA - DIEGO ARENAS;RUTA CUBA
35044.0;DEPARTAMENTO;4.794543353286152;-75.72933325039182;RUTA 4.1 CUBA - DIEGO ARENAS;RUTA CUBA
35045.0;DOSQUEBRADAS;4.832503394805072;-75.67047056923325;RUTA 1 DOSQ - JUAN PADILLA;DOSQUEBRADAS
35046.0;EDEN (CUBA);4.794252751782186;-75.73570294574053;RUTA 4 CUBA - DIEGO ARENAS;RUTA CUBA
35047.0;EL BOSQUE (ALAMOS);4.793110692337231;-75.68608860072001;RUTA 2 CENTRO - DIEGO PATIÑO;RUTA CENTRO
35048.0;EL CARDAL (CUBA);4.792143119960702;-75.73399378359493;RUTA 4 CUBA - DIEGO ARENAS;RUTA CUBA
35049.0;EL CHICO KENEDY;4.804957115143925;-75.6674022678326;RUTA 2 CENTRO - DIEGO PATIÑO;RUTA CENTRO
35050.0;EL CHICO RESTREPO;4.80478476588243;-75.66795088412636;RUTA 2 CENTRO - DIEGO PATIÑO;RUTA CENTRO
35051.0;EL EDEN;4.793888855187377;-75.73572248131887;RUTA 4 CUBA - DIEGO ARENAS;RUTA CUBA
35052.0;EL LAGO;4.812259845598176;-75.69803919299002;RUTA 3 CENTRO - LUIS GALLEGO;RUTA CENTRO
35053.0;EL MARTILLO;4.836767654924332;-75.66406717760978;RUTA 1 DOSQ - JUAN PADILLA;DOSQUEBRADAS
35056.0;EL PLUMON;4.812036893755487;-75.7312245878068;RUTA 4 CUBA - DIEGO ARENAS;RUTA CUBA
35057.0;EL TRIUNFO;4.81791990747013;-75.71788195568158;RUTA 3 CENTRO - LUIS GALLEGO;RUTA CENTRO
35058.0;GALAN (CENTRO);4.8207840328924885;-75.70564748629249;RUTA 3 CENTRO - LUIS GALLEGO;RUTA CENTRO
35059.0;GALICIA;4.8088765585976265;-75.80109074376861;RUTA 3 CERRITOS L Y M - LUIS GALLEGO;LA VIRGINIA - BELMONTE BAJO
35060.0;GAMA (CUBA);4.805793167373487;-75.74547607207376;RUTA 4 CUBA - DIEGO ARENAS;RUTA CUBA
35062.0;GIBRALTAR;4.790642798071503;-75.73296068452154;RUTA 4 CUBA - DIEGO ARENAS;RUTA CUBA
35063.0;GIRASOLES (CUBA);4.793655478649224;-75.73509292437988;RUTA 4 CUBA - DIEGO ARENAS;RUTA CUBA
35064.0;LA GRACIELA;4.827145739503343;-75.69797986485318;RUTA 5 DOSQ JUAN PABLO M,J,S;DOSQUEBRADAS
35065.0;GUADALUPE (CUBA);4.801557095060616;-75.73221988594563;RUTA 4 CUBA - DIEGO ARENAS;RUTA CUBA
35066.0;GUADUALES;4.834352484860442;-75.69263406974294;RUTA 5 DOSQ JUAN PABLO M,J,S;DOSQUEBRADAS
35067.0;GUALANDAY (CENTRO);4.819600691571658;-75.70011997235515;RUTA 3 CENTRO - LUIS GALLEGO;RUTA CENTRO
35068.0;GUAYACANES;4.795298416504523;-75.73624231787791;RUTA 4 CUBA - DIEGO ARENAS;RUTA CUBA
35069.0;HABANA;4.800373386333659;-75.73343675411515;RUTA 4 CUBA - DIEGO ARENAS;RUTA CUBA
35070.0;HAMBURGO;4.801364778372092;-75.70359849457436;RUTA 2 CENTRO - DIEGO PATIÑO;RUTA CENTRO
35071.0;HEROES;4.797844428454286;-75.73212535253565;RUTA 4 CUBA - DIEGO ARENAS;RUTA CUBA
35073.0;INDEPENDIENTES (2500 LTS);4.79382664642827;-75.72924772482033;RUTA 4 CUBA - DIEGO ARENAS;RUTA CUBA
35074.0;EL JAPON;4.817250776837892;-75.67941408905675;RUTA 1 DOSQ - JUAN PADILLA;DOSQUEBRADAS
35075.0;JARDIN;4.809824428944952;-75.712968724086;RUTA 2 CENTRO - DIEGO PATIÑO;RUTA CENTRO
35076.0;JARDINES DE MILAN;4.829363071932541;-75.67717661844493;RUTA 1 DOSQ - JUAN PADILLA;DOSQUEBRADAS
35077.0;JOSE MARIA C;4.798353055333615;-75.73897257761969;RUTA 4 CUBA - DIEGO ARENAS;RUTA CUBA
35078.0;KENNEDY;4.808045488711111;-75.6719993877316;RUTA 2 PARQUE INDUS MI Y S DIEGO PATIÑO;RUTA CENTRO
35079.0;LA BADEA;4.824894065452876;-75.69562796560217;RUTA 5 DOSQ JUAN PABLO M,J,S;DOSQUEBRADAS
35080.0;LA COLINA;4.832395026016098;-75.66356714934014;RUTA 1 DOSQ - JUAN PADILLA;DOSQUEBRADAS
35081.0;LA DIVISA (CUBA);4.8042421901212995;-75.72800422527438;RUTA 4 CUBA - DIEGO ARENAS;RUTA CUBA
35082.0;LA ESPERANZA;4.819647270444075;-75.70562756863153;RUTA 3 CENTRO - LUIS GALLEGO;RUTA CENTRO
35083.0;LA FLORESTA (CUBA);4.801795542052271;-75.73493180385059;RUTA 4 CUBA - DIEGO ARENAS;RUTA CUBA
35084.0;LA FRANCIA (2500 LTS);4.794580904962201;-75.72993864699775;RUTA 4 CUBA - DIEGO ARENAS;RUTA CUBA
35086.0;LA ISLA;4.801011189451867;-75.73907931515195;RUTA 4 CUBA - DIEGO ARENAS;RUTA CUBA
35090.0;LA ROMELIA;4.857449665589696;-75.65634027098459;RUTA 5 DOSQ JUAN PABLO L,MI,V;DOSQUEBRADAS
35091.0;LA SULTANA;4.8187621081357;-75.67605023539367;RUTA 1 DOSQ - JUAN PADILLA;DOSQUEBRADAS
35093.0;LA UNIDAD;4.794706943714502;-75.69715154550177;RUTA 2 CENTRO - DIEGO PATIÑO;RUTA CENTRO
35094.0;LA VICTORIA;4.813440925650495;-75.70305547676443;RUTA 3 CENTRO - LUIS GALLEGO;RUTA CENTRO
35095.0;LA VILLA (CUBA);4.805761126589485;-75.74781123478466;RUTA 4 CUBA - DIEGO ARENAS;RUTA CUBA
35096.0;LAS GAVIOTAS;4.797273770879753;-75.69723619214253;RUTA 2 CENTRO - DIEGO PATIÑO;RUTA CENTRO
35097.0;LAS MERCEDES;4.80442775100769;-75.73390127485133;RUTA 4 CUBA - DIEGO ARENAS;RUTA CUBA
35098.0;LAURELES;4.799591701826815;-75.73950708569394;RUTA 4 CUBA - DIEGO ARENAS;RUTA CUBA
35099.0;LIBERTADOR (2500 LTS);4.797962799375105;-75.73441735043221;RUTA 4 CUBA - DIEGO ARENAS;RUTA CUBA
35100.0;LIBERTADORES (CUCHILLA);4.797495358409966;-75.73541413939148;RUTA 4 CUBA - DIEGO ARENAS;RUTA CUBA
35101.0;LORENA;4.805891207730605;-75.69754847892517;RUTA 2 CENTRO - DIEGO PATIÑO;RUTA CENTRO
35102.0;LOS CEDROS;4.808736685444657;-75.71340467150414;RUTA 2 CENTRO - DIEGO PATIÑO;RUTA CENTRO
35103.0;LOS MOLINOS;4.8327533080642535;-75.667274462093;RUTA 1 DOSQ - JUAN PADILLA;DOSQUEBRADAS
35104.0;LOS OLIVOS;4.830985835830643;-75.6868635245581;RUTA 5 DOSQ JUAN PABLO M,J,S;DOSQUEBRADAS
35105.0;LOS PINOS CUBA;4.803057622672887;-75.73434254505587;RUTA 4 CUBA - DIEGO ARENAS;RUTA CUBA
35106.0;MARAYA;4.813765362500249;-75.71724348175424;RUTA 3 CENTRO - LUIS GALLEGO;RUTA CENTRO
35107.0;MEJIA ROBLEDO;4.805619772486912;-75.6952854470959;RUTA 2 CENTRO - DIEGO PATIÑO;RUTA CENTRO
35108.0;METROPOLITANO 2500 LTS;4.797986047891513;-75.7327416641841;RUTA 4 CUBA - DIEGO ARENAS;RUTA CUBA
35109.0;MILAN RUBIO;4.8208937374993885;-75.70030871130096;RUTA 3 CENTRO - LUIS GALLEGO;RUTA CENTRO
35111.0;MONTELIBANO;4.789331724209715;-75.72657520554634;RUTA 4 CUBA - DIEGO ARENAS;RUTA CUBA
35112.0;NACEDEROS;4.815209914542273;-75.71185472239644;RUTA 3 CENTRO - LUIS GALLEGO;RUTA CUBA
35113.0;NARANJITOS;4.798869141622828;-75.72477880482377;RUTA 4 CUBA - DIEGO ARENAS;RUTA CUBA
35114.0;NARANJOS;4.840410051717166;-75.66861649189208;RUTA 5 DOSQ JUAN PABLO L,MI,V;DOSQUEBRADAS
35115.0;NAVARRA;;;RUTA 4.1 CUBA - DIEGO ARENAS;RUTA CUBA
35116.0;OLIMPICO (GAMA);4.804204079598974;-75.7458228629781;RUTA 4 CUBA - DIEGO ARENAS;RUTA CUBA
35118.0;PABLO SEXTO;4.834297424464689;-75.66418331568451;RUTA 1 DOSQ - JUAN PADILLA;DOSQUEBRADAS
35120.0;PALERMO;4.802294886948605;-75.69924119164887;RUTA 2 CENTRO - DIEGO PATIÑO;RUTA CENTRO
35121.0;PANORAMA;4.802001195769374;-75.72805312783805;RUTA 4 CUBA - DIEGO ARENAS;RUTA CUBA
35122.0;PARQUE INDUSTRIAL;4.822586642032032;-75.72669900079225;RUTA 2 PARQUE INDUS MI Y S DIEGO PATIÑO;RUTA CENTRO
35124.0;EL PEÑOL;4.821277625511185;-75.70154576846188;RUTA 3 CENTRO - LUIS GALLEGO;RUTA CENTRO
35126.0;PERLA DEL SUR (CUBA);4.797165802263192;-75.74635716411593;RUTA 4 CUBA - DIEGO ARENAS;RUTA CUBA
35127.0;PINARES;4.803962660279703;-75.69013702683506;RUTA 2 CENTRO - DIEGO PATIÑO;RUTA CENTRO
35128.0;PIZAMO-KENEDY;4.807818872914741;-75.67322748145642;RUTA 2 PARQUE INDUS MI Y S DIEGO PATIÑO;RUTA CENTRO
35129.0;LA PLAYA;4.8068229307177495;-75.74041369992007;RUTA 4.1 CUBA - DIEGO ARENAS;RUTA CUBA
35130.0;POBLADO;4.802913391522763;-75.70661441143241;RUTA 2 CENTRO - DIEGO PATIÑO;RUTA CENTRO
35131.0;POPULAR MODELO;4.8091493509932235;-75.68013279773295;RUTA 2 CENTRO - DIEGO PATIÑO;RUTA CENTRO
35132.0;PORVENIR;4.8131192766545485;-75.70557964836755;RUTA 3 CENTRO - LUIS GALLEGO;RUTA CENTRO
35133.0;PRADERA;4.825414905724164;-75.67669587896036;RUTA 1 DOSQ - JUAN PADILLA;DOSQUEBRADAS
35135.0;PRIMAVERA AZUL;4.834802528490186;-75.66046974061518;RUTA 1 DOSQ - JUAN PADILLA;DOSQUEBRADAS
35136.0;PROGRESO;4.820237222448572;-75.7031215099715;RUTA 3 CENTRO - LUIS GALLEGO;RUTA CENTRO
35139.0;RAFAEL URIBE (CUBA);4.802683584241755;-75.7396593001956;RUTA 4 CUBA - DIEGO ARENAS;RUTA CUBA
35140.0;RINCON DE LA ESTACION;4.852558063138227;-75.66255838798129;RUTA 5 DOSQ JUAN PABLO L,MI,V;DOSQUEBRADAS
35142.0;EL ROCIO;4.798678934803494;-75.70205884781572;RUTA 2 CENTRO - DIEGO PATIÑO;RUTA CENTRO
35143.0;ROSALES CIRCUNVALAR;4.800109141085289;-75.69682182901799;RUTA 2 CENTRO - DIEGO PATIÑO;RUTA CENTRO
35144.0;SAMARIA;4.796457156025526;-75.70854848225774;RUTA 2 CENTRO - DIEGO PATIÑO;RUTA CENTRO
35146.0;SAN FELIPE (SAUCES);4.801601210675868;-75.73192692492763;RUTA 4 CUBA - DIEGO ARENAS;RUTA CUBA
35147.0;SAN FERNANDO;4.806659068949925;-75.73864030421845;RUTA 4 CUBA - DIEGO ARENAS;RUTA CUBA
35148.0;SAN JOAQUIN;4.791669191649268;-75.73744735387803;RUTA 4 CUBA - DIEGO ARENAS;RUTA CUBA
35149.0;SAN JORGE;4.818922721771325;-75.69880791207771;RUTA 3 CENTRO - LUIS GALLEGO;RUTA CENTRO
35150.0;SAN JOSE;4.8080681778662475;-75.69259422777662;RUTA 2 CENTRO - DIEGO PATIÑO;RUTA CENTRO
35151.0;SAN JUDAS;4.8143522375632495;-75.70103766526687;RUTA 2 CENTRO - DIEGO PATIÑO;DOSQUEBRADAS
35152.0;SAN LUIS;4.79566368448249;-75.69579529080595;RUTA 2 CENTRO - DIEGO PATIÑO;RUTA CENTRO
35153.0;SAN NICOLAS;4.808308654188413;-75.70327229032176;RUTA 2 CENTRO - DIEGO PATIÑO;RUTA CENTRO
35154.0;SANTA CLARA (CUBA);4.788505575700682;-75.73139858527267;RUTA 4 CUBA - DIEGO ARENAS;RUTA CUBA
35155.0;SANTA FE 2500 LOTES;4.8002490754792255;-75.7367636904499;RUTA 4 CUBA - DIEGO ARENAS;RUTA CUBA
35156.0;SANTA ISABEL;4.835906612069581;-75.68028777356639;RUTA 5 DOSQ JUAN PABLO M,J,S;DOSQUEBRADAS
35157.0;SANTA JUANA DE LAS VILLAS (CUBA);4.798708652586377;-75.75114077715556;RUTA 4 CUBA - DIEGO ARENAS;RUTA CUBA
35160.0;SANTA ROSA;4.813597563380945;-75.70733475531078;RUTA 1 SANTA ROSA - JUAN PADILLA;SANTA ROSA
35161.0;SANTA TERESITA (PEREIRA);4.8187418964478415;-75.6923274982623;RUTA 3 CENTRO - LUIS GALLEGO;RUTA CENTRO
35162.0;LOS SAUCES (CUBA);4.801867391130363;-75.73320431746183;RUTA 4 CUBA - DIEGO ARENAS;RUTA CUBA
35164.0;SINAI;4.801111987657375;-75.72158121654559;RUTA 2 CENTRO - DIEGO PATIÑO;RUTA CUBA
35165.0;SULTANA;4.8190497193235515;-75.67554722924874;RUTA 1 DOSQ - JUAN PADILLA;DOSQUEBRADAS
35166.0;TANAMBÍ;;;;RUTA CENTRO
35167.0;TERRANOVA (CUBA);4.799547495662224;-75.7284818407827;RUTA 4 CUBA - DIEGO ARENAS;RUTA CUBA
35168.0;TINAJAS (CUBA);4.791084764758514;-75.73604811619784;RUTA 4 CUBA - DIEGO ARENAS;RUTA CUBA
35169.0;TORRES DE SAN MATEO;4.807064147710409;-75.73285326057632;RUTA 4 CUBA - DIEGO ARENAS;RUTA CUBA
35170.0;TORRES DEL SOL;4.827109543830227;-75.68521429391375;RUTA 5 DOSQ JUAN PABLO M,J,S;DOSQUEBRADAS
35171.0;TULCAN II;4.796443945954584;-75.6975555429586;;RUTA CENTRO
35173.0;TURIN;4.815780054972629;-75.7141359440782;RUTA 3 CENTRO - LUIS GALLEGO;RUTA CENTRO
35174.0;URIBE;4.802710361075958;-75.73931628478441;RUTA 4 CUBA - DIEGO ARENAS;RUTA CUBA
35175.0;VALER;4.821898490083395;-75.68192842717436;RUTA 1 DOSQ - JUAN PADILLA;DOSQUEBRADAS
35176.0;VENECIA;4.80620930395445;-75.70048112966056;RUTA 2 CENTRO - DIEGO PATIÑO;RUTA CENTRO
35177.0;VICTORIA;4.8132404645827735;-75.70330450946605;RUTA 3 CENTRO - LUIS GALLEGO;RUTA CENTRO
35179.0;VILLA DEL PRADO;4.800633855812456;-75.70951200084811;RUTA 2 CENTRO - DIEGO PATIÑO;RUTA CENTRO
35181.0;BOSQUES STA MONICA - CUBA;4.824205096898154;-75.7292343098287;RUTA 4 CUBA - DIEGO ARENAS;RUTA CUBA
35182.0;UR EL CARBONERO;4.848445608488625;-75.66115410116603;RUTA 5 DOSQ JUAN PABLO L,MI,V;DOSQUEBRADAS
35183.0;VILLA DEL CAMPO;4.8446957687770595;-75.66989290093487;RUTA 5 DOSQ JUAN PABLO L,MI,V;DOSQUEBRADAS
35184.0;BULEVAR (CUBA);4.800865483064866;-75.7412257717685;RUTA 4 CUBA - DIEGO ARENAS;RUTA CUBA
35185.0;PRIMAVERA;4.842488155482215;-75.67298859478898;RUTA 5 DOSQ JUAN PABLO L,MI,V;DOSQUEBRADAS
35187.0;SAN DIEGO;4.837548182361455;-75.66296589909936;RUTA 1 DOSQ - JUAN PADILLA;DOSQUEBRADAS
35188.0;LOS REYES;4.843218295281865;-75.67402054971559;RUTA 5 DOSQ JUAN PABLO L,MI,V;DOSQUEBRADAS
35189.0;SAN FELIX;4.841291467031154;-75.6752753948534;RUTA 5 DOSQ JUAN PABLO L,MI,V;DOSQUEBRADAS
35191.0;VILLA MERY;;;RUTA 2 CENTRO - DIEGO PATIÑO;RUTA CENTRO
35193.0;FRAILES;4.813423580127009;-75.6629066410838;RUTA 1 FRAILES - JUAN PADILLA;DOSQUEBRADAS
35194.0;EL BOHIO;4.834065194939443;-75.68308364181901;RUTA 5 DOSQ JUAN PABLO M,J,S;DOSQUEBRADAS
35195.0;QUINTAS DE SAN SEBASTIAN;;;;DOSQUEBRADAS
35196.0;MARACAY;4.827993638444847;-75.68166828798475;RUTA 5 DOSQ JUAN PABLO M,J,S;DOSQUEBRADAS
35197.0;LA MACARENA;4.827622262363432;-75.68928126280593;RUTA 5 DOSQ JUAN PABLO M,J,S;DOSQUEBRADAS
35198.0;GAITAN;4.81922280813668;-75.71322008057048;RUTA 3 CENTRO - LUIS GALLEGO;RUTA CENTRO
35200.0;SAN MARCOS (CUBA);4.791008509606183;-75.73864181860644;RUTA 4 CUBA - DIEGO ARENAS;RUTA CUBA
35201.0;VILLA NAVARRA (CUCHILLA);4.7914526776920905;-75.73044419893976;RUTA 4 CUBA - DIEGO ARENAS;RUTA CUBA
35202.0;NISSA;4.817404324669975;-75.69611619830994;RUTA 3 CENTRO - LUIS GALLEGO;RUTA CENTRO
35203.0;VILLA LIGIA (CUCHULLA);4.794826944128398;-75.73249969278135;RUTA 4 CUBA - DIEGO ARENAS;RUTA CUBA
35205.0;LA POPA;4.819901674853056;-75.6843012601883;RUTA 1 DOSQ - JUAN PADILLA;DOSQUEBRADAS
35206.0;QUINTAS DEL CAMPESTRE;4.833097963457123;-75.68727116051824;RUTA 5 DOSQ JUAN PABLO M,J,S;DOSQUEBRADAS
35207.0;LA OKARINA;4.815425010671856;-75.67501504723968;RUTA 1 DOSQ - JUAN PADILLA;DOSQUEBRADAS
35208.0;VILLA LAURA;4.816046526047233;-75.67677966736719;RUTA 1 DOSQ - JUAN PADILLA;DOSQUEBRADAS
35210.0;MOLINOS;4.832648354397399;-75.66642381502749;RUTA 1 DOSQ - JUAN PADILLA;DOSQUEBRADAS
35211.0;VILLA ELKIN;4.815480343354688;-75.67675792230652;RUTA 1 DOSQ - JUAN PADILLA;DOSQUEBRADAS
35212.0;QUINTAS DEL JARDIN COLONIAL;4.830896515697415;-75.66751609231055;RUTA 1 DOSQ - JUAN PADILLA;DOSQUEBRADAS
35213.0;BOSQUES DE MILAN;4.828763150715637;-75.67305200642916;RUTA 1 DOSQ - JUAN PADILLA;DOSQUEBRADAS
35215.0;LLANO AZUL;4.846258763041347;-75.65901131870868;RUTA 1 DOSQ - JUAN PADILLA;DOSQUEBRADAS
35216.0;LOS PINOS DOS/DAS;4.860599762576904;-75.66129977089818;RUTA 5 DOSQ JUAN PABLO L,MI,V;DOSQUEBRADAS
35217.0;TEJARES DE LA LOMA;4.853705805357135;-75.66243978814038;RUTA 5 DOSQ JUAN PABLO L,MI,V;DOSQUEBRADAS
35218.0;VILLA ELIZA (SAUCES CUBA);4.80061897124881;-75.73132792134145;RUTA 4 CUBA - DIEGO ARENAS;RUTA CUBA
35219.0;JUPITER;4.85107336477631;-75.65642721791055;RUTA 1 DOSQ - JUAN PADILLA;DOSQUEBRADAS
35220.0;LLANO GRANDE;4.8252159869937605;-75.73380882868845;RUTA 2 PARQUE INDUS MI Y S DIEGO PATIÑO;RUTA CENTRO
35221.0;MALAGA;4.825739894901173;-75.72851397082619;RUTA 2 PARQUE INDUS MI Y S DIEGO PATIÑO;RUTA CENTRO
35222.0;GAVIOTAS;4.79768932288379;-75.69772631859145;RUTA 2 CENTRO - DIEGO PATIÑO;RUTA CENTRO
35223.0;VILLA COLOMBIA;4.795401496949281;-75.69692171541132;RUTA 2 CENTRO - DIEGO PATIÑO;RUTA CENTRO
35225.0;HACIENDA (CUBA);4.792254738647807;-75.72702580975626;RUTA 4 CUBA - DIEGO ARENAS;RUTA CUBA
35226.0;SAN ANTONIO 2;4.817711808226718;-75.71805531917714;RUTA 3 CENTRO - LUIS GALLEGO;RUTA CENTRO
35227.0;EL PROGRESO;4.831678515212594;-75.66850662151764;RUTA 1 DOSQ - JUAN PADILLA;DOSQUEBRADAS
35228.0;COLINAS DEL TRIUNFO;4.8183133444761514;-75.71638467587943;RUTA 3 CENTRO - LUIS GALLEGO;RUTA CENTRO
35229.0;MODELO;4.837835330687433;-75.66517658048795;RUTA 1 DOSQ - JUAN PADILLA;DOSQUEBRADAS
35230.0;GETSEMANI;4.81793684082789;-75.71215260029797;RUTA 3 CENTRO - LUIS GALLEGO;RUTA CENTRO
35231.0;CONSTRUCTORES;4.817679610167081;-75.7134034710396;RUTA 3 CENTRO - LUIS GALLEGO;RUTA CENTRO
35232.0;LENINGRADO (ETP 1);4.798580653567087;-75.73672900251093;RUTA 4 CUBA - DIEGO ARENAS;RUTA CUBA
35233.0;EL PRADO;4.819852807453886;-75.7095223239193;RUTA 3 CENTRO - LUIS GALLEGO;RUTA CENTRO
35234.0;EL DORADO;4.801286984966121;-75.71842282269529;RUTA 2 CENTRO - DIEGO PATIÑO;RUTA CUBA
35235.0;ORMAZA CENTRO;4.812521836482412;-75.67771947753252;RUTA 2 PARQUE INDUS MI Y S DIEGO PATIÑO;RUTA CENTRO
35236.0;SANTA ELENA;4.819607046458425;-75.71265050099267;RUTA 3 CENTRO - LUIS GALLEGO;RUTA CENTRO
35237.0;NORMANDIA;4.802463485582646;-75.72146100476293;RUTA 2 CENTRO - DIEGO PATIÑO;RUTA CUBA
35238.0;BOSQUES DE LA ACUARELA;4.855115724769364;-75.66176147356661;RUTA 5 DOSQ JUAN PABLO L,MI,V;DOSQUEBRADAS
35239.0;BOHIO;4.834176991948832;-75.68308614557593;RUTA 5 DOSQ JUAN PABLO M,J,S;DOSQUEBRADAS
35240.0;SALVADOR ALLENDE;4.8197339682891025;-75.70438338309785;RUTA 3 CENTRO - LUIS GALLEGO;RUTA CENTRO
35241.0;SAN ANTONIO 1;4.81771200979316;-75.7170980508984;RUTA 2 CENTRO - DIEGO PATIÑO;RUTA CENTRO
35243.0;SANTA TERESITA;4.842794722631473;-75.66588477998263;RUTA 5 DOSQ JUAN PABLO L,MI,V;DOSQUEBRADAS
35244.0;SAN FERNANDO;4.83613352449209;-75.6667692838597;RUTA 1 DOSQ - JUAN PADILLA;DOSQUEBRADAS
35245.0;SANTA MONICA;4.82273990897047;-75.67841608825057;RUTA 1 DOSQ - JUAN PADILLA;DOSQUEBRADAS
35246.0;VILLA DEL ROCIO;4.794931813694145;-75.72917225741179;RUTA 4 CUBA - DIEGO ARENAS;RUTA CUBA
35247.0;ALTA GRACIA (CUBA);4.797803927469033;-75.72592348126459;;RUTA CUBA
35248.0;COMFAMILIAR CUBA;4.796253638371823;-75.73745540715076;RUTA 4 CUBA - DIEGO ARENAS;RUTA CUBA
35249.0;PUEBLITO CAFETERO (CUBA);4.800135424694393;-75.74644461860173;RUTA 4 CUBA - DIEGO ARENAS;RUTA CUBA
35250.0;INDEPENDENCIA (CUBA);4.8052387040919475;-75.73499719492625;RUTA 4 CUBA - DIEGO ARENAS;RUTA CUBA
35251.0;OLIVOS DOSQUEBRADA;4.811353825337007;-75.70591691299504;RUTA 1 DOSQ - JUAN PADILLA;DOSQUEBRADAS
35252.0;VILLA ALICIA;4.8112368741869584;-75.73456528142057;;RUTA CUBA
35253.0;ORMAZA CUBA;4.804914206634979;-75.7415022116647;RUTA 4 CUBA - DIEGO ARENAS;RUTA CUBA
35254.0;GUADALUPE;4.836199855260197;-75.67348788763957;RUTA 5 DOSQ JUAN PABLO L,MI,V;DOSQUEBRADAS
35255.0;PARAISO;4.80252996;-75.73943419;RUTA 4.1 CUBA - DIEGO ARENAS;RUTA CUBA
35256.0;POBLADO SANTA ISABEL;4.8379393;-75.6778619;;DOSQUEBRADAS
35257.0;CONSOTA 2500 LOTES;4.798220337427856;-75.7318729606682;RUTA 4 CUBA - DIEGO ARENAS;RUTA CUBA
35258.0;VILLA DEL BOSQUE (SAUCES CUBA);4.79952760066659;-75.72983754817804;RUTA 4 CUBA - DIEGO ARENAS;RUTA CUBA
35260.0;BOSQUES DE LA SALLE;;;RUTA 2 CENTRO - DIEGO PATIÑO;RUTA CENTRO
35262.0;LA DULCERA;4.805790511561472;-75.70125731311434;RUTA 2 CENTRO - DIEGO PATIÑO;RUTA CENTRO
35263.0;CERRITOS;4.809265253012845;-75.77627770771595;RUTA 3 CERRITOS L Y M - LUIS GALLEGO;LA VIRGINIA - BELMONTE BAJO
35264.0;AVENIDA DEL RIO;4.818998214035311;-75.69481750640406;RUTA 3 CENTRO - LUIS GALLEGO;RUTA CENTRO
35265.0;SANTA CLARA DE LAS VILLAS (CUBA);4.798505852219495;-75.74479947357393;RUTA 4 CUBA - DIEGO ARENAS;RUTA CUBA
35266.0;GIRASOL;4.833648587707524;-75.66210512115067;RUTA 1 DOSQ - JUAN PADILLA;DOSQUEBRADAS
35267.0;GUAYACANES CUBA;4.79564341328138;-75.73633457741997;RUTA 4 CUBA - DIEGO ARENAS;RUTA CUBA
35268.0;GUAYACANES;4.843073678166912;-75.6708309438637;RUTA 5 DOSQ JUAN PABLO M,J,S;DOSQUEBRADAS
35269.0;CESAR NADER;4.806182677779562;-75.66990883833755;RUTA 2 PARQUE INDUS MI Y S DIEGO PATIÑO;RUTA CENTRO
35270.0;VILLA VERDE;4.793703999192895;-75.71168018615995;RUTA 2 CENTRO - DIEGO PATIÑO;RUTA CENTRO
35271.0;CIUDAD PEREIRA;4.797383349592396;-75.69477406323652;RUTA 2 CENTRO - DIEGO PATIÑO;RUTA CENTRO
35272.0;VILLAVICENCIO;4.812305811982457;-75.68413865150823;RUTA 2 CENTRO - DIEGO PATIÑO;RUTA CENTRO
35273.0;ESPERANZA CENTRO;4.819607983262374;-75.70552038903597;RUTA 3 CENTRO - LUIS GALLEGO;RUTA CENTRO
45033.0;CODELMAR EPT 2 (CUBA);4.797786177834758;-75.74368713520428;RUTA 4 CUBA - DIEGO ARENAS;RUTA CUBA
45167.0;TERRANOVA PEREIRA;4.799697699853916;-75.73156902249964;RUTA 4 CUBA - DIEGO ARENAS;RUTA CUBA
45274.0;30 DE AGOSTO CENTRO;4.8113254636346605;-75.7061338912109;RUTA 3 CENTRO - LUIS GALLEGO;RUTA CENTRO
45275.0;TULCAN 1;4.796667214036391;-75.69598175669718;RUTA 2 CENTRO - DIEGO PATIÑO;RUTA CENTRO
45276.0;VILLA SANTANA;4.823174819171948;-75.68288514791212;RUTA 2 CENTRO - DIEGO PATIÑO;RUTA CENTRO
45277.0;LIMONAR;4.830488002302502;-75.69184294931385;RUTA 5 DOSQ JUAN PABLO M,J,S;DOSQUEBRADAS
45278.0;ALTOS DE LA CAPILLA;4.842802314210464;-75.65768386647673;RUTA 1 DOSQ - JUAN PADILLA;DOSQUEBRADAS
45279.0;LA MARIANA;4.849105264775026;-75.65792106439022;RUTA 1 DOSQ - JUAN PADILLA;DOSQUEBRADAS
45280.0;VENUS;4.846696577896399;-75.6574749853071;RUTA 1 DOSQ - JUAN PADILLA;DOSQUEBRADAS
45281.0;OLAYA HERRERA;4.807094809475903;-75.69602926208186;RUTA 2 CENTRO - DIEGO PATIÑO;RUTA CENTRO
45282.0;VILLA DEL SUR (CUCHILLA);4.792928181612374;-75.73143021931001;RUTA 4 CUBA - DIEGO ARENAS;RUTA CUBA
45283.0;CUCHILLA DE LOS CASTROS;4.795568601322174;-75.73366491335756;RUTA 4 CUBA - DIEGO ARENAS;RUTA CUBA
45285.0;PLAYA RICA;4.8419589982117985;-75.67349688072214;RUTA 5 DOSQ JUAN PABLO L,MI,V;DOSQUEBRADAS
45287.0;LA CAPILLA;4.843344237767617;-75.66038595904199;RUTA 1 DOSQ - JUAN PADILLA;DOSQUEBRADAS
45289.0;EL OSO (CUBA);4.802274301326995;-75.73839006238745;RUTA 4 CUBA - DIEGO ARENAS;RUTA CUBA
45291.0;PROGRESO;4.831830766997891;-75.66884585992717;RUTA 1 DOSQ - JUAN PADILLA;DOSQUEBRADAS
45294.0;QUINTAS DE LA ACUARELA (CUBA);4.800593414660976;-75.7306026174771;RUTA 4 CUBA - DIEGO ARENAS;RUTA CUBA
45295.0;DIVINO NIÑO;4.850978295369572;-75.65523373168735;RUTA 1 DOSQ - JUAN PADILLA;DOSQUEBRADAS
45297.0;LAS PALMAS;4.818793632938536;-75.71444785531209;RUTA 3 CENTRO - LUIS GALLEGO;RUTA CENTRO
45615.0;LOS NOGALES;4.8044732301812445;-75.73091869567268;RUTA 4 CUBA - DIEGO ARENAS;RUTA CUBA
45616.0;LIBERTADORES;4.8493589391896705;-75.6552038414958;RUTA 1 DOSQ - JUAN PADILLA;DOSQUEBRADAS
45617.0;OBRERO;4.817682317118011;-75.70272313878932;RUTA 3 CENTRO - LUIS GALLEGO;RUTA CENTRO
45620.0;VILLA CECILIA;4.803172078991672;-75.73008353519198;RUTA 4 CUBA - DIEGO ARENAS;RUTA CUBA
45622.0;5 DE OCTUBRE (CUBA);4.802987929599169;-75.73478155237679;RUTA 4 CUBA - DIEGO ARENAS;RUTA CUBA
45624.0;OLIMPIA (CUCHILLA);4.793691551640865;-75.73145888759551;RUTA 4 CUBA - DIEGO ARENAS;RUTA CUBA
45628.0;LOS CEREZOS;4.827417392785854;-75.68504576393059;;DOSQUEBRADAS
45630.0;CAMBULOS POPA;4.820484886020387;-75.680979323395;RUTA 1 DOSQ - JUAN PADILLA;DOSQUEBRADAS
45632.0;CERRO AZUL;4.840746946551424;-75.6622225139961;RUTA 1 DOSQ - JUAN PADILLA;DOSQUEBRADAS
45634.0;LAS VIOLETAS;4.822451764294818;-75.66271374192092;RUTA 1 FRAILES - JUAN PADILLA;DOSQUEBRADAS
45637.0;VERSALLES;4.839057078867623;-75.6647859960352;RUTA 1 DOSQ - JUAN PADILLA;DOSQUEBRADAS
45639.0;SANTIAGO LONDOÑO;4.812376644306672;-75.66380901146216;RUTA 1 FRAILES - JUAN PADILLA;DOSQUEBRADAS
45641.0;VILLA ALEXANDRA;4.825781119482332;-75.6970745099525;RUTA 5 DOSQ JUAN PABLO M,J,S;DOSQUEBRADAS
45642.0;CESAR AGUSTO D/DAS;4.851539218849169;-75.65447436641917;RUTA 1 DOSQ - JUAN PADILLA;DOSQUEBRADAS
45646.0;EL PROGRESO D/DAS;4.8322326164764675;-75.66929555127005;RUTA 1 DOSQ - JUAN PADILLA;DOSQUEBRADAS
45648.0;LARA BONILLA D/DAS;4.811567681520537;-75.66167589006346;RUTA 1 FRAILES - JUAN PADILLA;DOSQUEBRADAS
45649.0;URB. PIAMONTE D/DAS;4.85077340862277;-75.6538596533513;RUTA 1 DOSQ - JUAN PADILLA;DOSQUEBRADAS
45650.0;INDEPENDENCIA D/DAS;4.8502878409879715;-75.65486154399541;RUTA 1 DOSQ - JUAN PADILLA;DOSQUEBRADAS
45652.0;LA CAMPIÑA D/DAS;4.81962587364699;-75.68163701859419;RUTA 1 DOSQ - JUAN PADILLA;DOSQUEBRADAS
45654.0;ROSALES D/DAS;4.85481620572355;-75.6627872966847;RUTA 5 DOSQ JUAN PABLO M,J,S;DOSQUEBRADAS
45655.0;LAURELES D/DAS;4.85918425496453;-75.65900229976131;RUTA 5 DOSQ JUAN PABLO L,MI,V;DOSQUEBRADAS
45657.0;CONJUNTO AGUAZUL D/DAS;4.850240579992574;-75.66066254123592;RUTA 5 DOSQ JUAN PABLO L,MI,V;DOSQUEBRADAS
45658.0;LUIS CARLOS GALAN D/DAS;4.8476834365904375;-75.65441825120826;RUTA 1 DOSQ - JUAN PADILLA;DOSQUEBRADAS
45659.0;RESERVAS DE MILAN D/DAS;4.828574715791827;-75.6750727270907;RUTA 1 DOSQ - JUAN PADILLA;DOSQUEBRADAS
45661.0;LOS ALPES D/DAS;4.848197263378235;-75.65586597017726;RUTA 1 DOSQ - JUAN PADILLA;DOSQUEBRADAS
45662.0;AV SIMON BOLIVAR D/DAS;4.82490258685306;-75.67657173574216;RUTA 1 DOSQ - JUAN PADILLA;DOSQUEBRADAS
45663.0;URB. EL BOSQUE D/DAS;4.848310935077299;-75.66074749196011;;DOSQUEBRADAS
45664.0;GALAXIA D/DAS;4.857939712774237;-75.65882999935475;RUTA 5 DOSQ JUAN PABLO L,MI,V;DOSQUEBRADAS
45667.0;NVA GRANADA D/DAS;4.836788120158606;-75.66438490106557;RUTA 1 DOSQ - JUAN PADILLA;DOSQUEBRADAS
45670.0;EL CARBONERO D/DAS;4.848385265892643;-75.66112449030652;RUTA 5 DOSQ JUAN PABLO L,MI,V;DOSQUEBRADAS
45671.0;VILLA DEL CAMPESTRE D/DAS;4.831214866790392;-75.68767920073164;RUTA 5 DOSQ JUAN PABLO M,J,S;DOSQUEBRADAS
45672.0;QUINTAS DE ARAGON D/DAS;4.845439970571184;-75.67196394840491;RUTA 5 DOSQ JUAN PABLO L,MI,V;DOSQUEBRADAS
45673.0;JARDIN COLONIAL D/DAS;4.831130216372517;-75.6646461784695;RUTA 1 DOSQ - JUAN PADILLA;DOSQUEBRADAS
45676.0;URB. COLMENARES D/DAS;4.82857141202322;-75.67401658112756;RUTA 1 DOSQ - JUAN PADILLA;DOSQUEBRADAS
45677.0;ALAMEDA;4.848832507419716;-75.66668988880485;RUTA 5 DOSQ JUAN PABLO L,MI,V;DOSQUEBRADAS
45679.0;LOS LAGOS D/DAS;4.825844328365495;-75.66558986131157;RUTA 1 FRAILES - JUAN PADILLA;DOSQUEBRADAS
45680.0;MINUTO DE DIOS D/DAS;4.829031958372846;-75.69677971796224;RUTA 5 DOSQ JUAN PABLO M,J,S;DOSQUEBRADAS
45683.0;SAN JUAN CENTRO;4.820371927448049;-75.70087792329515;RUTA 3 CENTRO - LUIS GALLEGO;RUTA CENTRO
45684.0;BUENOS AIRES CENTRO;4.8097380780050445;-75.70476113926244;RUTA 3 CENTRO - LUIS GALLEGO;RUTA CENTRO
46054.0;ALTA VISTA (CUBA);4.7959566561763545;-75.74179086092148;RUTA 4 CUBA - DIEGO ARENAS;RUTA CUBA
46058.0;VENECIA CENTRO;4.814755961596056;-75.71177613119784;RUTA 3 CENTRO - LUIS GALLEGO;RUTA CENTRO
46060.0;LUIS ALBERTO DUQUE;4.822634915235595;-75.73701592440698;RUTA 2 PARQUE INDUS MI Y S DIEGO PATIÑO;RUTA CENTRO
46061.0;PUERTA DE ALCALA;4.792104768269441;-75.7405193762998;RUTA 4 CUBA - DIEGO ARENAS;RUTA CUBA
46063.0;VILLA NOHEMI;4.8081170086612115;-75.70039996459911;RUTA 2 CENTRO - DIEGO PATIÑO;RUTA CENTRO
46065.0;LA IDALIA;4.796668670619853;-75.72038060747754;RUTA 4 CUBA - DIEGO ARENAS;RUTA CUBA
46071.0;LAS ACACIAS;4.8556221122812255;-75.66306935261929;RUTA 5 DOSQ JUAN PABLO L,MI,V;DOSQUEBRADAS
46072.0;CUBA.;4.8045744734745695;-75.73891748697878;RUTA 4 CUBA - DIEGO ARENAS;RUTA CUBA
46073.0;SAN RAFAEL D/DAS;4.817425842297999;-75.67164137679413;RUTA 1 DOSQ - JUAN PADILLA;DOSQUEBRADAS
46074.0;OLAYA HERRERA;4.816693495585129;-75.67300801705557;RUTA 1 DOSQ - JUAN PADILLA;DOSQUEBRADAS
46075.0;REC 1;4.810774742775787;-75.69929146082984;EMPLEADOS PEI;
46076.0;REC 2;4.801973333333334;-75.71126166666667;EMPLEADOS PEI;
46077.0;VILLA CONSOTA;4.802101541336567;-75.72208588871153;RUTA 2 CENTRO - DIEGO PATIÑO;RUTA CUBA
46078.0;SINAI 2500 LTS;4.795805173602421;-75.73049476242618;RUTA 4 CUBA - DIEGO ARENAS;RUTA CUBA
46079.0;CENTRO 1;4.815858172475998;-75.6940175823676;RUTA 3 CENTRO - LUIS GALLEGO;RUTA CENTRO
46081.0;NUEVO MILENIUM;4.852677733415964;-75.66237427626446;RUTA 2 CENTRO - DIEGO PATIÑO;DOSQUEBRADAS
46082.0;PUERTO ALEGRE;4.786236770787991;-75.72476083205952;RUTA 4 CUBA - DIEGO ARENAS;RUTA CUBA
46084.0;CARTAGO;4.748416575931055;-75.91445622507855;RUTA 3 CARTAGO - LUIS GALLEGO;CARTAGO
46090.0;LA VIRGINIA;4.899743559316017;-75.88011146592132;RUTA 3 LA VIRGINIA - LUIS GALLEGO;LA VIRGINIA - BELMONTE BAJO
46091.0;QUINTAS DEL BOSQUE D/DAS;4.848481964680236;-75.66396622418048;RUTA 5 DOSQ JUAN PABLO L,MI,V;DOSQUEBRADAS
46094.0;LA PRADERA;4.8260842437721445;-75.67598685311921;RUTA 1 DOSQ - JUAN PADILLA;DOSQUEBRADAS
46166.0;OFICINA PEI;4.803309176990356;-75.70646854583423;EMPLEADOS PEI;
46181.0;SECTOR A PARQUE IND;4.823838338721846;-75.72702900960732;RUTA 2 PARQUE INDUS MI Y S DIEGO PATIÑO;RUTA CENTRO
46182.0;SECTOR B PARQUE IND;4.822413112603339;-75.72500424199849;RUTA 2 PARQUE INDUS MI Y S DIEGO PATIÑO;RUTA CENTRO
46183.0;SECTOR C PARQUE IND;4.820567699501328;-75.72658596876026;RUTA 2 PARQUE INDUS MI Y S DIEGO PATIÑO;RUTA CENTRO
46184.0;SECTOR D PARQUE IND;4.820445914630657;-75.73013743690325;RUTA 2 PARQUE INDUS MI Y S DIEGO PATIÑO;RUTA CENTRO
46185.0;SECTOR E PARQUE IND;4.820486278649727;-75.73356974590126;RUTA 2 PARQUE INDUS MI Y S DIEGO PATIÑO;RUTA CENTRO
46191.0;BELMONTE BAJO (VIA CERRITOS);4.811562130163298;-75.77443128883851;RUTA 3 CERRITOS L Y M - LUIS GALLEGO;LA VIRGINIA - BELMONTE BAJO
46193.0;CAMPESTRE A;4.8326087435456895;-75.68290535208631;RUTA 5 DOSQ JUAN PABLO M,J,S;DOSQUEBRADAS
46194.0;CAMPESTRE B;4.832885390057095;-75.68951241341922;RUTA 5 DOSQ JUAN PABLO M,J,S;DOSQUEBRADAS
46197.0;CAMPESTRE C;4.834011027711042;-75.69283778391186;RUTA 5 DOSQ JUAN PABLO M,J,S;DOSQUEBRADAS
46199.0;CAMPESTRE D;4.829993300442484;-75.68494540973272;RUTA 5 DOSQ JUAN PABLO L,MI,V;DOSQUEBRADAS
46223.0;SAN JACINTO;4.799676448054908;-75.71318397109572;RUTA 2 CENTRO - DIEGO PATIÑO;RUTA CENTRO
46232.0;SECTOR E PARQUE INDUSTRIAL;4.8204830461790715;-75.73361328834241;RUTA 2 PARQUE INDUS MI Y S DIEGO PATIÑO;RUTA CENTRO
46233.0;GUADACANAL - CUBA;4.789679320074189;-75.72999118785685;RUTA 4 CUBA - DIEGO ARENAS;RUTA CUBA
46238.0;20 DE JULIO;4.81364304054915;-75.68200888392361;RUTA 2 PARQUE INDUS MI Y S DIEGO PATIÑO;RUTA CENTRO
46239.0;HERNANDO VELEZ;4.812127139289842;-75.67996164740454;RUTA 2 PARQUE INDUS MI Y S DIEGO PATIÑO;RUTA CENTRO
46268.0;MOLIVENTO;4.829937726276496;-75.66815005943613;RUTA 1 DOSQ - JUAN PADILLA;DOSQUEBRADAS
46305.0;LA HERMOSA I;4.872029126933389;-75.63047232701732;RUTA 1 SANTA ROSA - JUAN PADILLA;SANTA ROSA
46306.0;LA HERMOSA II;4.873098400760947;-75.63013688910935;RUTA 1 SANTA ROSA - JUAN PADILLA;SANTA ROSA
46308.0;LA HERMOSA VIII;4.876966376744002;-75.63051236740085;RUTA 1 SANTA ROSA - JUAN PADILLA;SANTA ROSA
46309.0;LA HERMOSA III;4.867758737836488;-75.63146766535935;RUTA 1 SANTA ROSA - JUAN PADILLA;SANTA ROSA
46310.0;LA HERMOSA IV;4.869015068624954;-75.62975630882592;RUTA 1 SANTA ROSA - JUAN PADILLA;SANTA ROSA
46311.0;LA HERMOSA V;4.86983163562304;-75.63043437310888;RUTA 1 SANTA ROSA - JUAN PADILLA;SANTA ROSA
46314.0;LOS ANGELES;4.87642879618611;-75.6302351298655;RUTA 1 SANTA ROSA - JUAN PADILLA;SANTA ROSA
46320.0;VILLA DIANA;4.873013251472815;-75.63068440001062;RUTA 1 SANTA ROSA - JUAN PADILLA;SANTA ROSA
46321.0;FERMIN LOPEZ;4.874042256448088;-75.6309485269437;RUTA 1 SANTA ROSA - JUAN PADILLA;SANTA ROSA
46323.0;LINARES;4.8744551010378006;-75.63049037305048;RUTA 1 SANTA ROSA - JUAN PADILLA;SANTA ROSA
46327.0;VERACRUZ;4.863126925604448;-75.61355703155611;RUTA 1 SANTA ROSA - JUAN PADILLA;SANTA ROSA
46329.0;PARAÍSO;4.8622025870030825;-75.6164136528926;RUTA 1 SANTA ROSA - JUAN PADILLA;SANTA ROSA
46330.0;OSANAR SANTA RODA;4.86221159711671;-75.61650315445631;RUTA 1 SANTA ROSA - JUAN PADILLA;SANTA ROSA
46331.0;BOLÍVAR;4.863368878743009;-75.61800345609291;RUTA 1 SANTA ROSA - JUAN PADILLA;SANTA ROSA
46332.0;CENTRO;4.866851079902557;-75.62128197821373;RUTA 1 SANTA ROSA - JUAN PADILLA;SANTA ROSA
46333.0;COLINAS DEL ROSARIO;4.79667;-75.7094065;RUTA 1 SANTA ROSA - JUAN PADILLA;SANTA ROSA
46334.0;LOS SAUCES;4.87611941;-75.62592235;RUTA 1 SANTA ROSA - JUAN PADILLA;SANTA ROSA
46335.0;SAN LUIS GONZAGA;4.877849937200324;-75.625551793157;RUTA 1 SANTA ROSA - JUAN PADILLA;SANTA ROSA
46336.0;CAMELO;4.873738602163044;-75.6214604996316;RUTA 1 SANTA ROSA - JUAN PADILLA;SANTA ROSA
46339.0;VETANEA;4.879402497943248;-75.62460254621115;RUTA 1 SANTA ROSA - JUAN PADILLA;SANTA ROSA
46340.0;EL TRIUNFO;4.883516206790901;-75.62428880287723;RUTA 1 SANTA ROSA - JUAN PADILLA;SANTA ROSA
46342.0;LOS ANDES;4.866023365115952;-75.61741534884729;RUTA 1 SANTA ROSA - JUAN PADILLA;SANTA ROSA
46343.0;CARMELO;4.869395075465058;-75.61849048620552;RUTA 1 SANTA ROSA - JUAN PADILLA;SANTA ROSA
46346.0;LOS PINOS;4.870190618143085;-75.61971413012311;RUTA 1 SANTA ROSA - JUAN PADILLA;SANTA ROSA
46347.0;LA FLORA;4.87065939008541;-75.6222190228239;RUTA 1 SANTA ROSA - JUAN PADILLA;SANTA ROSA
46348.0;GUAYACANES;;;RUTA 1 SANTA ROSA - JUAN PADILLA;SANTA ROSA
46350.0;SAN VICENTE;4.872869593524329;-75.62499595667386;RUTA 1 SANTA ROSA - JUAN PADILLA;SANTA ROSA
46352.0;MANANTIAL;4.881478159810066;-75.6242884643282;RUTA 1 SANTA ROSA - JUAN PADILLA;SANTA ROSA
46353.0;EL VERGEL;4.8862242114090595;-75.62519105486012;RUTA 1 SANTA ROSA - JUAN PADILLA;SANTA ROSA
46355.0;MONSERRATE;4.811206425423238;-75.70595871526587;RUTA 1 SANTA ROSA - JUAN PADILLA;SANTA ROSA
46356.0;TANGARIFE;4.902969852055591;-75.88123965544257;RUTA 3 LA VIRGINIA - LUIS GALLEGO;LA VIRGINIA - BELMONTE BAJO
46358.0;PÍO XLL;4.902001892126278;-75.87966986848527;RUTA 3 LA VIRGINIA - LUIS GALLEGO;LA VIRGINIA - BELMONTE BAJO
46359.0;SANTA FE;4.90210193025073;-75.88227091313678;RUTA 3 LA VIRGINIA - LUIS GALLEGO;LA VIRGINIA - BELMONTE BAJO
46360.0;EL PRADO;4.901578171845761;-75.88171939778678;RUTA 3 LA VIRGINIA - LUIS GALLEGO;LA VIRGINIA - BELMONTE BAJO
46361.0;LA ESTACIÓN;4.867459749329073;-75.6241202976806;RUTA 1 SANTA ROSA - JUAN PADILLA;SANTA ROSA
46364.0;LOS ALMENDROS;4.901352432900242;-75.88217987847848;RUTA 3 LA VIRGINIA - LUIS GALLEGO;LA VIRGINIA - BELMONTE BAJO
46367.0;BALSILLAS;4.898802619237442;-75.88213147948302;RUTA 3 LA VIRGINIA - LUIS GALLEGO;LA VIRGINIA - BELMONTE BAJO
46368.0;LA MILAGROSA;4.89279480673364;-75.87188453616994;RUTA 3 LA VIRGINIA - LUIS GALLEGO;LA VIRGINIA - BELMONTE BAJO
46369.0;OBRERO;4.900933946044541;-75.88265149037484;RUTA 3 LA VIRGINIA - LUIS GALLEGO;LA VIRGINIA - BELMONTE BAJO
46370.0;SIGIFREDO ZULETA;4.9014088193378145;-75.87899023403763;RUTA 3 LA VIRGINIA - LUIS GALLEGO;LA VIRGINIA - BELMONTE BAJO
46375.0;RESTREPO;4.897165442466155;-75.88219541010515;RUTA 3 LA VIRGINIA - LUIS GALLEGO;LA VIRGINIA - BELMONTE BAJO
46376.0;LA PLAYA;4.896440662759421;-75.88562402218633;RUTA 3 LA VIRGINIA - LUIS GALLEGO;LA VIRGINIA - BELMONTE BAJO
46377.0;SIMÓN BOLÍVAR (KENEDY);4.804043611435056;-75.6664250665081;RUTA 2 CENTRO - DIEGO PATIÑO;LA VIRGINIA - BELMONTE BAJO
46378.0;BAVARIA;4.893317345397625;-75.88363275324036;RUTA 3 LA VIRGINIA - LUIS GALLEGO;LA VIRGINIA - BELMONTE BAJO
46379.0;SAN ANTONIO;4.892499435220348;-75.8808484443864;RUTA 3 LA VIRGINIA - LUIS GALLEGO;LA VIRGINIA - BELMONTE BAJO
46381.0;SAN FERNANDO;4.893375441064778;-75.88364123509542;RUTA 3 LA VIRGINIA - LUIS GALLEGO;LA VIRGINIA - BELMONTE BAJO
46383.0;BUENOS AIRES;4.898860373951721;-75.88444516302467;RUTA 3 LA VIRGINIA - LUIS GALLEGO;LA VIRGINIA - BELMONTE BAJO
46385.0;LA UNIÓN ( );4.863154314589257;-75.62139119631847;RUTA 1 SANTA ROSA - JUAN PADILLA;SANTA ROSA
46387.0;MAGDALENA;4.895566565287098;-75.88091385043244;RUTA 3 LA VIRGINIA - LUIS GALLEGO;LA VIRGINIA - BELMONTE BAJO
46388.0;SAN CAYETANO;4.894104726128747;-75.88011029249098;RUTA 3 LA VIRGINIA - LUIS GALLEGO;LA VIRGINIA - BELMONTE BAJO
46389.0;MAGDALENA;4.897520378203511;-75.88062274400752;RUTA 3 LA VIRGINIA - LUIS GALLEGO;LA VIRGINIA - BELMONTE BAJO
46394.0;ALFONZO LOPEZ;4.8974014715773535;-75.88355184141112;RUTA 3 LA VIRGINIA - LUIS GALLEGO;LA VIRGINIA - BELMONTE BAJO
46395.0;EL PROGRESO;4.900765872895192;-75.88660700370306;RUTA 3 LA VIRGINIA - LUIS GALLEGO;LA VIRGINIA - BELMONTE BAJO
46399.0;LIBERTADORES;4.82393661441603;-75.77874418120831;RUTA 3 LA VIRGINIA - LUIS GALLEGO;LA VIRGINIA - BELMONTE BAJO
46405.0;CAIMALITO CENTRO;4.886611094070371;-75.87830946507046;RUTA 3 LA VIRGINIA - LUIS GALLEGO;LA VIRGINIA - BELMONTE BAJO
46408.0;PUERTO CALDAS;4.7617547980635955;-75.89859502240066;RUTA 3 CARTAGO - LUIS GALLEGO;CARTAGO
46410.0;ORTEZ;4.756061282620877;-75.89949683079172;RUTA 3 CARTAGO - LUIS GALLEGO;CARTAGO
46412.0;SAN FERNANDO;4.752584104079152;-75.90314028502024;RUTA 3 CARTAGO - LUIS GALLEGO;CARTAGO
46413.0;LA ESPERANZA;4.749699815172786;-75.89917316340323;RUTA 3 CARTAGO - LUIS GALLEGO;CARTAGO
46414.0;ALAMEDA;4.7527690708952886;-75.89855573085441;RUTA 3 CARTAGO - LUIS GALLEGO;CARTAGO
46415.0;BRISAS DEL RIO;4.754999333010765;-75.89854255591499;RUTA 3 CARTAGO - LUIS GALLEGO;CARTAGO
46416.0;VILLA NORA;4.8770098933548;-75.62846056758659;RUTA 1 SANTA ROSA - JUAN PADILLA;SANTA ROSA
46417.0;HORIZONTE;4.754437186269189;-75.90033575410557;RUTA 3 CARTAGO - LUIS GALLEGO;CARTAGO
46418.0;EL PARAISO;4.755160407951157;-75.90096792327724;RUTA 3 CARTAGO - LUIS GALLEGO;CARTAGO
46421.0;SAN VICENTE;4.754591553139842;-75.90225272036558;RUTA 3 CARTAGO - LUIS GALLEGO;CARTAGO
46422.0;COLLAREJO;4.751859472509969;-75.90442718249895;RUTA 3 CARTAGO - LUIS GALLEGO;CARTAGO
46423.0;SANTA ANA;4.755183418558767;-75.9262038792537;RUTA 3 CARTAGO - LUIS GALLEGO;CARTAGO
46424.0;BAIRON GAVIRIA;4.904503896173095;-75.88235438074334;RUTA 3 LA VIRGINIA - LUIS GALLEGO;LA VIRGINIA - BELMONTE BAJO
46425.0;MELQUISEDEC;4.759665614999436;-75.89770977264102;RUTA 3 CARTAGO - LUIS GALLEGO;CARTAGO
46426.0;LA FLORESTA;4.739062047503383;-75.90746935512055;RUTA 3 CARTAGO - LUIS GALLEGO;CARTAGO
46427.0;SAN NICOLAS;4.742678486347594;-75.91019713293498;RUTA 3 CARTAGO - LUIS GALLEGO;CARTAGO
46430.0;REPUBLICA DE FRANCIA;4.7385998409172965;-75.91648368247462;RUTA 3 CARTAGO - LUIS GALLEGO;CARTAGO
46431.0;OBRERO DEPARTAMENTAL;4.7399594608296765;-75.90647859813078;RUTA 3 CARTAGO - LUIS GALLEGO;CARTAGO
46432.0;BERLIN;4.7539932256840265;-75.90139769004227;;CARTAGO
46434.0;CARLOS HOLMES;4.738129319236061;-75.90842473297711;RUTA 3 CARTAGO - LUIS GALLEGO;CARTAGO
46435.0;LOS NARANJOS;4.7378551506194855;-75.90772996400338;RUTA 3 CARTAGO - LUIS GALLEGO;CARTAGO
46436.0;EL ROSARIO;4.736334365369857;-75.90806091669154;RUTA 3 CARTAGO - LUIS GALLEGO;CARTAGO
46439.0;LA CRISTINA;4.7425797996588805;-75.9068514942117;RUTA 3 CARTAGO - LUIS GALLEGO;CARTAGO
46440.0;EL DIVINO NIÑO;4.739805223315827;-75.90381296284758;;CARTAGO
46442.0;SAN JERONIMO;4.737907941405546;-75.90586244810957;RUTA 3 CARTAGO - LUIS GALLEGO;CARTAGO
46445.0;LOS SAUCES;4.737686331396532;-75.90460381897242;RUTA 3 CARTAGO - LUIS GALLEGO;CARTAGO
46446.0;LOS CHORROS;4.733069781653469;-75.90402214038784;RUTA 3 CARTAGO - LUIS GALLEGO;CARTAGO
46447.0;LA PRADERA;4.733887611547326;-75.90825919090092;RUTA 3 CARTAGO - LUIS GALLEGO;CARTAGO
46451.0;SANTA MONICA;4.745504357653797;-75.9197446804023;RUTA 3 CARTAGO - LUIS GALLEGO;CARTAGO
46452.0;VILLA DEL SOL;4.730845379207793;-75.90764239003862;RUTA 3 CARTAGO - LUIS GALLEGO;CARTAGO
46453.0;EL CIPRES;4.7279455502529135;-75.90609677839822;RUTA 3 CARTAGO - LUIS GALLEGO;CARTAGO
46454.0;SAN AGUSTIN;4.730042168268042;-75.90609513582208;RUTA 3 CARTAGO - LUIS GALLEGO;CARTAGO
46456.0;VERONA;4.727896237876011;-75.9070027445659;;CARTAGO
46459.0;CIIDADELA COMFANDI;4.730908447342452;-75.90671061266418;RUTA 3 CARTAGO - LUIS GALLEGO;CARTAGO
46461.0;SANTA HELENA;4.7462141915986065;-75.90506740496174;;CARTAGO
46463.0;SAN JUAN DE LA CRUZ;4.734521353254772;-75.90843335739339;RUTA 3 CARTAGO - LUIS GALLEGO;CARTAGO
46466.0;TORRE LA VEGA;4.736057103415269;-75.91237307414717;RUTA 3 CARTAGO - LUIS GALLEGO;CARTAGO
46467.0;SAN JOSE;4.74421443994968;-75.90520650588341;RUTA 3 CARTAGO - LUIS GALLEGO;CARTAGO
46471.0;CONQUISTADORES;4.744112183061503;-75.90452748036297;RUTA 3 CARTAGO - LUIS GALLEGO;CARTAGO
46472.0;LAS COLINAS;4.743068537758069;-75.9043566581264;;CARTAGO
46473.0;CAMELLON DEL QUINDIO;4.7480368887164905;-75.9036060914183;RUTA 3 CARTAGO - LUIS GALLEGO;CARTAGO
46476.0;JORGE ELIECER GAITAN;4.749150343330612;-75.90513945954612;RUTA 3 CARTAGO - LUIS GALLEGO;CARTAGO
46478.0;SANTA ANA;4.878289696424731;-75.62333993919266;RUTA 1 SANTA ROSA - JUAN PADILLA;SANTA ROSA
46479.0;SAMARIA 1;4.7982392711066915;-75.71029293139682;RUTA 2 CENTRO - DIEGO PATIÑO;RUTA CENTRO
46480.0;SAMARIA 2;4.795404492592063;-75.70774219979288;RUTA 2 CENTRO - DIEGO PATIÑO;RUTA CENTRO
46481.0;EVENEZER (CUCHILLA);4.795337128923454;-75.73445402532;RUTA 4 CUBA - DIEGO ARENAS;RUTA CUBA
46482.0;MIRAFLOREZ CUBA;4.7944179581456705;-75.71686829867198;RUTA 4 CUBA - DIEGO ARENAS;RUTA CUBA
46483.0;NUEVO MEXICO;4.811094237710667;-75.70593667596829;RUTA 2 CENTRO - DIEGO PATIÑO;RUTA CENTRO
46484.0;LA CAMPIÑA (2500 LTS);4.798887904867156;-75.73407751995924;RUTA 4 CUBA - DIEGO ARENAS;RUTA CUBA
46486.0;CONJUNTO SALAMANCA (VIA CONDINA);4.79307588222165;-75.74526966224046;RUTA 4 CUBA - DIEGO ARENAS;RUTA CUBA
46489.0;VEREDA EL TIGRE;4.81098664089287;-75.78812307121429;RUTA 3 CERRITOS L Y M - LUIS GALLEGO;LA VIRGINIA - BELMONTE BAJO
46490.0;ESPACIO NORTE;4.901249850350473;-75.88138178352358;RUTA 3 LA VIRGINIA - LUIS GALLEGO;LA VIRGINIA - BELMONTE BAJO
46491.0;PORTAL DE LAS MERCEDES;4.803039379481996;-75.73158699257279;RUTA 4 CUBA - DIEGO ARENAS;RUTA CUBA
46492.0;EL VERGEL SANTA RORA;;;RUTA 1 SANTA ROSA - JUAN PADILLA;SANTA ROSA
46493.0;BATARA CUBA;4.800687927540676;-75.73269714415936;RUTA 4 CUBA - DIEGO ARENAS;RUTA CUBA
46494.0;JOSE DOMINGO ESCOBAR 2500 LTS;4.798158145840203;-75.73401013902047;RUTA 4 CUBA - DIEGO ARENAS;RUTA CUBA
46495.0;TOKIO - VILLA SANTANA;4.798890486461815;-75.7315111954614;;
46496.0;VILLA KENEDY 2500 LTS;4.796884821868815;-75.7314786982789;RUTA 4 CUBA - DIEGO ARENAS;RUTA CUBA
46497.0;VILLA MARIA (2500 LTS);4.795980739699098;-75.7285743843305;RUTA 4 CUBA - DIEGO ARENAS;RUTA CUBA
46498.0;VILLA ROCIÓ (2500 LTS);4.795002355617389;-75.72889179037958;RUTA 4 CUBA - DIEGO ARENAS;RUTA CUBA
46499.0;NEIRA MARQUEZ 2500 LTS;4.799440530121303;-75.73176557071125;RUTA 4 CUBA - DIEGO ARENAS;RUTA CUBA
46500.0;COMUNIDAD EL BOSQUE (2500 LTS);4.794236133521937;-75.72873184574195;RUTA 4 CUBA - DIEGO ARENAS;RUTA CUBA
46501.0;QUINTAS DE PANORAMA 1;4.802280527731948;-75.73483070261376;RUTA 4 CUBA - DIEGO ARENAS;RUTA CUBA
46502.0;BRASILIA;4.8113679662359745;-75.70610834138058;;RUTA CENTRO
46503.0;PORTALES DE BIRMANIA (CUBA);4.791750730649832;-75.73511850606954;RUTA 4 CUBA - DIEGO ARENAS;RUTA CUBA
46504.0;URBANIZACIÓN ALFA (GAMA);4.806119613406796;-75.74453224281056;RUTA 4 CUBA - DIEGO ARENAS;RUTA CUBA
46506.0;EL PARAISO;4.863861032283876;-75.61736786591142;RUTA 1 SANTA ROSA - JUAN PADILLA;SANTA ROSA
46508.0;EL CIPRES;4.902948290854868;-75.88356015466992;RUTA 3 LA VIRGINIA - LUIS GALLEGO;LA VIRGINIA - BELMONTE BAJO
46511.0;MIRADOR DE LLANO GRANDE;4.825967254164618;-75.73430826895898;RUTA 2 PARQUE INDUS MI Y S DIEGO PATIÑO;RUTA CENTRO
46512.0;PORTAL DE LAS ARAUCARIAS;4.874802925795806;-75.62704249750452;RUTA 1 SANTA ROSA - JUAN PADILLA;SANTA ROSA
46514.0;VIA ARMENIA;4.812450193834908;-75.70582822194045;RUTA 2 CENTRO - DIEGO PATIÑO;RUTA CENTRO
46515.0;CONDOMINIO BOSQUE LOS LAGOS;4.7334944358291455;-75.91452857166828;RUTA 3 CARTAGO - LUIS GALLEGO;CARTAGO
46516.0;LA GUADALUPE;4.749113485968746;-75.90777451684234;RUTA 3 CARTAGO - LUIS GALLEGO;CARTAGO
46517.0;LAS VEGAS DOS;4.824098616011114;-75.6902933000038;RUTA 5 DOSQ JUAN PABLO M,J,S;DOSQUEBRADAS
46518.0;VILLA VENTO;4.829753850584772;-75.66481550593994;RUTA 1 DOSQ - JUAN PADILLA;DOSQUEBRADAS
46519.0;SAN GREGORIO;4.814095581139196;-75.6753367111448;RUTA 1 DOSQ - JUAN PADILLA;DOSQUEBRADAS
46520.0;PUEBLITO PAISA;4.7975726957573865;-75.72331644367425;RUTA 4 CUBA - DIEGO ARENAS;RUTA CUBA
46521.0;NUEVA COLOMBIA ( POR LA CUCHILLA);4.796303100733041;-75.73149856685804;RUTA 4 CUBA - DIEGO ARENAS;RUTA CUBA
46522.0;JAIME PARDO LEAL (POR LA CUCHILLA);4.794371216485906;-75.7319189944743;RUTA 4 CUBA - DIEGO ARENAS;RUTA CUBA
46523.0;VILLA JULIA;4.759622454536374;-75.92172776121016;RUTA 3 CARTAGO - LUIS GALLEGO;CARTAGO
46524.0;VILLA DE LEIVA CUBA;4.787899761620335;-75.72609622652203;RUTA 4 CUBA - DIEGO ARENAS;RUTA CUBA
46525.0;URBANIZACION NARANJAL (CUBA);4.798079262273875;-75.73544225684113;;RUTA CUBA
46526.0;BOSQUES DE SANTA ELENA (AV SUR);4.809209138399635;-75.7091649607564;RUTA 2 CENTRO - DIEGO PATIÑO;RUTA CENTRO
46527.0;EL BOSQUE (2500 LTS);4.795812916008984;-75.73002778492855;RUTA 4 CUBA - DIEGO ARENAS;RUTA CUBA
46528.0;VIA CONDINA;4.796503092735146;-75.74007827492318;RUTA 4 CUBA - DIEGO ARENAS;RUTA CUBA
46529.0;PORVENIR;4.738113250416714;-75.91206646918442;;CARTAGO
46533.0;ALAMEDA DEL CAFÉ (PARQ INDUSTRIAL);4.823500116406335;-75.73559896579656;RUTA 2 PARQUE INDUS MI Y S DIEGO PATIÑO;RUTA CENTRO
46534.0;PORTO ALEGRE (MONTELIBANO);4.7905724620830465;-75.72372699390469;RUTA 4 CUBA - DIEGO ARENAS;RUTA CUBA
46535.0;VALLARTA (LA BADEA);4.826028987505226;-75.70170896149254;RUTA 5 DOSQ JUAN PABLO M,J,S;DOSQUEBRADAS
46537.0;LA ESNEDA;;;RUTA 3 CENTRO - LUIS GALLEGO;RUTA CENTRO
46542.0;LENINGRADO (ETP 2);4.798595684781051;-75.73625131864883;RUTA 4 CUBA - DIEGO ARENAS;RUTA CUBA
46543.0;LENINGRADO (ETP 3);4.798054370493182;-75.73835395600267;RUTA 4 CUBA - DIEGO ARENAS;RUTA CUBA
46544.0;VILLA LA PAZ (CUBA);4.804403751991689;-75.72983657292214;RUTA 4 CUBA - DIEGO ARENAS;RUTA CUBA
46546.0;MIRADOR DE LA ESTANCIA (JAPON);4.812869116473199;-75.67064686919362;RUTA 1 DOSQ - JUAN PADILLA;DOSQUEBRADAS
46547.0;VILLA ORUMA;4.878058049445278;-75.62559111157854;RUTA 1 SANTA ROSA - JUAN PADILLA;SANTA ROSA
46548.0;EL REMANSO (VILLA SANTANA);;;RUTA 3 CENTRO - LUIS GALLEGO;RUTA CENTRO
46549.0;VILLA HELENA (CUBA);4.803084527594345;-75.73448498137942;RUTA 4 CUBA - DIEGO ARENAS;RUTA CUBA
46550.0;ENTRE VERDE (HACIENDA CUBA);4.7973763305102874;-75.72867647091874;RUTA 4 CUBA - DIEGO ARENAS;RUTA CUBA
46552.0;BRISAS DEL CONSOTA (CUBA);4.808900912988234;-75.7343166309523;RUTA 4 CUBA - DIEGO ARENAS;RUTA CUBA
46553.0;MONTE BONITO;4.811999690309688;-75.6673636398653;RUTA 1 FRAILES - JUAN PADILLA;DOSQUEBRADAS
46555.0;LA SAMARIA;4.858561453177971;-75.61892315978146;;SANTA ROSA
46557.0;SANTA MARIA DE MILAN;4.805191070772708;-75.74914212338626;;DOSQUEBRADAS
48606.0;LOS ROSALES;4.76563028657119;-75.85246976540186;RUTA 3 CARTAGO - LUIS GALLEGO;CARTAGO
