id_barrio;barrio;id_ruta_cobro;ruta_cobro;id_centroope
1200;SAMAN;9;3;2
1025;BARRANQUILLA;9;3;2
1131;"PARQUE BOSQUE";9;3;2
1259;"ALTOS MENGA";9;3;2
1264;"BRISAS DE LOS ANDES";9;3;2
1016;"LOS ALMENDROS";9;3;2
1165;SENA;9;3;2
1277;"BRISAS DEL GUABITO";9;3;2
1182;"VILLA DEL PARQUE";9;3;2
46175;FLORA;9;3;2
1275;"SOLARES DE SALOMIA";9;3;2
1018;ANDES;9;3;2
1315;CAMPIÑA;9;3;2
1059;"EL BOSQUE";9;3;2
1087;"LA FLORA";9;3;2
1284;"ALFONSO LOPEZ";9;3;2
1142;"QUINTAS DE SALOMIA";9;3;2
1276;"SOLARES DE COMFANDI";9;3;2
1173;"TEJARES SALOMIA";9;3;2
1247;"SANTA BARBARA";9;3;2
1188;"VILLA DE VERACRUZ";9;3;2
1186;"VILLA DEL PRADO";9;3;2
1112;"NUEVO SALOMIA";9;3;2
1152;SALOMIA;9;3;2
1280;"PALMERAS DEL NORTE";9;3;2
46250;"CACIQUE JACINTO";12;6;2
46236;CORVIVALLE;12;6;2
46248;GAITAN;12;6;2
46247;GUACANDA;12;6;2
46244;"PORTALES DE COMFANDI";12;6;2
46252;"PORTALES DE YUMBO";12;6;2
46242;CENCAR;12;6;2
46245;"SAN FERNANDO";12;6;2
46241;BELALCAZAR;12;6;2
46240;BOLIVAR;12;6;2
1067;FLORALIA;12;6;2
46235;"LA ESTANCIA";12;6;2
46246;MUNICIPAL;12;6;2
46249;PIZARRO;12;6;2
46237;URIBE;12;6;2
1107;METROPOLITANO;12;6;2
1282;"PLAZAS VERDES";12;6;2
1190;"VILLA DEL SOL";12;6;2
1049;CHIMINANGOS;12;6;2
1171;"TORRES DE COMFANDI";12;6;2
48619;"CIUDAD GUABINAS";12;6;2
11890;YUMBO;12;6;2
1022;"BRISAS DE LOS ALAMOS";12;6;2
1028;BENJAMIN;13;7;2
1226;INDUSTRIAL;13;7;2
1111;MUNICIPAL;13;7;2
1009;"ATANASIO GIRARDOT";13;7;2
1048;CHAPINERO;13;7;2
1088;"LA FLORESTA";13;7;2
1141;PRIMITIVO;13;7;2
1151;"SAAVEDRA GALINDO";13;7;2
1166;"SIMON BOLIVAR";13;7;2
1178;TRONCAL;13;7;2
1180;URIBE;13;7;2
1184;"VILLA COLOMBIA";13;7;2
1017;AMERICAS;13;7;2
1163;"SANTA FE";13;7;2
1130;"PARAISO COMFANDI";13;7;2
1311;"URBA. NIZA";19;10;2
1181;"VILLA  DE PAL";19;10;2
1265;"CAMINO REAL";19;10;2
1057;DEPARTAMENTAL;19;10;2
1099;LIMONAR;19;10;2
1110;MULTICENTRO;19;10;2
1128;PANAMERICANO;19;10;2
1305;"QUINTAS DE DON SIMON";19;10;2
1160;"SANTA ANITA";19;10;2
1197;"1 DE MAYO";19;10;2
11892;"BOSQUE DEL LIMONAR";19;10;2
1296;CAMELIAS;19;10;2
1262;CAÑAVERALES;19;10;2
1254;"SAMANES GUADALUPE";19;10;2
1183;"VILLA DE GUADALUPE";19;10;2
1310;"GRAN LIMONAR";19;10;2
1203;PASOANCHO;19;10;2
1304;"JORGE SAWASKY";19;10;2
1238;"JOAQUIN BORRERO SINISTERRA";19;10;2
1042;CAPRI;19;10;2
1092;"LA SELVA";19;10;2
1156;"SAN JUDAS";19;10;2
1211;"LA HACIENDA";19;10;2
1073;GRANJAS;19;10;2
1285;"SANTO DOMINGO";19;10;2
1074;GUABAL;19;10;2
1118;"NUEVA SELVA";19;10;2
1273;GUADALUPE;19;10;2
1169;SANTO.DOMINGO;19;10;2
1093;"LA SIRENA";20;11;2
1208;MIRAFLORES;20;11;2
11325;"STA TERESITA";20;11;2
1121;OBRERO;20;11;2
11922;PILOTO;20;11;2
1154;"SAN BOSCO";20;11;2
1170;SUCRE;20;11;2
1210;"MANUEL MA. B/VENTURA";20;11;2
1046;CENTRO;20;11;2
11340;"SANTA TERESITA";20;11;2
1293;NACIONAL;20;11;2
1263;PEÑON;20;11;2
1249;CAÑAVERALEJO;20;11;2
1237;"LA CASCADA";20;11;2
1115;"NUEVA GRANADA";20;11;2
1149;"SANTA ISABEL";20;11;2
1176;"TERRON COLORADO";20;11;2
1031;BRETAÑA;20;11;2
1294;CEDRO;20;11;2
1078;GUAYAQUIL;20;11;2
1159;"SAN NICOLAS";20;11;2
1155;"SAN FERNANDO";20;11;2
1299;SEMINARIO;20;11;2
1174;TEMPLETE;20;11;2
1236;"NUEVO TEQUENDAMA";20;11;2
1175;TEQUENDAMA;20;11;2
1295;"BELISARIO CAICEDO";20;11;2
1271;BELLAVISTA;20;11;2
1241;LIBERTADORES;20;11;2
1323;"LOS CRISTALES";20;11;2
11969;MORTIÑAL;20;11;2
1127;PAMPALINDA;20;11;2
1242;"SAN CAYETANO";20;11;2
1013;ALAMEDA;20;11;2
1019;ARANJUEZ;20;11;2
1027;BELALCAZAR;20;11;2
1040;CAMBULOS;20;11;2
1047;CHAMPAGNAT;20;11;2
1084;JUNIN;20;11;2
1098;LIDO;20;11;2
1244;"SAN ANTONIO";20;11;2
1318;"CUARTO DE LEGUA";20;11;2
1319;"SANTA RITA";20;11;2
1286;"ALTO JORDAN";21;12;2
11985;"ALTOS DE LA LUISA";21;12;2
1231;"CIUDAD DEL SUR";21;12;2
1297;"EL JORDAN";21;12;2
1306;"PORTAL DE LA AUTONOMA";21;12;2
1144;REFUGIO;21;12;2
1071;"GRAN COLOMBIA";21;12;2
1086;"LA ESPERANZA";21;12;2
11883;"ALFERES REAL";21;12;2
1030;BOYACA;21;12;2
1036;CALDAS;21;12;2
1064;FARALLONES;21;12;2
1091;"LA PLAYA";21;12;2
1096;"LAS VEGAS";21;12;2
1105;MAYAPAN;21;12;2
1032;"BUENOS AIRES";21;12;2
1298;LOURDES;21;12;2
1106;MELENDEZ;21;12;2
1116;NAPOLES;21;12;2
1138;"PRADO SUR";21;12;2
46531;BOCHALEMA;21;12;2
1140;PRIMAVERA;21;12;2
1148;"SAN CARLOS";21;12;2
1195;"CIUDAD  JARDIN";21;12;2
11986;"CIUDAD JARDIN";21;12;2
1035;"CIUDAD MODELO";21;12;2
1081;JARDIN;21;12;2
1050;"COLINAS DEL SUR";21;12;2
1207;MONTANARES;23;13;2
1257;"PORTAL DE  COMFANDI";23;13;2
1102;MANZANARES;23;13;2
1279;"PACARA 1";23;13;2
1309;ARBOLEDA;23;13;2
1066;"FLORA INDUSTRIAL";23;13;2
1090;"LA MERCED";23;13;2
1192;VIPASA;23;13;2
1139;"PRADOS DEL NORTE";23;13;2
1278;"LA ALIANZA";23;13;2
1269;ALCALA;23;13;2
1313;ALIANZA;23;13;2
1317;BERLIN;23;13;2
1029;BOLIVARIANO;23;13;2
1312;"BUENO MADRID";23;13;2
1037;CALIMA;23;13;2
1056;DELICIAS;23;13;2
1077;GUAYACANES;23;13;2
1085;"LA ESMERALDA";23;13;2
1119;"OLAYA HERRERA";23;13;2
1135;POPULAR;23;13;2
1137;PORVENIR;23;13;2
1146;RIVERA;23;13;2
1063;"EVARISTO G.";23;13;2
1164;SANTANDER;23;13;2
1288;"CIUDAD DEL CAMPO";23;13;2
11327;"POBLADO CAMPESTRE";23;13;2
48771;"ARBOLEDA CAMPESTRE";23;13;2
1024;BARLOVENTO;26;4;2
1253;"PORTAL DE SAJONIA";26;4;2
11924;"UR SAN JUAQUIN";26;4;2
1302;"BRISAS DEL LIMONAR";26;4;2
1034;"CIUDADELA COMFANDI";26;4;2
1083;"JOSE HOLGUIN G.";26;4;2
11335;CALICANTO;26;4;2
1193;"VALLE DEL LILI";26;4;2
1080;INGENIO;26;4;2
1303;"PRADOS DEL LIMONAR";26;4;2
11889;"SAN JOAQUIN";26;4;2
1246;MARACAIBO;26;4;2
1187;"VILLA DEL SUR";26;4;2
11983;"LAS VEGAS DE COMFANDI";26;4;2
1320;"CIUDAD REAL";26;4;2
1248;SAUCES;26;4;2
1033;"CIUDAD 2000";26;4;2
1079;INDEPENDENCIA;26;4;2
1307;MADROÑAL;26;4;2
1041;CANEY;26;4;2
1308;"HOLGUIN GARCES";26;4;2
1261;"LLERAS RESTREPO";32;8;2
1252;"ULPIANO LLOREDA";32;8;2
1104;MARROQUIN;32;8;2
1108;MOJICA;32;8;2
1158;"SAN MARCOS";32;8;2
46179;CALIMIO;32;8;2
1281;"ALIRIO MORA BELTRAN";32;8;2
11885;"LAUREANO GOMEZ";32;8;2
11331;"LLERAS CAMARGO";32;8;2
1123;ORQUIDEAS;32;8;2
1039;CALIPSO;32;8;2
1053;COMUNEROS;32;8;2
1287;POBLADO;32;8;2
1301;ROBLES;32;8;2
11972;"YIRA CASTRO";32;8;2
1270;"BELLO HORIZONTE";32;8;2
1255;"12 DE OCTUBRE";32;8;2
1134;PONDAJE;32;8;2
1145;"RICARDO BALCAZAR";32;8;2
1227;COMPARTIR;32;8;2
1113;"NUEVA BASE";32;8;2
1232;BARTOLOME;32;8;2
11888;"BONILLA ARAGON";32;8;2
1324;CALIBELLA;32;8;2
11982;"CALIMIO DECEPAZ";32;8;2
1044;CEIBAS;32;8;2
1289;"CIUDADELA DEL RIO";32;8;2
1321;DECEPAZ;32;8;2
1291;"LOS CEREZOS";32;8;2
1133;PINOS;32;8;2
1300;"REMANSOS DE COM.";32;8;2
1290;TALANGA;32;8;2
1292;"VALLE GRANDE";32;8;2
1177;TREBOL;32;8;2
1189;"VILLA DEL LAGO";32;8;2
1026;"LA BASE";32;8;2
1008;"7 DE AGOSTO";32;8;2
1007;"20 DE JULIO";36;2;2
1150;"SANTA  MONICA POPULAR";36;2;2
1258;"PRADOS DE  COMFANDI";36;2;2
1234;"EDUARDO SANTOS";36;2;2
1061;"EL RECUERDO";36;2;2
1219;"JAM-BELLO HORIZONTE";36;2;2
1228;CONQUISTADORES;36;2;2
1199;"SAN PEDRO";36;2;2
1065;"FENALCO KENEDY";36;2;2
1153;"SAN BENITO";36;2;2
1161;"SANTA CLARA";36;2;2
1191;VILLANUEVA;36;2;2
1097;"LEON XIII";36;2;2
1012;AGUABLANCA;36;2;2
1069;FORTALEZA;36;2;2
1011;"LAS ACACIAS";36;2;2
1124;"PRADOS DE ORIENTE";36;2;2
1020;ASTURIAS;36;2;2
1167;SINDICAL;36;2;2
1058;DORADO;36;2;2
1122;OLIMPICO;36;2;2
1023;BARBERENA;36;2;2
1147;RODEO;36;2;2
1051;COLON;36;2;2
1052;COLSEGUROS;36;2;2
1089;"LA LIBERTAD";36;2;2
1114;"NUEVA FLORESTA";36;2;2
1129;PARAISO;36;2;2
1162;"SANTA ELENA";36;2;2
1055;CORDOBA;37;9;2
11887;"CORDOBA .";37;9;2
11337;"CORDOBA RESERVADO";37;9;2
1103;"MARIANO RAMOS";37;9;2
1179;UNION;37;9;2
1245;"UNION DE VIVIENDA POPULAR";37;9;2
1109;MORICHAL;37;9;2
1260;VALLADO;37;9;2
1010;"ANTONIO NARINO";37;9;2
1143;"REPUBLICA DE ISRAEL";37;9;2
1251;"EL DIAMANTE";37;9;2
12186;"ALTOS DE LA CIUDADELA";39;"RUTA  7 CRISTO REY";3
26357;"SAN BERNARDO";39;"RUTA  7 CRISTO REY";3
12001;"RODEO NORTE";39;"RUTA  7 CRISTO REY";3
26483;"EL BOLO";39;"RUTA  7 CRISTO REY";3
26371;"VALLE SUR";39;"RUTA  7 CRISTO REY";3
26369;"URB ENTRE COLINA";39;"RUTA  7 CRISTO REY";3
11999;"BELEN RINCON";39;"RUTA  7 CRISTO REY";3
26335;GUAYABAL;39;"RUTA  7 CRISTO REY";3
12010;"LA COLINITA";39;"RUTA  7 CRISTO REY";3
12328;"RODEO SUR";39;"RUTA  7 CRISTO REY";3
12281;"GUAYABAL (SAN RAFAEL)";39;"RUTA  7 CRISTO REY";3
12015;ANTIOQUIA;39;"RUTA  7 CRISTO REY";3
26601;"LA COLINA";39;"RUTA  7 CRISTO REY";3
12013;TRINIDAD;39;"RUTA  7 CRISTO REY";3
12189;"URB. PARQUES DE STA.FE";39;"RUTA  7 CRISTO REY";3
12008;GUAYABAL;39;"RUTA  7 CRISTO REY";3
26471;"ENTRE COLINAS";39;"RUTA  7 CRISTO REY";3
12072;CAMPOVALDEZ;39;"RUTA  7 CRISTO REY";3
12007;"CRISTO REY";39;"RUTA  7 CRISTO REY";3
26473;PLANECO;39;"RUTA  7 CRISTO REY";3
12237;"BELEN DIEGO ECHAVARRIA";40;"RUTA  8 BELEN";3
12256;"BELEN LA INMACULADA";40;"RUTA  8 BELEN";3
12020;"BELEN MALIBU";40;"RUTA  8 BELEN";3
12272;"BELEN SAN CARLOS";40;"RUTA  8 BELEN";3
12006;"BELEN LA NUBIA";40;"RUTA  8 BELEN";3
12241;"BELEN ALIADAS";40;"RUTA  8 BELEN";3
12230;"BELEN NOGAL";40;"RUTA  8 BELEN";3
11997;"BELEN LA PALMA";40;"RUTA  8 BELEN";3
12029;"BELEN MIRAVALLE";40;"RUTA  8 BELEN";3
12227;"BELEN PARQUE";40;"RUTA  8 BELEN";3
12188;"BELEN LA MOTA";40;"RUTA  8 BELEN";3
12024;"BELEN LOS  MOLINOS";40;"RUTA  8 BELEN";3
11992;"BELEN LAS PLAYAS";40;"RUTA  8 BELEN";3
11998;"BELEN ALTA VISTA";40;"RUTA  8 BELEN";3
12002;MANZANARES;40;"RUTA  8 BELEN";3
12698;"UR. CERCANÍAS DE LA MOTA. CALLE 9A-73-95";40;"RUTA  8 BELEN";3
26535;"CAMPO AMOR";40;"RUTA  8 BELEN";3
46192;"CAMPO AMOR";40;"RUTA  8 BELEN";3
12004;ROSALES;40;"RUTA  8 BELEN";3
12017;"BELEN FATIMA";40;"RUTA  8 BELEN";3
12228;"BELEN LAS MARGARITAS";40;"RUTA  8 BELEN";3
11995;"BELEN SAN BERNARDO";40;"RUTA  8 BELEN";3
12595;"BELEN ROSALES";40;"RUTA  8 BELEN";3
12000;CAMPOAMOR;40;"RUTA  8 BELEN";3
12012;"CASA LINDA";40;"RUTA  8 BELEN";3
12014;"SANTA FE";40;"RUTA  8 BELEN";3
12011;"SAN PABLO";40;"RUTA  8 BELEN";3
12067;ALCAZAREZ;40;"RUTA  8 BELEN";3
12060;PRADERA;40;"RUTA  8 BELEN";3
12027;"SAN JAVIER";40;"RUTA  8 BELEN";3
12061;"SANTA LUCIA LA PRADERA";40;"RUTA  8 BELEN";3
12676;"ROBLEDO JORGE E GAITAN";45;"RUTA 14  ROBLEDO";3
12046;"ROBLEDO VILLA REAL";45;"RUTA 14  ROBLEDO";3
12322;"ROBLEDO LA PORTADA";45;"RUTA 14  ROBLEDO";3
12279;"ROBLEDO (LA HUERTA)";45;"RUTA 14  ROBLEDO";3
12216;"ROBLEDO CURAZAO";45;"RUTA 14  ROBLEDO";3
12054;"ROBLEDO CADIZ";45;"RUTA 14  ROBLEDO";3
12056;"ROBLEDO LA POLA";45;"RUTA 14  ROBLEDO";3
12050;"ROBLEDO LOS POMOS";45;"RUTA 14  ROBLEDO";3
12686;"ROBLEDO ALTAMIRA";45;"RUTA 14  ROBLEDO";3
12048;"ROBLEDO AURES";45;"RUTA 14  ROBLEDO";3
12065;"ROBLEDO KENEDY";45;"RUTA 14  ROBLEDO";3
46170;"ROBLEDO LA AURORA";45;"RUTA 14  ROBLEDO";3
12036;"ROBLEDO LA CAMPIÑA";45;"RUTA 14  ROBLEDO";3
12220;"ROBLEDO LAS MARGARITAS";45;"RUTA 14  ROBLEDO";3
12055;"ROBLEDO PILARICA";45;"RUTA 14  ROBLEDO";3
12176;"ROBLEDO SAN GERMAN";45;"RUTA 14  ROBLEDO";3
12215;"ROBLEDO PALENQUE";45;"RUTA 14  ROBLEDO";3
12057;"ROBLEDO PARQUE";45;"RUTA 14  ROBLEDO";3
12329;"ROBLEDO PRIMAVERAL";45;"RUTA 14  ROBLEDO";3
12038;"ROBLEDO VILLA SOFIA";45;"RUTA 14  ROBLEDO";3
12037;"ROBLEDO DIAMANTE";45;"RUTA 14  ROBLEDO";3
12264;"ROBLEDO (BALCON DEL VALLE 2)";45;"RUTA 14  ROBLEDO";3
12212;"ROBLEDO CIVITON";45;"RUTA 14  ROBLEDO";3
12265;"ROBLEDO EL CORTIJO";45;"RUTA 14  ROBLEDO";3
12311;"ROBLEDO LA IGUANA";45;"RUTA 14  ROBLEDO";3
12102;ARANJUEZ;45;"RUTA 14  ROBLEDO";3
48721;"ROBLEDO SANTA MARIA";45;"RUTA 14  ROBLEDO";3
46371;"SAN MARTÍN DE PORRAS";46;"RUTA  15  (12 DE OCTUBRE)";3
12270;"LOPEZ DE MESA";46;"RUTA  15  (12 DE OCTUBRE)";3
12082;"SANTANDER MED";46;"RUTA  15  (12 DE OCTUBRE)";3
12081;"GRATAMIRA MED";46;"RUTA  15  (12 DE OCTUBRE)";3
12073;BOSTON;46;"RUTA  15  (12 DE OCTUBRE)";3
12085;"UR CERROS DE LA MADERA";46;"RUTA  15  (12 DE OCTUBRE)";3
12052;"ROBLEDO VILLA FLORA";46;"RUTA  15  (12 DE OCTUBRE)";3
12049;"ROBLEDO BELLO HORIZONTE";46;"RUTA  15  (12 DE OCTUBRE)";3
12084;"DOCE DE OCTUBRE MED";46;"RUTA  15  (12 DE OCTUBRE)";3
12121;CENTRO..;46;"RUTA  15  (12 DE OCTUBRE)";3
12317;"LOPEZ DE MESA(URB. ALTAMIRA)";46;"RUTA  15  (12 DE OCTUBRE)";3
12051;"ROBLEDO MIRADOR";46;"RUTA  15  (12 DE OCTUBRE)";3
12066;"ROBLEDO MIRAMAR";46;"RUTA  15  (12 DE OCTUBRE)";3
12079;"FLORENCIA MED";46;"RUTA  15  (12 DE OCTUBRE)";3
12682;"UR LA PASTORA CRA 64D 103FF-76 GIRARDOT";47;"RUTA  18  CABAÑAS";3
12685;"UR MANAOS CLL 27 B-58D-334 CABAÑAS";47;"RUTA  18  CABAÑAS";3
12700;"UR MANAOS CALLE 27B # 58D-334 CABAÑAS";47;"RUTA  18  CABAÑAS";3
12684;"UR MANAOS CLL 27 B-58D-334 CABAÑAS";47;"RUTA  18  CABAÑAS";3
12083;"BARRIO NUEVO";47;"RUTA  18  CABAÑAS";3
12119;"PALMAR DE SERRAMONTE";47;"RUTA  18  CABAÑAS";3
12110;CABAÑITAS;47;"RUTA  18  CABAÑAS";3
12206;SALENTO;47;"RUTA  18  CABAÑAS";3
12696;"SAN SILVESTRE";47;"RUTA  18  CABAÑAS";3
12114;SANTANA;47;"RUTA  18  CABAÑAS";3
12118;SERRAMONTE;47;"RUTA  18  CABAÑAS";3
12109;CABAÑAS;47;"RUTA  18  CABAÑAS";3
12208;BUCAROS;47;"RUTA  18  CABAÑAS";3
12112;"GRAN AVENIDA";47;"RUTA  18  CABAÑAS";3
12127;"LA FLORIDA";47;"RUTA  18  CABAÑAS";3
12126;MOLINARES;47;"RUTA  18  CABAÑAS";3
12111;OBRERO;47;"RUTA  18  CABAÑAS";3
46221;"PUERTO ALEGRE";47;"RUTA  18  CABAÑAS";3
12113;"SAN JOSE OBRERO";47;"RUTA  18  CABAÑAS";3
12125;"URBANIZACION SANSIMON";47;"RUTA  18  CABAÑAS";3
12078;"BOYACA LAS BRISAS";47;"RUTA  18  CABAÑAS";3
12327;"FLORENCIA (CERRO DE LA CUMBRE)";47;"RUTA  18  CABAÑAS";3
12040;TEJELO;47;"RUTA  18  CABAÑAS";3
48667;"CIUDAD DE LOS PUERTOS";47;"RUTA  18  CABAÑAS";3
12094;"ETERNA PRIMAVERA";49;"RUTA 26 CAMPO VALDEZ";3
12321;"LOS PINOS";49;"RUTA 26 CAMPO VALDEZ";3
12134;"CASAS DE COMFENALCO";53;"RUTA  19 BELLO";3
12141;"VILLAS DEL SOL";53;"RUTA  19 BELLO";3
12137;"EL PARAISO";53;"RUTA  19 BELLO";3
12095;"CERROS DEL VERGEL";53;"RUTA  19 BELLO";3
12166;"HERMOSA PROVIDENCIA";53;"RUTA  19 BELLO";3
12200;URAPANES;53;"RUTA  19 BELLO";3
12167;"MARCO TULIO HENAO";53;"RUTA  19 BELLO";3
12274;"LA ALDEA";53;"RUTA  19 BELLO";3
12695;TIERRADENTRO;53;"RUTA  19 BELLO";3
12209;BELLAVISTA;53;"RUTA  19 BELLO";3
12310;TIERRADENTRO;53;"RUTA  19 BELLO";3
12136;PARAISO;53;"RUTA  19 BELLO";3
12198;GORETTI;53;"RUTA  19 BELLO";3
12133;ARALIAS;53;"RUTA  19 BELLO";3
12582;"EL TREBOL";53;"RUTA  19 BELLO";3
12191;"EL VERGEL";53;"RUTA  19 BELLO";3
12187;"LA CUMBRE";53;"RUTA  19 BELLO";3
12184;MESA;53;"RUTA  19 BELLO";3
12122;"EL TRAPICHE";53;"RUTA  19 BELLO";3
12120;TOSCANA;53;"RUTA  19 BELLO";3
12210;"EL CARMELO";53;"RUTA  19 BELLO";3
12174;PORVENIR;53;"RUTA  19 BELLO";3
12278;ANDALUCIA;53;"RUTA  19 BELLO";3
12207;DUCADO;53;"RUTA  19 BELLO";3
12202;"EL CAIRO";53;"RUTA  19 BELLO";3
12131;"EL ROSARIO";53;"RUTA  19 BELLO";3
12195;"LA CALLECITA";53;"RUTA  19 BELLO";3
12199;"LA MILAGROSA";53;"RUTA  19 BELLO";3
12143;"LA SELVA";53;"RUTA  19 BELLO";3
12185;MIRADOR;53;"RUTA  19 BELLO";3
12130;NAZARETH;53;"RUTA  19 BELLO";3
12295;VALADARES;53;"RUTA  19 BELLO";3
12142;"SAN MARTIN";53;"RUTA  19 BELLO";3
12576;"EL ROSARIO";53;"RUTA  19 BELLO";3
12205;ROSALPI;53;"RUTA  19 BELLO";3
12203;PACHELLY;53;"RUTA  19 BELLO";3
46234;RIACHUELOS;53;"RUTA  19 BELLO";3
12197;"PLAYA RICA";53;"RUTA  19 BELLO";3
12304;"ESPIRITU SANTO";53;"RUTA  19 BELLO";3
46266;"EL REMANSO";53;"RUTA  19 BELLO";3
12297;"LAS CANOAS";54;"RUTA 22 COPACABANA";3
12296;MIRAFLORES;54;"RUTA 22 COPACABANA";3
12147;GUADALAJARA;54;"RUTA 22 COPACABANA";3
12578;"LA SOLITA";54;"RUTA 22 COPACABANA";3
46273;"EL MOJON";54;"RUTA 22 COPACABANA";3
46122;BARBOSA;54;"RUTA 22 COPACABANA";3
12247;ZAMORA;54;"RUTA 22 COPACABANA";3
12152;REMANSO;54;"RUTA 22 COPACABANA";3
12150;FATIMA;54;"RUTA 22 COPACABANA";3
12273;"SAN JUAN";54;"RUTA 22 COPACABANA";3
12275;"SIMON BOLIVAR";54;"RUTA 22 COPACABANA";3
12587;"BARRIO MARIA";54;"RUTA 22 COPACABANA";3
12153;COPACABANA;54;"RUTA 22 COPACABANA";3
12581;"EL TABLAZO";54;"RUTA 22 COPACABANA";3
12239;"LA GABRIELA";54;"RUTA 22 COPACABANA";3
12589;"LA MADERA";54;"RUTA 22 COPACABANA";3
12146;"LA PEDRERA";54;"RUTA 22 COPACABANA";3
12158;VILLANUEVA;54;"RUTA 22 COPACABANA";3
12149;"EL MIRADOR AZUL";54;"RUTA 22 COPACABANA";3
12300;"MIRARDOR VERDE";54;"RUTA 22 COPACABANA";3
12291;PEDREGAL;54;"RUTA 22 COPACABANA";3
12238;"LA CAMILA";54;"RUTA 22 COPACABANA";3
12284;"CRISTO REY";54;"RUTA 22 COPACABANA";3
46269;"PIEDRAS BLANCAS";54;"RUTA 22 COPACABANA";3
12144;"LA MISERICORDIA";54;"RUTA 22 COPACABANA";3
12266;FONTIDUEÑO;54;"RUTA 22 COPACABANA";3
12577;HORIZONTES;54;"RUTA 22 COPACABANA";3
12148;"LA ASUNCION";54;"RUTA 22 COPACABANA";3
12151;"LA AZULITA";54;"RUTA 22 COPACABANA";3
12190;"LAS VEGAS";54;"RUTA 22 COPACABANA";3
12194;"LAS VEGAS(COPACABANA)";54;"RUTA 22 COPACABANA";3
12145;MACHADO;54;"RUTA 22 COPACABANA";3
12162;"MACHADO ALCALA";54;"RUTA 22 COPACABANA";3
12161;"MACHADO LOS CIRUELOS";54;"RUTA 22 COPACABANA";3
12580;OBRERO;54;"RUTA 22 COPACABANA";3
12579;PORVENIR;54;"RUTA 22 COPACABANA";3
12290;"SAN FRANCISCO";54;"RUTA 22 COPACABANA";3
12305;"VILLAS DE COPACABANA";54;"RUTA 22 COPACABANA";3
46270;YARUMITO;54;"RUTA 22 COPACABANA";3
12307;"EL RECREO";54;"RUTA 22 COPACABANA";3
12583;PARQUE;54;"RUTA 22 COPACABANA";3
12680;"JUAN DEL CORRAL";56;"RUTA 17  (BOYACA LAS BRISAS)";3
12594;PEDREGAL1;57;"RUTA 16   ALFONSO LOPEZ";3
12087;"GIRARDOT MED";57;"RUTA 16   ALFONSO LOPEZ";3
12068;"ALFONZO LOPEZ MED";57;"RUTA 16   ALFONSO LOPEZ";3
12673;"CASTILLA 1";57;"RUTA 16   ALFONSO LOPEZ";3
12280;CARIBE;57;"RUTA 16   ALFONSO LOPEZ";3
12108;"CORDOBA CIUDAD CENTRAL";57;"RUTA 16   ALFONSO LOPEZ";3
12069;CASTILLA;57;"RUTA 16   ALFONSO LOPEZ";3
12106;CORDOBA;57;"RUTA 16   ALFONSO LOPEZ";3
12229;"FRANCISCO ANTONIO ZEA";57;"RUTA 16   ALFONSO LOPEZ";3
12074;PEDREGAL;57;"RUTA 16   ALFONSO LOPEZ";3
12254;TRICENTENARIO;57;"RUTA 16   ALFONSO LOPEZ";3
12089;BELALCAZAR;57;"RUTA 16   ALFONSO LOPEZ";3
12077;MANRIQUE;58;"RUTA 12  MANRIQUE";3
12099;"MANRIQUE GUADALUPE";58;"RUTA 12  MANRIQUE";3
12101;"MANRIQUE SAN PABLO";58;"RUTA 12  MANRIQUE";3
12233;"ANDALUCIA LA FRANCIA";58;"RUTA 12  MANRIQUE";3
12268;"MANRIQUE LAS ESMERALDAS";58;"RUTA 12  MANRIQUE";3
12103;"SANTA CRUZ LA ROSA";58;"RUTA 12  MANRIQUE";3
12104;"MANRIQUE CENTRAL";58;"RUTA 12  MANRIQUE";3
12098;"MANRIQUE ORIENTAL";58;"RUTA 12  MANRIQUE";3
12902;"ALCALA PUENTE ARANDA";67;"BOGOTA 1 - HECTOR BONILLA";4
13262;"AUTOPISTA SUR";67;"BOGOTA 1 - HECTOR BONILLA";4
12990;BOCHICA;67;"BOGOTA 1 - HECTOR BONILLA";4
13244;CARABELAS;67;"BOGOTA 1 - HECTOR BONILLA";4
12731;CENTRO;67;"BOGOTA 1 - HECTOR BONILLA";4
12861;"CENTRO AMÉRICAS";67;"BOGOTA 1 - HECTOR BONILLA";4
13392;"CIUDAD BERNA ANTONIO NARIÑO";67;"BOGOTA 1 - HECTOR BONILLA";4
13395;"CIUDAD JARDIN SUR ANTONIO NARIÑO";67;"BOGOTA 1 - HECTOR BONILLA";4
12949;"CIUDAD MONTES PUENTE ARANDA";67;"BOGOTA 1 - HECTOR BONILLA";4
13255;"EDUARDO SANTOS";67;"BOGOTA 1 - HECTOR BONILLA";4
12921;"EL JAZMIN PUENTE ARANDA";67;"BOGOTA 1 - HECTOR BONILLA";4
12987;"EL PROGRESO";67;"BOGOTA 1 - HECTOR BONILLA";4
12903;"EL TEJAR PUENTE ARANDA";67;"BOGOTA 1 - HECTOR BONILLA";4
13313;"EL VERGEL";67;"BOGOTA 1 - HECTOR BONILLA";4
12819;"FLORESTA SUR KENNEDY";67;"BOGOTA 1 - HECTOR BONILLA";4
13246;"GAITAN CORTES";67;"BOGOTA 1 - HECTOR BONILLA";4
12992;"GALAN PUENTE ARANDA";67;"BOGOTA 1 - HECTOR BONILLA";4
12857;HIPOTECHO;67;"BOGOTA 1 - HECTOR BONILLA";4
12991;"LA ASUNCION PUENTE ARANDA";67;"BOGOTA 1 - HECTOR BONILLA";4
12906;"LA FRAGUA";67;"BOGOTA 1 - HECTOR BONILLA";4
13266;"LA FRAGUITA";67;"BOGOTA 1 - HECTOR BONILLA";4
12980;"LA FRANCIA PUENTE ARANDA";67;"BOGOTA 1 - HECTOR BONILLA";4
12901;"LA GUACA";67;"BOGOTA 1 - HECTOR BONILLA";4
12841;"KENNEDY LA IGUALDAD";67;"BOGOTA 1 - HECTOR BONILLA";4
12821;"LA LLANURA";67;"BOGOTA 1 - HECTOR BONILLA";4
12919;"LAS CAMELIAS PUENTE ARANDA";67;"BOGOTA 1 - HECTOR BONILLA";4
13248;"LEON CORKIDI";67;"BOGOTA 1 - HECTOR BONILLA";4
13265;"LOS ANGELES";67;"BOGOTA 1 - HECTOR BONILLA";4
13260;"LOS SAUCES";67;"BOGOTA 1 - HECTOR BONILLA";4
12905;"MILENTA PUENTE ARANDA";67;"BOGOTA 1 - HECTOR BONILLA";4
12858;"NUEVA MARSELLA KENNEDY";67;"BOGOTA 1 - HECTOR BONILLA";4
12985;"NUEVA PRIMAVERA PUENTE ARANDA";67;"BOGOTA 1 - HECTOR BONILLA";4
13537;PENSILVANIA;67;"BOGOTA 1 - HECTOR BONILLA";4
13390;"POLICARPA ANTONIO NARIÑO";67;"BOGOTA 1 - HECTOR BONILLA";4
12989;REMANSO;67;"BOGOTA 1 - HECTOR BONILLA";4
12976;"SAN EUSEBIO PUENTE ARANDA";67;"BOGOTA 1 - HECTOR BONILLA";4
12817;"SAN RAFAEL PUENTE ARANDA";67;"BOGOTA 1 - HECTOR BONILLA";4
12754;"SANTA ISABEL";67;"BOGOTA 1 - HECTOR BONILLA";4
12891;"SANTA RITA";67;"BOGOTA 1 - HECTOR BONILLA";4
12904;"TORREMOLINOS PUENTE ARANDA";67;"BOGOTA 1 - HECTOR BONILLA";4
12986;VERAGUAS;67;"BOGOTA 1 - HECTOR BONILLA";4
12820;"VILLA CLAUDIA KENNEDY";67;"BOGOTA 1 - HECTOR BONILLA";4
12770;"VILLA DEL ROSARIO";67;"BOGOTA 1 - HECTOR BONILLA";4
13245;"VILLA INES";67;"BOGOTA 1 - HECTOR BONILLA";4
12950;"VILLA SONIA";67;"BOGOTA 1 - HECTOR BONILLA";4
13253;BARCELONA;67;"BOGOTA 1 - HECTOR BONILLA";4
13251;"BRASILIA SAN R";67;"BOGOTA 1 - HECTOR BONILLA";4
46111;"CENTRO SAN DIEGO";67;"BOGOTA 1 - HECTOR BONILLA";4
12955;COLON;67;"BOGOTA 1 - HECTOR BONILLA";4
12993;"COLONIA ORIENTAL";67;"BOGOTA 1 - HECTOR BONILLA";4
13249;"EL SOL";67;"BOGOTA 1 - HECTOR BONILLA";4
12922;"LA PONDEROSA PUENTE ARANDA";67;"BOGOTA 1 - HECTOR BONILLA";4
12957;"LA PRADERA PUENTE ARANDA";67;"BOGOTA 1 - HECTOR BONILLA";4
13264;"LIRA Y ARPA";67;"BOGOTA 1 - HECTOR BONILLA";4
13597;"PUENTE ARANDA";67;"BOGOTA 1 - HECTOR BONILLA";4
13443;RICAURTE;67;"BOGOTA 1 - HECTOR BONILLA";4
13263;"SAN ANTONIO ANTONIO NARIÑO";67;"BOGOTA 1 - HECTOR BONILLA";4
12956;"SAN GABRIEL";67;"BOGOTA 1 - HECTOR BONILLA";4
12988;"SANTA MATILDE PUENTE ARANDA";67;"BOGOTA 1 - HECTOR BONILLA";4
13250;TIBANA;67;"BOGOTA 1 - HECTOR BONILLA";4
12860;"TRINIDAD GALAN PUENTE ARANDA";67;"BOGOTA 1 - HECTOR BONILLA";4
12947;"MUZU PUENTE ARANDA";67;"BOGOTA 1 - HECTOR BONILLA";4
12738;"AMERICAS CENTRAL";67;"BOGOTA 1 - HECTOR BONILLA";4
13323;"RESTREPO ANTONIO NARIÑO";67;"BOGOTA 1 - HECTOR BONILLA";4
48727;"BOCHICA  PUENTE ARANDA";67;"BOGOTA 1 - HECTOR BONILLA";4
48725;"COMUNEROS PUENTE ARANDA";67;"BOGOTA 1 - HECTOR BONILLA";4
46208;"KENNEDY LOS FUNDADORES";67;"BOGOTA 1 - HECTOR BONILLA";4
46209;"LA FLORESTA KENNEDY";67;"BOGOTA 1 - HECTOR BONILLA";4
48728;"OSPINA PEREZ PUENTE ARANDA";67;"BOGOTA 1 - HECTOR BONILLA";4
48740;"LUNA PARK ANTONIO NARIÑO";67;"BOGOTA 1 - HECTOR BONILLA";4
12882;"LA ESPERANZA BOSA";87;"BOGOTA 7- SNEIDER DIAZ";4
13525;"SAN DIEGO BOSA";87;"BOGOTA 7- SNEIDER DIAZ";4
46115;"SAN JOSE BOSA";87;"BOGOTA 7- SNEIDER DIAZ";4
13308;"NUEVA GRANADA BOSA";87;"BOGOTA 7- SNEIDER DIAZ";4
13520;"RIVERA BOSA";87;"BOGOTA 7- SNEIDER DIAZ";4
13307;"PABLO VI BOSA";87;"BOGOTA 7- SNEIDER DIAZ";4
13311;ASOVIVIR;87;"BOGOTA 7- SNEIDER DIAZ";4
12746;"OLIVOS BOSA";87;"BOGOTA 7- SNEIDER DIAZ";4
13294;"SAN PABLO BOSA";87;"BOGOTA 7- SNEIDER DIAZ";4
12893;"AZUCENA BOSA";87;"BOGOTA 7- SNEIDER DIAZ";4
12842;PALESTINA;87;"BOGOTA 7- SNEIDER DIAZ";4
12913;"JOSE ANTONIO GALAN";87;"BOGOTA 7- SNEIDER DIAZ";4
12811;"BOSA CENTRO";87;"BOGOTA 7- SNEIDER DIAZ";4
13303;"PIAMONTE BOSA";87;"BOGOTA 7- SNEIDER DIAZ";4
12763;CARBONELL;87;"BOGOTA 7- SNEIDER DIAZ";4
13309;"CARLOS ALBAN";87;"BOGOTA 7- SNEIDER DIAZ";4
13258;"LA AMISTAD";87;"BOGOTA 7- SNEIDER DIAZ";4
13288;"EL CAUCE";87;"BOGOTA 7- SNEIDER DIAZ";4
48625;"VILLA SUAITA BOSA";87;"BOGOTA 7- SNEIDER DIAZ";4
13521;"SULTANA BOSA";87;"BOGOTA 7- SNEIDER DIAZ";4
46160;"HUMBERTO VALENCIA BOSA";87;"BOGOTA 7- SNEIDER DIAZ";4
13310;"VILLA ANY";87;"BOGOTA 7- SNEIDER DIAZ";4
13466;"PRIMAVERA BOSA";87;"BOGOTA 7- SNEIDER DIAZ";4
12969;"VILLA COLOMBIA";87;"BOGOTA 7- SNEIDER DIAZ";4
13283;"DIVINO NIÑO";87;"BOGOTA 7- SNEIDER DIAZ";4
12844;LAURELES;87;"BOGOTA 7- SNEIDER DIAZ";4
12862;"NARANJOS BOSA";87;"BOGOTA 7- SNEIDER DIAZ";4
12965;"VILLA NHORA";87;"BOGOTA 7- SNEIDER DIAZ";4
13524;GUALOCHE;87;"BOGOTA 7- SNEIDER DIAZ";4
13568;"VILLA JAVIER";87;"BOGOTA 7- SNEIDER DIAZ";4
13522;"ARGELIA BOSA";87;"BOGOTA 7- SNEIDER DIAZ";4
13527;"EL JARDIN BOSA";87;"BOGOTA 7- SNEIDER DIAZ";4
13281;"LA CONCEPCIÓN";87;"BOGOTA 7- SNEIDER DIAZ";4
13292;"SANTA INES";87;"BOGOTA 7- SNEIDER DIAZ";4
48743;"ISLANDIA BOSA";87;"BOGOTA 7- SNEIDER DIAZ";4
13498;"EL PALMAR";87;"BOGOTA 7- SNEIDER DIAZ";4
13305;"DESPENSA BOSA";87;"BOGOTA 7- SNEIDER DIAZ";4
12779;"LA ESTACION";87;"BOGOTA 7- SNEIDER DIAZ";4
13324;"ANTONIA SANTOS";91;"BOGOTA 4  RAUL RIAÑO";4
12824;"VILLA EMILIA";91;"BOGOTA 4  RAUL RIAÑO";4
13321;LIBERTADORES;91;"BOGOTA 4  RAUL RIAÑO";4
12925;"EL RUBI";91;"BOGOTA 4  RAUL RIAÑO";4
12974;SINAI;91;"BOGOTA 4  RAUL RIAÑO";4
12884;"EL SOCORRO";91;"BOGOTA 4  RAUL RIAÑO";4
12803;"LAS LUCES KENNEDY";91;"BOGOTA 4  RAUL RIAÑO";4
12764;"CASA BLANCA";91;"BOGOTA 4  RAUL RIAÑO";4
12866;"EL CARMELO";91;"BOGOTA 4  RAUL RIAÑO";4
12881;"VEGAS SANTA ANA";91;"BOGOTA 4  RAUL RIAÑO";4
12816;"VILLA ANDREA";91;"BOGOTA 4  RAUL RIAÑO";4
12869;"VILLA ANITA";91;"BOGOTA 4  RAUL RIAÑO";4
12879;ZARZAMORA;91;"BOGOTA 4  RAUL RIAÑO";4
12933;ALMENAR;91;"BOGOTA 4  RAUL RIAÑO";4
12926;"CLASS KENNEDY";91;"BOGOTA 4  RAUL RIAÑO";4
12954;"PASTRANITA KENNEDY";91;"BOGOTA 4  RAUL RIAÑO";4
12739;"PALENQUE KENNEDY";91;"BOGOTA 4  RAUL RIAÑO";4
12920;"EL AMPARO KENNEDY";91;"BOGOTA 4  RAUL RIAÑO";4
48654;"KENNEDY OLIVOS";91;"BOGOTA 4  RAUL RIAÑO";4
12929;"MARIA PAZ";91;"BOGOTA 4  RAUL RIAÑO";4
12966;"VILLA LOMA KENNEDY";91;"BOGOTA 4  RAUL RIAÑO";4
13523;"PORTAL BOSA";91;"BOGOTA 4  RAUL RIAÑO";4
12924;"ACIP KENNEDY";91;"BOGOTA 4  RAUL RIAÑO";4
13312;"JIMENEZ DE QUESADA";91;"BOGOTA 4  RAUL RIAÑO";4
48670;"PASTRANA KENNEDY";91;"BOGOTA 4  RAUL RIAÑO";4
12931;"CASA B MIRAFLORES";91;"BOGOTA 4  RAUL RIAÑO";4
13541;"LLANO GRANDE";91;"BOGOTA 4  RAUL RIAÑO";4
12934;"LA GIRALDILLA";91;"BOGOTA 4  RAUL RIAÑO";4
12961;"BERLIN KENNEDY";91;"BOGOTA 4  RAUL RIAÑO";4
12885;"VILLA RICA";91;"BOGOTA 4  RAUL RIAÑO";4
12887;ONASIS;91;"BOGOTA 4  RAUL RIAÑO";4
12889;"VILLA NELLY";91;"BOGOTA 4  RAUL RIAÑO";4
12997;"CAMPO HERMOSO";93;"BOGOTA 6 - JAIDEN ALFONSO";4
12917;ALMENDROS;93;"BOGOTA 6 - JAIDEN ALFONSO";4
12915;TAIRONA;93;"BOGOTA 6 - JAIDEN ALFONSO";4
12972;PALMERAS;93;"BOGOTA 6 - JAIDEN ALFONSO";4
12995;SUMAPAZ;93;"BOGOTA 6 - JAIDEN ALFONSO";4
12999;"UNIR 1";93;"BOGOTA 6 - JAIDEN ALFONSO";4
12946;TOCAREMA;93;"BOGOTA 6 - JAIDEN ALFONSO";4
12872;ALTAMAR;93;"BOGOTA 6 - JAIDEN ALFONSO";4
12825;"BELLAVISTA KENNEDY";93;"BOGOTA 6 - JAIDEN ALFONSO";4
12873;"CIUDAD DE CALI KENNEDY";93;"BOGOTA 6 - JAIDEN ALFONSO";4
12970;"DINDALITO KENNEDY";93;"BOGOTA 6 - JAIDEN ALFONSO";4
12877;"LAS BRISAS";93;"BOGOTA 6 - JAIDEN ALFONSO";4
12994;"LAS VEGAS";93;"BOGOTA 6 - JAIDEN ALFONSO";4
12875;"TINTALITO KENNEDY";93;"BOGOTA 6 - JAIDEN ALFONSO";4
12720;"PRIMAVERA KENNEDY";93;"BOGOTA 6 - JAIDEN ALFONSO";4
12878;"RIVERAS DE OCCIDENTE KENNEDY";93;"BOGOTA 6 - JAIDEN ALFONSO";4
12853;"TIERRA BUENA";93;"BOGOTA 6 - JAIDEN ALFONSO";4
46200;CALANDAIMA;93;"BOGOTA 6 - JAIDEN ALFONSO";4
12907;"BARRANQUILLITA KENNEDY";93;"BOGOTA 6 - JAIDEN ALFONSO";4
12971;"CIUDAD GRANADA";93;"BOGOTA 6 - JAIDEN ALFONSO";4
12973;"SANTA MONICA KENNEDY";93;"BOGOTA 6 - JAIDEN ALFONSO";4
12962;"VILLA ANDRES";93;"BOGOTA 6 - JAIDEN ALFONSO";4
12876;"VILLA HERMOSA";93;"BOGOTA 6 - JAIDEN ALFONSO";4
12717;"PATIO BONITO KENNEDY";93;"BOGOTA 6 - JAIDEN ALFONSO";4
13259;"EL PORVENIR BOSA";93;"BOGOTA 6 - JAIDEN ALFONSO";4
12945;"ALAMEDAS DE SAN JOSE";93;"BOGOTA 6 - JAIDEN ALFONSO";4
12944;BETANIA;93;"BOGOTA 6 - JAIDEN ALFONSO";4
12942;"CHICALA BOSA";93;"BOGOTA 6 - JAIDEN ALFONSO";4
13275;"HOLANDA BOSA";93;"BOGOTA 6 - JAIDEN ALFONSO";4
48626;"LA ARBOLEDA BOSA";93;"BOGOTA 6 - JAIDEN ALFONSO";4
13272;"EL  PARAISO BOSA";93;"BOGOTA 6 - JAIDEN ALFONSO";4
12822;"FLORIDA BOSA";93;"BOGOTA 6 - JAIDEN ALFONSO";4
12996;"LA RIVERA BOSA";93;"BOGOTA 6 - JAIDEN ALFONSO";4
46112;TIBABITA;94;"BOGOTA 8.5- STIVEN FORERO";4
13509;"LA PALESTINA ENGATIVA";94;"BOGOTA 8.5- STIVEN FORERO";4
13451;"PALO BLANCO ENGATIVA";94;"BOGOTA 8.5- STIVEN FORERO";4
13429;"STA MA DEL LAGO ENGATIVA";94;"BOGOTA 8.5- STIVEN FORERO";4
13445;"EL PASEO ENGATIVA";94;"BOGOTA 8.5- STIVEN FORERO";4
13579;"MODELO NORTE";94;"BOGOTA 8.5- STIVEN FORERO";4
13606;"12 DE OCTUBRE";94;"BOGOTA 8.5- STIVEN FORERO";4
13450;"ENG ACAPULCO";94;"BOGOTA 8.5- STIVEN FORERO";4
13540;"SAN FERNANDO";94;"BOGOTA 8.5- STIVEN FORERO";4
13487;"PLAZA DEL VIRREY ENGATIVA";94;"BOGOTA 8.5- STIVEN FORERO";4
13461;"LA SALINA ENGATIVA";94;"BOGOTA 8.5- STIVEN FORERO";4
13408;"LOS MONJES ENGATIVA";94;"BOGOTA 8.5- STIVEN FORERO";4
13410;"SAN IGNACIO ENGATIVA";94;"BOGOTA 8.5- STIVEN FORERO";4
13432;"BELLA VISTA ENGATIVA";94;"BOGOTA 8.5- STIVEN FORERO";4
13506;"LA ESPAÑOLA ENGATIVA";94;"BOGOTA 8.5- STIVEN FORERO";4
13425;"LA GRANJA ENGATIVA";94;"BOGOTA 8.5- STIVEN FORERO";4
12789;"LAS FERIAS ENGATIVA";94;"BOGOTA 8.5- STIVEN FORERO";4
13424;"TABORA ENGATIVA";94;"BOGOTA 8.5- STIVEN FORERO";4
13411;"VILLA LUZ ENGATIVA";94;"BOGOTA 8.5- STIVEN FORERO";4
12826;"SAN JOAQUIN ENGATIVA";94;"BOGOTA 8.5- STIVEN FORERO";4
13417;"SANTA HELENITA ENGATIVA";94;"BOGOTA 8.5- STIVEN FORERO";4
13430;"BONANZA ENGATIVA";94;"BOGOTA 8.5- STIVEN FORERO";4
13442;"BOSQUE POPULAR ENGATIVA";94;"BOGOTA 8.5- STIVEN FORERO";4
13415;"BOYACA REAL ENGATIVA";94;"BOGOTA 8.5- STIVEN FORERO";4
13412;"EL ENCANTO ENGATIVA";94;"BOGOTA 8.5- STIVEN FORERO";4
12827;"NORMANDIA ENGATIVA";94;"BOGOTA 8.5- STIVEN FORERO";4
13419;"SAN MARCOS ENGATIVA";94;"BOGOTA 8.5- STIVEN FORERO";4
13435;"LOS CEREZOS ENGATIVA";94;"BOGOTA 8.5- STIVEN FORERO";4
13418;"LA CLARITA ENGATIVA";94;"BOGOTA 8.5- STIVEN FORERO";4
13416;"LA CONSOLACION ENGATIVA";94;"BOGOTA 8.5- STIVEN FORERO";4
13444;"LA ESTRADA ENGATIVA";94;"BOGOTA 8.5- STIVEN FORERO";4
13431;"LA ESTRADITA ENGATIVA";94;"BOGOTA 8.5- STIVEN FORERO";4
13420;"LA ISABELA ENGATIVA";94;"BOGOTA 8.5- STIVEN FORERO";4
13414;"LUJAN ENGATIVA";94;"BOGOTA 8.5- STIVEN FORERO";4
13409;"SANTA CECILIA ENGATIVA";94;"BOGOTA 8.5- STIVEN FORERO";4
13441;"LA CABAÑA ENGATIVA";94;"BOGOTA 8.5- STIVEN FORERO";4
13447;"DORADO NORTE ENGATIVA";94;"BOGOTA 8.5- STIVEN FORERO";4
13428;"ALMERIA ENGATIVA";94;"BOGOTA 8.5- STIVEN FORERO";4
13516;"VILLA CRISTINA ENGATIVA";94;"BOGOTA 8.5- STIVEN FORERO";4
13448;"EUROPA ENGATIVA";94;"BOGOTA 8.5- STIVEN FORERO";4
13504;"MORISCOS ENGATIVA";94;"BOGOTA 8.5- STIVEN FORERO";4
13446;"ENGATIV LAUREL";94;"BOGOTA 8.5- STIVEN FORERO";4
13513;"LUIS CARLOS GALAN ENGATIVA";94;"BOGOTA 8.5- STIVEN FORERO";4
25680;"TERRAZA DE LA GRANJA";107;"RUTA 3 MANIZALES";6
25648;TURIN;107;"RUTA 3 MANIZALES";6
25679;URAPANES;107;"RUTA 3 MANIZALES";6
25520;"SANTA ANA";107;"RUTA 3 MANIZALES";6
48744;ALTAMIRA;107;"RUTA 3 MANIZALES";6
48746;"ALTOS DE MONSERRATE";107;"RUTA 3 MANIZALES";6
48748;"GERARDO ARIAS";107;"RUTA 3 MANIZALES";6
48750;"LA ALAMEDA";107;"RUTA 3 MANIZALES";6
48752;"LOS VAGONES";107;"RUTA 3 MANIZALES";6
48754;"MIRADOR DELAS LOMAS";107;"RUTA 3 MANIZALES";6
48753;MIRAFLORES;107;"RUTA 3 MANIZALES";6
48755;NEREIDAS;107;"RUTA 3 MANIZALES";6
48756;"PINARES DEL RIO";107;"RUTA 3 MANIZALES";6
48757;POLIDEPORTIVO;107;"RUTA 3 MANIZALES";6
48759;"SANTAMARIA DE LA COLINA";107;"RUTA 3 MANIZALES";6
48760;"VILLA DIANA";107;"RUTA 3 MANIZALES";6
48761;"VILLA JARDIN";107;"RUTA 3 MANIZALES";6
48781;CENTRO;107;"RUTA 3 MANIZALES";6
48783;"EL CENTRO";107;"RUTA 3 MANIZALES";6
48773;ISABELA;107;"RUTA 3 MANIZALES";6
48788;"VILLA 3";107;"RUTA 3 MANIZALES";6
48786;"VILLA 5";107;"RUTA 3 MANIZALES";6
48789;"VILLA JUANITA";107;"RUTA 3 MANIZALES";6
48790;"EL NAZARENO";107;"RUTA 3 MANIZALES";6
48791;"LOS SAUCES";107;"RUTA 3 MANIZALES";6
48792;"VILLA 4";107;"RUTA 3 MANIZALES";6
48800;"SANTA LUCIA";107;"RUTA 3 MANIZALES";6
48801;"EL PALMAR";107;"RUTA 3 MANIZALES";6
48842;"LOS CEREZOS";107;"RUTA 3 MANIZALES";6
48745;"ALTOS DE LA VIRGEN";107;"RUTA 3 MANIZALES";6
48747;"BALCONES DE LA VILLA";107;"RUTA 3 MANIZALES";6
48782;"EL CRUCERO";107;"RUTA 3 MANIZALES";6
48802;"LA ALDEA";107;"RUTA 3 MANIZALES";6
48751;"LA CAPILLA";107;"RUTA 3 MANIZALES";6
25681;"LA GRANJITA";107;"RUTA 3 MANIZALES";6
25517;"LOS MOLINOS";107;"RUTA 3 MANIZALES";6
48787;PALMERAL;107;"RUTA 3 MANIZALES";6
48776;"VILLA 1";107;"RUTA 3 MANIZALES";6
48793;"VILLA ESPERANZA";107;"RUTA 3 MANIZALES";6
48785;"VILLA LUISA";107;"RUTA 3 MANIZALES";6
25702;"ALTOS DEL PORTON";107;"RUTA 3 MANIZALES";6
48796;HORIZONTE;107;"RUTA 3 MANIZALES";6
48749;"JORGE ELIECER GAITAN";107;"RUTA 3 MANIZALES";6
25682;"LA PORTEÑA";107;"RUTA 3 MANIZALES";6
48758;POPULAR;107;"RUTA 3 MANIZALES";6
25647;"LA FLORESTA";107;"RUTA 3 MANIZALES";6
25521;"LA PRADERA";107;"RUTA 3 MANIZALES";6
25555;CASTILLA;107;"RUTA 3 MANIZALES";6
25562;PALONEGRO;109;"RUTA 5 MANIZALES";6
25674;VENGALA;109;"RUTA 5 MANIZALES";6
25634;BENGALA;109;"RUTA 5 MANIZALES";6
25518;"EL CARIBE";109;"RUTA 5 MANIZALES";6
25589;"ALTA CAROLA";109;"RUTA 5 MANIZALES";6
25666;"AV. PARALELA";109;"RUTA 5 MANIZALES";6
25668;"BAJA CAROLA";109;"RUTA 5 MANIZALES";6
25503;"BAJO CARIBE";109;"RUTA 5 MANIZALES";6
25570;BAVARIA;109;"RUTA 5 MANIZALES";6
25671;"CERROS DE LA CAROLA";109;"RUTA 5 MANIZALES";6
25661;"COLINAS DE VILLA CAFE";109;"RUTA 5 MANIZALES";6
25662;"MIRADOR DE LA CAROLA";109;"RUTA 5 MANIZALES";6
25660;"PORTAL DEL CAFE";109;"RUTA 5 MANIZALES";6
25658;"VIÑA DEL RIO";109;"RUTA 5 MANIZALES";6
25592;"LA ESTRADA";109;"RUTA 5 MANIZALES";6
25687;"RINCON DE CASTILLA";109;"RUTA 5 MANIZALES";6
25627;"ALTO CARIBE";109;"RUTA 5 MANIZALES";6
25697;"AV KEVIN ANGEL";109;"RUTA 5 MANIZALES";6
25510;"BOSQUES DELNORTE";109;"RUTA 5 MANIZALES";6
25694;CAPRI;109;"RUTA 5 MANIZALES";6
25500;"ONDAS DE OTUN";109;"RUTA 5 MANIZALES";6
25646;"PALONEGRO NUEVO";109;"RUTA 5 MANIZALES";6
25669;SAMARIA;109;"RUTA 5 MANIZALES";6
25688;"SAN SEBASTIAN";109;"RUTA 5 MANIZALES";6
46487;SINAI;109;"RUTA 5 MANIZALES";6
46488;SOLFERINO;109;"RUTA 5 MANIZALES";6
46539;"VISTA HERMOSA";109;"RUTA 5 MANIZALES";6
25664;"ALTOS DE GRANADA";109;"RUTA 5 MANIZALES";6
25631;COMUNERO;109;"RUTA 5 MANIZALES";6
25515;"LA CAROLA";109;"RUTA 5 MANIZALES";6
25644;"LA CAROLITA";109;"RUTA 5 MANIZALES";6
25640;"VILLA CAFE (CAROLA)";109;"RUTA 5 MANIZALES";6
25652;"BAJA LEONORA";109;"RUTA 5 MANIZALES";6
25673;PORVENIR;109;"RUTA 5 MANIZALES";6
25577;"RESERVA DE CASTILLA";109;"RUTA 5 MANIZALES";6
25584;"SAN CAYETANO";109;"RUTA 5 MANIZALES";6
25623;"ALTOS DE CAPRI";109;"RUTA 5 MANIZALES";6
25641;"FANNY GONZALEZ";109;"RUTA 5 MANIZALES";6
25578;PERALONSO;109;"RUTA 5 MANIZALES";6
25656;"PUERTAS DEL SOL";109;"RUTA 5 MANIZALES";6
25629;"VILLA DEL RIO";109;"RUTA 5 MANIZALES";6
25532;"VILLA HERMOSA";109;"RUTA 5 MANIZALES";6
25619;"AMERICAS (SAN JORGE)";109;"RUTA 5 MANIZALES";6
25689;"CRISTO REY";109;"RUTA 5 MANIZALES";6
25508;"EL CAMPIN";109;"RUTA 5 MANIZALES";6
25653;"EL SOL";109;"RUTA 5 MANIZALES";6
25622;FUNDADORES;109;"RUTA 5 MANIZALES";6
25695;GALERIA;109;"RUTA 5 MANIZALES";6
25650;"LA PRIMAVERA";109;"RUTA 5 MANIZALES";6
25649;"LAS DELICIAS";109;"RUTA 5 MANIZALES";6
25617;LIBORIO;109;"RUTA 5 MANIZALES";6
25637;"LOS ROSALES";109;"RUTA 5 MANIZALES";6
25516;"SAN JOSE";109;"RUTA 5 MANIZALES";6
25511;"VILLA JULIA";109;"RUTA 5 MANIZALES";6
25529;"VILLA NUEVA";109;"RUTA 5 MANIZALES";6
25544;"LA ARGENTINA";109;"RUTA 5 MANIZALES";6
25574;ALAMOS;109;"RUTA 5 MANIZALES";6
25497;COLOMBIA;109;"RUTA 5 MANIZALES";6
25586;"LA ASUNCION";109;"RUTA 5 MANIZALES";6
25621;LEONORA;109;"RUTA 5 MANIZALES";6
25533;LLERAS;109;"RUTA 5 MANIZALES";6
25514;"LOS CEDROS";109;"RUTA 5 MANIZALES";6
25582;SAENZ;109;"RUTA 5 MANIZALES";6
25528;"SAN JORGE";109;"RUTA 5 MANIZALES";6
25608;"SANTA HELENA";109;"RUTA 5 MANIZALES";6
25576;URIBE;109;"RUTA 5 MANIZALES";6
25613;"LA DANIELA";109;"RUTA 5 MANIZALES";6
25501;VELEZ;109;"RUTA 5 MANIZALES";6
25651;"BETANIA (CUMBRE)";110;"RUTA 4 MANIZALES";6
25540;"MINUTO DE DIOS";110;"RUTA 4 MANIZALES";6
25546;"ATANASIO GIRARDOT";110;"RUTA 4 MANIZALES";6
25701;"AV LINDSAY";110;"RUTA 4 MANIZALES";6
25675;"BAJO PALERMO";110;"RUTA 4 MANIZALES";6
25591;GUAYACANES;110;"RUTA 4 MANIZALES";6
25600;"LA CAMELIA";110;"RUTA 4 MANIZALES";6
25495;"LA ESTRELLA";110;"RUTA 4 MANIZALES";6
25551;PALOGRANDE;110;"RUTA 4 MANIZALES";6
25626;"PIO XII";110;"RUTA 4 MANIZALES";6
25659;"BAJO VERSALLES";110;"RUTA 4 MANIZALES";6
25588;LAURELES;110;"RUTA 4 MANIZALES";6
25657;TRIANGULO;110;"RUTA 4 MANIZALES";6
25538;"VILLA CAFE LOS YARUMOS";110;"RUTA 4 MANIZALES";6
25686;"VILLA CAFE MINITAS";110;"RUTA 4 MANIZALES";6
25534;"VILLA LUZ";110;"RUTA 4 MANIZALES";6
25667;TEJARES;110;"RUTA 4 MANIZALES";6
25549;KENNEDY;110;"RUTA 4 MANIZALES";6
25550;"NUEVO FATIMA";110;"RUTA 4 MANIZALES";6
25524;PALERMO;110;"RUTA 4 MANIZALES";6
25624;BELEN;110;"RUTA 4 MANIZALES";6
25543;COLSEGUROS;110;"RUTA 4 MANIZALES";6
25643;"LA ARBOLEDA";110;"RUTA 4 MANIZALES";6
25583;"LA RAMBLA";110;"RUTA 4 MANIZALES";6
25548;MILAN;110;"RUTA 4 MANIZALES";6
25535;MINITAS;110;"RUTA 4 MANIZALES";6
25676;"SAN RAFAEL";110;"RUTA 4 MANIZALES";6
25537;VIVEROS;110;"RUTA 4 MANIZALES";6
25545;ARANJUEZ;110;"RUTA 4 MANIZALES";6
25620;"CAMILO TORRES";110;"RUTA 4 MANIZALES";6
25506;FATIMA;110;"RUTA 4 MANIZALES";6
25614;"JOSE RESTREPO";110;"RUTA 4 MANIZALES";6
25539;"LA TOSCANA";110;"RUTA 4 MANIZALES";6
25554;"LAS COLINAS";110;"RUTA 4 MANIZALES";6
25541;"ALTA SUIZA";110;"RUTA 4 MANIZALES";6
25502;"LA SULTANA";110;"RUTA 4 MANIZALES";6
25525;MALHABAR;110;"RUTA 4 MANIZALES";6
25569;CERVANTES;110;"RUTA 4 MANIZALES";6
25531;"LA CUMBRE";110;"RUTA 4 MANIZALES";6
25536;"BETANIA (FATIMA)";110;"RUTA 4 MANIZALES";6
25557;BETANIA;110;"RUTA 4 MANIZALES";6
25581;"BAJO CERVANTES";110;"RUTA 4 MANIZALES";6
25607;VERSALLES;110;"RUTA 4 MANIZALES";6
25698;FANEON;110;"RUTA 4 MANIZALES";6
25824;"URBANIZACION LA RIVIERA";131;"BUCARAMANGA 3";7
25941;"EL MIRADOR";131;"BUCARAMANGA 3";7
25712;"JUAN BOSCO";131;"BUCARAMANGA 3";7
25792;"BRISAS DEL PALMAR";131;"BUCARAMANGA 3";7
25967;"CONJ PORTAL DE OVIEDO (VIA GIRON)";131;"BUCARAMANGA 3";7
25785;"CIUDAD METROPOLITANA";131;"BUCARAMANGA 3";7
25925;"CRISTAL BAJO";131;"BUCARAMANGA 3";7
26213;"EL UVO";131;"BUCARAMANGA 3";7
25784;ESPAÑA;131;"BUCARAMANGA 3";7
25973;"LUZ DE SALVACION";131;"BUCARAMANGA 3";7
25841;"PUNTA PARAISO";131;"BUCARAMANGA 3";7
25852;"VILLAS DEL NOGAL";131;"BUCARAMANGA 3";7
25727;PORVENIR;131;"BUCARAMANGA 3";7
25752;"TOLEDO PLATA";131;"BUCARAMANGA 3";7
25779;"CRISTAL ALTO";131;"BUCARAMANGA 3";7
25753;DANGON;131;"BUCARAMANGA 3";7
25868;FONTANA;131;"BUCARAMANGA 3";7
25908;MALPASO;131;"BUCARAMANGA 3";7
25790;GUADUALES;131;"BUCARAMANGA 3";7
25705;"DIAMANTE 2";131;"BUCARAMANGA 3";7
25707;PROVENZA;131;"BUCARAMANGA 3";7
25710;"SAN LUIS";131;"BUCARAMANGA 3";7
25782;ALAMEDA;133;"BUCARAMANGA 1";7
25763;CENTAUROS;133;"BUCARAMANGA 1";7
25767;"CHICO REAL II";133;"BUCARAMANGA 1";7
25780;LAURELES;133;"BUCARAMANGA 1";7
25887;AFRICA;133;"BUCARAMANGA 1";7
25762;CORDONCILLO;133;"BUCARAMANGA 1";7
25756;"NARANJO 2";133;"BUCARAMANGA 1";7
25764;CANELOS;133;"BUCARAMANGA 1";7
25751;"CIUDAD BOLIVAR";133;"BUCARAMANGA 1";7
25742;ESTORAQUES;133;"BUCARAMANGA 1";7
25745;"ESTORAQUES 1";133;"BUCARAMANGA 1";7
25746;"ESTORAQUES 2";133;"BUCARAMANGA 1";7
25806;"LA CEIBA";133;"BUCARAMANGA 1";7
25890;"LA GRAN LADERA";133;"BUCARAMANGA 1";7
25743;MANZANARES;133;"BUCARAMANGA 1";7
25747;MONTERREDONDO;133;"BUCARAMANGA 1";7
25720;MUTIS;133;"BUCARAMANGA 1";7
25748;"PRADOS DEL MUTIS";133;"BUCARAMANGA 1";7
25744;"PUNTA ESTRELLA";133;"BUCARAMANGA 1";7
25862;"REAL DE MINAS";133;"BUCARAMANGA 1";7
25832;"ALMENDROS CIUDADELA";133;"BUCARAMANGA 1";7
25986;BALCONCITO;133;"BUCARAMANGA 1";7
25808;BOLARQUI;133;"BUCARAMANGA 1";7
25726;BUCARAMANGA;133;"BUCARAMANGA 1";7
25778;COLOMBIA;133;"BUCARAMANGA 1";7
25770;"CORDONCILLO II";133;"BUCARAMANGA 1";7
25805;"LA SALLE";133;"BUCARAMANGA 1";7
25760;"LA VICTORIA";133;"BUCARAMANGA 1";7
25755;NARANJO;133;"BUCARAMANGA 1";7
25759;"PABLO VI";133;"BUCARAMANGA 1";7
25761;"SAN GERARDO";133;"BUCARAMANGA 1";7
25952;"VILLAS SANTA SOFIA (REAL DE MINAS)";133;"BUCARAMANGA 1";7
25749;"BRISAS DEL MUTIS";133;"BUCARAMANGA 1";7
25757;HEROES;133;"BUCARAMANGA 1";7
25917;"LOS ALMENDROS";133;"BUCARAMANGA 1";7
25960;"PEÑON DEL VALLE";133;"BUCARAMANGA 1";7
25772;"CIUDAD VENECIA";133;"BUCARAMANGA 1";7
25768;COAVICONSA;133;"BUCARAMANGA 1";7
25773;CONQUISTADORES;133;"BUCARAMANGA 1";7
25718;"EL ROCIO";133;"BUCARAMANGA 1";7
25874;ISABELAR;133;"BUCARAMANGA 1";7
25771;"LAS DELICIAS";133;"BUCARAMANGA 1";7
25719;"MANUELA BELTRAN";133;"BUCARAMANGA 1";7
25769;"SANTA MARIA";133;"BUCARAMANGA 1";7
26212;"VILLA CANDADO";133;"BUCARAMANGA 1";7
25844;"VILLA SARA";133;"BUCARAMANGA 1";7
25774;"NUEVA FONTANA";133;"BUCARAMANGA 1";7
25729;"URBANIZACION VILLA ALICIA";133;"BUCARAMANGA 1";7
25734;"VILLA ALICIA";133;"BUCARAMANGA 1";7
26214;"VILLA FLOR";133;"BUCARAMANGA 1";7
25775;CANDILES;133;"BUCARAMANGA 1";7
25800;"LA CONCORDIA";133;"BUCARAMANGA 1";7
25891;RICAUTE;133;"BUCARAMANGA 1";7
25776;"SAN MIGUEL";133;"BUCARAMANGA 1";7
25827;"ALTOS DE FONTANA";133;"BUCARAMANGA 1";7
25786;"VILLA SOLAR";140;"BUCARAMANGA 5 FLORIDA";7
26102;ASOCOFLOR;140;"BUCARAMANGA 5 FLORIDA";7
25998;"OIPIES BOMBA COTRANDER";140;"BUCARAMANGA 5 FLORIDA";7
25791;"QUINTAS DE SANTA ANA";140;"BUCARAMANGA 5 FLORIDA";7
25939;"VILLA SAN PEDRO";140;"BUCARAMANGA 5 FLORIDA";7
26000;GUANATA;140;"BUCARAMANGA 5 FLORIDA";7
25991;"EL CARMEN V";140;"BUCARAMANGA 5 FLORIDA";7
26005;"VILLA HELENA";140;"BUCARAMANGA 5 FLORIDA";7
26219;"ALTOS CARACOLI";140;"BUCARAMANGA 5 FLORIDA";7
25822;ANDALUCIA;140;"BUCARAMANGA 5 FLORIDA";7
25996;AVITEL;140;"BUCARAMANGA 5 FLORIDA";7
26223;"BUCARICA 2";140;"BUCARAMANGA 5 FLORIDA";7
25885;"CIUDAD JARDIN";140;"BUCARAMANGA 5 FLORIDA";7
25990;"EL CARMEN IV";140;"BUCARAMANGA 5 FLORIDA";7
25981;"LAS PALMERAS";140;"BUCARAMANGA 5 FLORIDA";7
25918;"LAS VILLAS";140;"BUCARAMANGA 5 FLORIDA";7
26009;LAURELES;140;"BUCARAMANGA 5 FLORIDA";7
25975;"PALMERA DE VILLA LUZ";140;"BUCARAMANGA 5 FLORIDA";7
25870;"URB BELLAVISTA";140;"BUCARAMANGA 5 FLORIDA";7
25976;"VILLA LUZ";140;"BUCARAMANGA 5 FLORIDA";7
25965;"ALTOS DE BELLAVISTA";140;"BUCARAMANGA 5 FLORIDA";7
26024;BELLAVISTA;140;"BUCARAMANGA 5 FLORIDA";7
25739;BUCARICA;140;"BUCARAMANGA 5 FLORIDA";7
26016;CARACOLI;140;"BUCARAMANGA 5 FLORIDA";7
25979;"EL CARMEN";140;"BUCARAMANGA 5 FLORIDA";7
25989;"EL CARMEN II";140;"BUCARAMANGA 5 FLORIDA";7
25992;"EL CARMEN VI";140;"BUCARAMANGA 5 FLORIDA";7
26007;ESCOFLOR;140;"BUCARAMANGA 5 FLORIDA";7
25984;"JOSE A MORALES";140;"BUCARAMANGA 5 FLORIDA";7
25765;"LA CUMBRE";140;"BUCARAMANGA 5 FLORIDA";7
25995;"LOS LAURELES";140;"BUCARAMANGA 5 FLORIDA";7
25947;"ROSALES 3";140;"BUCARAMANGA 5 FLORIDA";7
26031;"PALMERAS II";140;"BUCARAMANGA 5 FLORIDA";7
26104;"PRADOS DEL SUR LA CUMBRE";140;"BUCARAMANGA 5 FLORIDA";7
25993;"VILLA ALCAZAR";140;"BUCARAMANGA 5 FLORIDA";7
26008;"VILLA REAL";140;"BUCARAMANGA 5 FLORIDA";7
26015;"ALTOS DE VILLABEL";140;"BUCARAMANGA 5 FLORIDA";7
25877;"CIUDAD VALENCIA";140;"BUCARAMANGA 5 FLORIDA";7
25932;"MOLINOS ALTOS";140;"BUCARAMANGA 5 FLORIDA";7
26002;ROSALES;140;"BUCARAMANGA 5 FLORIDA";7
25878;VILLABEL;140;"BUCARAMANGA 5 FLORIDA";7
25888;"MOLINOS BAJOS";140;"BUCARAMANGA 5 FLORIDA";7
26533;"SAN JOSE";182;"RUTA 5  ENVIGADO";3
26528;"LA MINA";182;"RUTA 5  ENVIGADO";3
26530;"SAN RAFAEL";182;"RUTA 5  ENVIGADO";3
26520;ALMENDROS;182;"RUTA 5  ENVIGADO";3
46188;VILLAGRANDE;182;"RUTA 5  ENVIGADO";3
12009;ENVIGADO;182;"RUTA 5  ENVIGADO";3
26550;"SAN MARCOS";182;"RUTA 5  ENVIGADO";3
26432;NARANJOS;182;"RUTA 5  ENVIGADO";3
27141;PONTEVEDRA;182;"RUTA 5  ENVIGADO";3
46450;"CONDOMINIO SAN MARCOS";182;"RUTA 5  ENVIGADO";3
26538;"URIBE ANGEL";182;"RUTA 5  ENVIGADO";3
26492;FLORES;182;"RUTA 5  ENVIGADO";3
26498;SEBASTIANA;182;"RUTA 5  ENVIGADO";3
26499;"ALTOS DE MISAEL";182;"RUTA 5  ENVIGADO";3
26399;SALADO;182;"RUTA 5  ENVIGADO";3
46187;SALADO;182;"RUTA 5  ENVIGADO";3
46538;FRAISAL;182;"RUTA 5  ENVIGADO";3
26548;"CHINGUI 1";182;"RUTA 5  ENVIGADO";3
26546;ORQUIDEA;182;"RUTA 5  ENVIGADO";3
26531;SEÑORIAL;182;"RUTA 5  ENVIGADO";3
26527;TRIANON;182;"RUTA 5  ENVIGADO";3
46541;BUCAREST;182;"RUTA 5  ENVIGADO";3
26496;ALCALA;182;"RUTA 5  ENVIGADO";3
27139;"BOSQUES DE ZUÑIGA";182;"RUTA 5  ENVIGADO";3
26511;CENTRO;182;"RUTA 5  ENVIGADO";3
26497;DORADO;182;"RUTA 5  ENVIGADO";3
26544;JARDIN;182;"RUTA 5  ENVIGADO";3
46189;"LA MAGNOLIA";182;"RUTA 5  ENVIGADO";3
26493;"LA PAZ";182;"RUTA 5  ENVIGADO";3
26539;MAGNOLIA;182;"RUTA 5  ENVIGADO";3
26522;MESA;182;"RUTA 5  ENVIGADO";3
27137;MILAN;182;"RUTA 5  ENVIGADO";3
26594;"OASIS 1";182;"RUTA 5  ENVIGADO";3
26553;OBRERO;182;"RUTA 5  ENVIGADO";3
26607;PRIMAVERA;182;"RUTA 5  ENVIGADO";3
26590;"VISTA ALEGRE";182;"RUTA 5  ENVIGADO";3
26554;AGUACATALA;182;"RUTA 5  ENVIGADO";3
26420;"EL  BRAZIL";182;"RUTA 5  ENVIGADO";3
48623;TRIANON;182;"RUTA 5  ENVIGADO";3
48629;"LOMA DE LAS BRUJAS";182;"RUTA 5  ENVIGADO";3
48641;"EL DORADO";182;"RUTA 5  ENVIGADO";3
48627;"LA MINA";182;"RUTA 5  ENVIGADO";3
48628;"URIBE ANGEL";182;"RUTA 5  ENVIGADO";3
48633;ALCALA;182;"RUTA 5  ENVIGADO";3
48638;"ALTO DE MISAEL";182;"RUTA 5  ENVIGADO";3
48630;"BOSQUES DE ZUÑIGA";182;"RUTA 5  ENVIGADO";3
48639;BUCAREST;182;"RUTA 5  ENVIGADO";3
48634;"EL PORTAL";182;"RUTA 5  ENVIGADO";3
48636;JARDINES;182;"RUTA 5  ENVIGADO";3
48631;"LAS VEGAS";182;"RUTA 5  ENVIGADO";3
48640;OBRERO;182;"RUTA 5  ENVIGADO";3
48635;"SAN MARCOS";182;"RUTA 5  ENVIGADO";3
48637;ZUÑIGA;182;"RUTA 5  ENVIGADO";3
26699;GUALANDAYES;182;"RUTA 5  ENVIGADO";3
26819;"SAN MATEO";182;"RUTA 5  ENVIGADO";3
26604;"SAN JUAQUIN-SAB";197;"RUTA 3  SABANETA";3
26596;"LOS DOLORES";197;"RUTA 3  SABANETA";3
26514;"RAMON ARCILA";197;"RUTA 3  SABANETA";3
26495;HOLANDA;197;"RUTA 3  SABANETA";3
26503;CERAMICA;197;"RUTA 3  SABANETA";3
26510;HOJARASCA;197;"RUTA 3  SABANETA";3
26587;"LOS SERNAS";197;"RUTA 3  SABANETA";3
26551;MAYORCA;197;"RUTA 3  SABANETA";3
26489;"PASO ANCHO";197;"RUTA 3  SABANETA";3
27140;"LOMA DEL BARRO";197;"RUTA 3  SABANETA";3
46322;BETANIA;197;"RUTA 3  SABANETA";3
26401;"CAMPO ALEGRE";197;"RUTA 3  SABANETA";3
26364;SANTANA;197;"RUTA 3  SABANETA";3
26526;"VIRGEN DEL CARMEN";197;"RUTA 3  SABANETA";3
26597;"CALLE DEL BANCO";197;"RUTA 3  SABANETA";3
27136;CAÑAVERALEJO;197;"RUTA 3  SABANETA";3
26605;CARMELO;197;"RUTA 3  SABANETA";3
46326;ARIAS;197;"RUTA 3  SABANETA";3
26595;"SAN FERNANDO";197;"RUTA 3  SABANETA";3
26517;"SANTA ANA";197;"RUTA 3  SABANETA";3
26505;"ENTRE AMIGOS";197;"RUTA 3  SABANETA";3
26502;ALIADAS;197;"RUTA 3  SABANETA";3
26486;METROPOLITANO;197;"RUTA 3  SABANETA";3
26537;"LAS FLORES";197;"RUTA 3  SABANETA";3
46304;"PAN DE AZÚCAR";197;"RUTA 3  SABANETA";3
26515;BARQUEREÑA;197;"RUTA 3  SABANETA";3
26508;RESTREPO;197;"RUTA 3  SABANETA";3
26506;"CALLE LARGA";197;"RUTA 3  SABANETA";3
26598;"MARIA AUXILIADORA";197;"RUTA 3  SABANETA";3
26491;PRADOS;197;"RUTA 3  SABANETA";3
27143;"SAN ISIDRO";197;"RUTA 3  SABANETA";3
26543;"LAS CASITAS";197;"RUTA 3  SABANETA";3
26599;"LA DOCTORA";197;"RUTA 3  SABANETA";3
26412;SABANETA;197;"RUTA 3  SABANETA";3
26552;"VILLAS DEL CARMEN";197;"RUTA 3  SABANETA";3
26373;YARUMITO;197;"RUTA 3  SABANETA";3
12211;"BARRIO COLOMBIA";197;"RUTA 3  SABANETA";3
46222;"LOMA DEL INDIO";197;"RUTA 3  SABANETA";3
26356;SAMARIA;197;"RUTA 3  SABANETA";3
12026;POBLADO;197;"RUTA 3  SABANETA";3
26332;"EL PALMAR";197;"RUTA 3  SABANETA";3
26336;INDEPENDENCIA;197;"RUTA 3  SABANETA";3
26388;"LAS MARGARITAS";197;"RUTA 3  SABANETA";3
26392;"LAS MERCEDES";197;"RUTA 3  SABANETA";3
26343;MARGARITAS;197;"RUTA 3  SABANETA";3
26534;NARANJOS;197;"RUTA 3  SABANETA";3
26416;PALMAR;197;"RUTA 3  SABANETA";3
26410;"SANTA MARIA LA NUEVA";197;"RUTA 3  SABANETA";3
12218;"PATIO BONITO";197;"RUTA 3  SABANETA";3
26484;POBLADO;197;"RUTA 3  SABANETA";3
12287;"POBLADO (MANILA)";197;"RUTA 3  SABANETA";3
12217;"SANTA MARIA DE LOS ANGELES";197;"RUTA 3  SABANETA";3
26365;SURAMERICA;197;"RUTA 3  SABANETA";3
48645;"CALLE DEL BANCO";197;"RUTA 3  SABANETA";3
48646;"CALLE LARGA";197;"RUTA 3  SABANETA";3
48643;"ALIADAS DEL SUR";197;"RUTA 3  SABANETA";3
48652;"MANUEL RESTREPO";197;"RUTA 3  SABANETA";3
48647;ENTREAMIGOS;197;"RUTA 3  SABANETA";3
48632;"LAS CASITAS";197;"RUTA 3  SABANETA";3
48644;"ANCON SUR";197;"RUTA 3  SABANETA";3
48648;"LA BARQUEREÑA";197;"RUTA 3  SABANETA";3
48650;"LAS CASITAS";197;"RUTA 3  SABANETA";3
48651;"LOS ALCAZARES";197;"RUTA 3  SABANETA";3
26516;"SAN FRANCISCO";197;"RUTA 3  SABANETA";3
26456;FLORIDA;197;"RUTA 3  SABANETA";3
26463;"LA FINQUITA";197;"RUTA 3  SABANETA";3
26434;AGIZAL;207;"SIN RUTA";9
26453;"AIDAS DEL PRADO";207;"SIN RUTA";9
26324;"ALFONSO LOPEZ";207;"SIN RUTA";9
26436;"ALTO LA PLAYITA";207;"SIN RUTA";9
26328;BELENCITO;207;"SIN RUTA";9
26384;BELLO;207;"SIN RUTA";9
26406;BENALCAZAR;207;"SIN RUTA";9
26329;BOSTON;207;"SIN RUTA";9
26441;"CENTRAL MAYORISTA";207;"SIN RUTA";9
26478;COMFAMA;207;"SIN RUTA";9
26455;"FLORES Y COLORES";207;"SIN RUTA";9
26591;"LA CEJA";207;"SIN RUTA";9
26344;MEDELLIN;207;"SIN RUTA";9
26345;MILAGROSA;207;"SIN RUTA";9
26536;NARAPO;207;"SIN RUTA";9
26346;NIQUIA;207;"SIN RUTA";9
26547;PALOMA;207;"SIN RUTA";9
26391;"PORTON DEL LIMONAR";207;"SIN RUTA";9
26439;"PRADOS DE MARIA";207;"SIN RUTA";9
26447;PRIMAVERAL;207;"SIN RUTA";9
26562;PUMBAL;207;"SIN RUTA";9
26352;ROBLEDO;207;"SIN RUTA";9
26360;"SAN JUAN";207;"SIN RUTA";9
26375;"SAN PEDRO DE LOS MILAGROS";207;"SIN RUTA";9
26602;"SANTA FE-GUAYABAL";207;"SIN RUTA";9
26435;SANTUARIO;207;"SIN RUTA";9
26366;"TORRES DE SAMARIA";207;"SIN RUTA";9
26368;"URB COMPARTIR";207;"SIN RUTA";9
26758;"OASIS 2";207;"SIN RUTA";9
26579;ACUARELA;208;"RUTA 1 CALDAS";3
26566;"VILLA CAPRI";208;"RUTA 1 CALDAS";3
26560;ESPERANZA;208;"RUTA 1 CALDAS";3
26581;UNIDOS;208;"RUTA 1 CALDAS";3
27134;"FERRERIA - ESTRELLA";208;"RUTA 1 CALDAS";3
26460;ESPERANZA-1;208;"RUTA 1 CALDAS";3
26415;"CRISTO REY-1";208;"RUTA 1 CALDAS";3
26488;"ANDA LUCIA";208;"RUTA 1 CALDAS";3
26377;"BELLA VISTA";208;"RUTA 1 CALDAS";3
46128;CALDAS;208;"RUTA 1 CALDAS";3
26568;CEREZOS;208;"RUTA 1 CALDAS";3
26573;"EL SOCORRO";208;"RUTA 1 CALDAS";3
26582;"FELIPE ECHAVARRIA";208;"RUTA 1 CALDAS";3
26567;FUNDADORES;208;"RUTA 1 CALDAS";3
26559;INMACULADA;208;"RUTA 1 CALDAS";3
26563;MARGARITAS;208;"RUTA 1 CALDAS";3
26572;"OLAYA HERRERA";208;"RUTA 1 CALDAS";3
26331;PARQUE;208;"RUTA 1 CALDAS";3
26576;PLAYITA;208;"RUTA 1 CALDAS";3
26580;RIVERA;208;"RUTA 1 CALDAS";3
26571;"SAN JUDAS";208;"RUTA 1 CALDAS";3
26583;MANDALAY;208;"RUTA 1 CALDAS";3
27142;"CAMPO ALEGRE";208;"RUTA 1 CALDAS";3
26570;"SANTA LUCIA";208;"RUTA 1 CALDAS";3
26577;CENTENARIO;208;"RUTA 1 CALDAS";3
26584;"BELLOS AIRES";208;"RUTA 1 CALDAS";3
26575;"CRISTO REY";208;"RUTA 1 CALDAS";3
26574;HOSPITAL;208;"RUTA 1 CALDAS";3
26565;"VILLA SOL";208;"RUTA 1 CALDAS";3
26569;PLANTA;208;"RUTA 1 CALDAS";3
26578;"SANTA MARIA";208;"RUTA 1 CALDAS";3
26327;"BARRIOS UNIDOS";208;"RUTA 1 CALDAS";3
26487;TANQUES;208;"RUTA 1 CALDAS";3
26512;"VALLE SOL";208;"RUTA 1 CALDAS";3
26408;"LA TABLAZA";208;"RUTA 1 CALDAS";3
45640;"7 DE AGOSTO D/DAS";212;"RUTA 1 DOSQ ,FRAILES,JAPON - JHON HERRERA";5
46507;"NUEVO BOSQUE";212;"RUTA 1 DOSQ ,FRAILES,JAPON - JHON HERRERA";5
35088;"LA PRIMAVERA";212;"RUTA 1 DOSQ ,FRAILES,JAPON - JHON HERRERA";5
45626;"NOGAL DE LOS ALPES";212;"RUTA 1 DOSQ ,FRAILES,JAPON - JHON HERRERA";5
45674;"EL PORVENIR D/DAS";212;"RUTA 1 DOSQ ,FRAILES,JAPON - JHON HERRERA";5
45681;"PORTAL DEL SOL D/DAS";212;"RUTA 1 DOSQ ,FRAILES,JAPON - JHON HERRERA";5
35195;"QUINTAS DE SAN SEBASTIAN";212;"RUTA 1 DOSQ ,FRAILES,JAPON - JHON HERRERA";5
45675;"SAN SEBASTIAN D/DAS";212;"RUTA 1 DOSQ ,FRAILES,JAPON - JHON HERRERA";5
34995;BALALAIKA;212;"RUTA 1 DOSQ ,FRAILES,JAPON - JHON HERRERA";5
45660;"BOSQUES DE SAN MARTIN";212;"RUTA 1 DOSQ ,FRAILES,JAPON - JHON HERRERA";5
45682;"CONJUNTO ZUITAMA D/DAS";212;"RUTA 1 DOSQ ,FRAILES,JAPON - JHON HERRERA";5
45678;"EL CARBONERO";212;"RUTA 1 DOSQ ,FRAILES,JAPON - JHON HERRERA";5
45651;"LA SOLEDAD";212;"RUTA 1 DOSQ ,FRAILES,JAPON - JHON HERRERA";5
45668;"MERCURIO D/DAS";212;"RUTA 1 DOSQ ,FRAILES,JAPON - JHON HERRERA";5
45659;"RESERVAS DE MILAN D/DAS";212;"RUTA 1 DOSQ ,FRAILES,JAPON - JHON HERRERA";5
45666;"TULIPANES D/DAS";212;"RUTA 1 DOSQ ,FRAILES,JAPON - JHON HERRERA";5
45676;"URB. COLMENARES D/DAS";212;"RUTA 1 DOSQ ,FRAILES,JAPON - JHON HERRERA";5
45663;"URB. EL BOSQUE D/DAS";212;"RUTA 1 DOSQ ,FRAILES,JAPON - JHON HERRERA";5
45665;"VILLA DEL PILAR D/DAS";212;"RUTA 1 DOSQ ,FRAILES,JAPON - JHON HERRERA";5
45667;"NVA GRANADA D/DAS";212;"RUTA 1 DOSQ ,FRAILES,JAPON - JHON HERRERA";5
35212;"QUINTAS DEL JARDIN COLONIAL";212;"RUTA 1 DOSQ ,FRAILES,JAPON - JHON HERRERA";5
45673;"JARDIN COLONIAL D/DAS";212;"RUTA 1 DOSQ ,FRAILES,JAPON - JHON HERRERA";5
35215;"LLANO AZUL";212;"RUTA 1 DOSQ ,FRAILES,JAPON - JHON HERRERA";5
45642;"CESAR AGUSTO D/DAS";212;"RUTA 1 DOSQ ,FRAILES,JAPON - JHON HERRERA";5
45650;"INDEPENDENCIA D/DAS";212;"RUTA 1 DOSQ ,FRAILES,JAPON - JHON HERRERA";5
45616;LIBERTADORES;212;"RUTA 1 DOSQ ,FRAILES,JAPON - JHON HERRERA";5
35014;CAMBULOS;212;"RUTA 1 DOSQ ,FRAILES,JAPON - JHON HERRERA";5
45643;"QUINTAS DE SAN SEBASTIAN D/DAS";212;"RUTA 1 DOSQ ,FRAILES,JAPON - JHON HERRERA";5
35251;"OLIVOS DOSQUEBRADA";212;"RUTA 1 DOSQ ,FRAILES,JAPON - JHON HERRERA";5
46545;"VARIANTE LA ROMELIA EL POLLO";212;"RUTA 1 DOSQ ,FRAILES,JAPON - JHON HERRERA";5
35024;"CASAS DE MILAN";212;"RUTA 1 DOSQ ,FRAILES,JAPON - JHON HERRERA";5
45636;"GUADUALES DE MILAN";212;"RUTA 1 DOSQ ,FRAILES,JAPON - JHON HERRERA";5
46073;"SAN RAFAEL D/DAS";212;"RUTA 1 DOSQ ,FRAILES,JAPON - JHON HERRERA";5
45653;"ALTOS DE VILLA MARIELA";212;"RUTA 1 DOSQ ,FRAILES,JAPON - JHON HERRERA";5
35214;"VILLA FANNY";212;"RUTA 1 DOSQ ,FRAILES,JAPON - JHON HERRERA";5
45638;"VILLA FANNY D/DAS";212;"RUTA 1 DOSQ ,FRAILES,JAPON - JHON HERRERA";5
45645;"VILLA DE LOS LAGOS D/DAS";212;"RUTA 1 DOSQ ,FRAILES,JAPON - JHON HERRERA";5
45669;"VILLA TULA D/DAS";212;"RUTA 1 DOSQ ,FRAILES,JAPON - JHON HERRERA";5
45280;VENUS;212;"RUTA 1 DOSQ ,FRAILES,JAPON - JHON HERRERA";5
35027;"CESAR AUGUSTO";212;"RUTA 1 DOSQ ,FRAILES,JAPON - JHON HERRERA";5
46530;"CONJUNTO RESIDENCIAL AQUA";212;"RUTA 1 DOSQ ,FRAILES,JAPON - JHON HERRERA";5
45278;"ALTOS DE LA CAPILLA";212;"RUTA 1 DOSQ ,FRAILES,JAPON - JHON HERRERA";5
45632;"CERRO AZUL";212;"RUTA 1 DOSQ ,FRAILES,JAPON - JHON HERRERA";5
35266;GIRASOL;212;"RUTA 1 DOSQ ,FRAILES,JAPON - JHON HERRERA";5
35080;"LA COLINA";212;"RUTA 1 DOSQ ,FRAILES,JAPON - JHON HERRERA";5
35103;"LOS MOLINOS";212;"RUTA 1 DOSQ ,FRAILES,JAPON - JHON HERRERA";5
35210;MOLINOS;212;"RUTA 1 DOSQ ,FRAILES,JAPON - JHON HERRERA";5
35135;"PRIMAVERA AZUL";212;"RUTA 1 DOSQ ,FRAILES,JAPON - JHON HERRERA";5
35015;"CAMILO TORRES";212;"RUTA 1 DOSQ ,FRAILES,JAPON - JHON HERRERA";5
45279;"LA MARIANA";212;"RUTA 1 DOSQ ,FRAILES,JAPON - JHON HERRERA";5
45295;"DIVINO NIÑO";212;"RUTA 1 DOSQ ,FRAILES,JAPON - JHON HERRERA";5
35053;"EL MARTILLO";212;"RUTA 1 DOSQ ,FRAILES,JAPON - JHON HERRERA";5
35227;"EL PROGRESO";212;"RUTA 1 DOSQ ,FRAILES,JAPON - JHON HERRERA";5
45646;"EL PROGRESO D/DAS";212;"RUTA 1 DOSQ ,FRAILES,JAPON - JHON HERRERA";5
35229;MODELO;212;"RUTA 1 DOSQ ,FRAILES,JAPON - JHON HERRERA";5
46268;MOLIVENTO;212;"RUTA 1 DOSQ ,FRAILES,JAPON - JHON HERRERA";5
45291;PROGRESO;212;"RUTA 1 DOSQ ,FRAILES,JAPON - JHON HERRERA";5
46518;"VILLA VENTO";212;"RUTA 1 DOSQ ,FRAILES,JAPON - JHON HERRERA";5
45662;"AV SIMON BOLIVAR D/DAS";212;"RUTA 1 DOSQ ,FRAILES,JAPON - JHON HERRERA";5
35213;"BOSQUES DE MILAN";212;"RUTA 1 DOSQ ,FRAILES,JAPON - JHON HERRERA";5
35034;COLINAS;212;"RUTA 1 DOSQ ,FRAILES,JAPON - JHON HERRERA";5
35045;DOSQUEBRADAS;212;"RUTA 1 DOSQ ,FRAILES,JAPON - JHON HERRERA";5
35076;"JARDINES DE MILAN";212;"RUTA 1 DOSQ ,FRAILES,JAPON - JHON HERRERA";5
35219;JUPITER;212;"RUTA 1 DOSQ ,FRAILES,JAPON - JHON HERRERA";5
45287;"LA CAPILLA";212;"RUTA 1 DOSQ ,FRAILES,JAPON - JHON HERRERA";5
45661;"LOS ALPES D/DAS";212;"RUTA 1 DOSQ ,FRAILES,JAPON - JHON HERRERA";5
45658;"LUIS CARLOS GALAN D/DAS";212;"RUTA 1 DOSQ ,FRAILES,JAPON - JHON HERRERA";5
35187;"SAN DIEGO";212;"RUTA 1 DOSQ ,FRAILES,JAPON - JHON HERRERA";5
35244;"SAN FERNANDO";212;"RUTA 1 DOSQ ,FRAILES,JAPON - JHON HERRERA";5
45649;"URB. PIAMONTE D/DAS";212;"RUTA 1 DOSQ ,FRAILES,JAPON - JHON HERRERA";5
45637;VERSALLES;212;"RUTA 1 DOSQ ,FRAILES,JAPON - JHON HERRERA";5
35118;"PABLO SEXTO";212;"RUTA 1 DOSQ ,FRAILES,JAPON - JHON HERRERA";5
46513;"PUEBLO SOL";212;"RUTA 1 DOSQ ,FRAILES,JAPON - JHON HERRERA";5
48871;"LOS JUNCOS";212;"RUTA 1 DOSQ ,FRAILES,JAPON - JHON HERRERA";5
48872;"MIRADOR DE VILLAVENTO";212;"RUTA 1 DOSQ ,FRAILES,JAPON - JHON HERRERA";5
35123;"ALVARO PATIÑO 1 (FRAILES)";212;"RUTA 1 DOSQ ,FRAILES,JAPON - JHON HERRERA";5
48811;"ALVARO PATIÑO 2 (FRAILES)";212;"RUTA 1 DOSQ ,FRAILES,JAPON - JHON HERRERA";5
34955;AURORA;212;"RUTA 1 DOSQ ,FRAILES,JAPON - JHON HERRERA";5
45630;"CAMBULOS POPA";212;"RUTA 1 DOSQ ,FRAILES,JAPON - JHON HERRERA";5
48812;"CAMILO MEJIA (FRAILES)";212;"RUTA 1 DOSQ ,FRAILES,JAPON - JHON HERRERA";5
48818;"CAMINOS DE LA PRADERA";212;"RUTA 1 DOSQ ,FRAILES,JAPON - JHON HERRERA";5
48824;"CONJUNTO LA GIRALDA";212;"RUTA 1 DOSQ ,FRAILES,JAPON - JHON HERRERA";5
35074;"EL JAPON";212;"RUTA 1 DOSQ ,FRAILES,JAPON - JHON HERRERA";5
48815;"FLORESTA PARQUE RESIDENCIAL";212;"RUTA 1 DOSQ ,FRAILES,JAPON - JHON HERRERA";5
35193;FRAILES;212;"RUTA 1 DOSQ ,FRAILES,JAPON - JHON HERRERA";5
48814;"GALATEA PARQUE RESIDENCIAL";212;"RUTA 1 DOSQ ,FRAILES,JAPON - JHON HERRERA";5
34991;"LA AURORA";212;"RUTA 1 DOSQ ,FRAILES,JAPON - JHON HERRERA";5
45652;"LA CAMPIÑA D/DAS";212;"RUTA 1 DOSQ ,FRAILES,JAPON - JHON HERRERA";5
35207;"LA OKARINA";212;"RUTA 1 DOSQ ,FRAILES,JAPON - JHON HERRERA";5
35205;"LA POPA";212;"RUTA 1 DOSQ ,FRAILES,JAPON - JHON HERRERA";5
46094;"LA PRADERA";212;"RUTA 1 DOSQ ,FRAILES,JAPON - JHON HERRERA";5
35091;"LA SULTANA";212;"RUTA 1 DOSQ ,FRAILES,JAPON - JHON HERRERA";5
34966;"LA SULTANA.";212;"RUTA 1 DOSQ ,FRAILES,JAPON - JHON HERRERA";5
45679;LAGUITOS;212;"RUTA 1 DOSQ ,FRAILES,JAPON - JHON HERRERA";5
45648;"LARA BONILLA (FRAILES)";212;"RUTA 1 DOSQ ,FRAILES,JAPON - JHON HERRERA";5
45634;"LAS VIOLETAS";212;"RUTA 1 DOSQ ,FRAILES,JAPON - JHON HERRERA";5
46546;"MIRADOR DE LA ESTANCIA (JAPON)";212;"RUTA 1 DOSQ ,FRAILES,JAPON - JHON HERRERA";5
45656;"MIRADOR SANTA MONICA D/DAS";212;"RUTA 1 DOSQ ,FRAILES,JAPON - JHON HERRERA";5
46553;"MONTE BONITO";212;"RUTA 1 DOSQ ,FRAILES,JAPON - JHON HERRERA";5
46074;"OLAYA HERRERA";212;"RUTA 1 DOSQ ,FRAILES,JAPON - JHON HERRERA";5
35133;PRADERA;212;"RUTA 1 DOSQ ,FRAILES,JAPON - JHON HERRERA";5
48819;"RESERVA DE LA PRADERA";212;"RUTA 1 DOSQ ,FRAILES,JAPON - JHON HERRERA";5
48820;"RINCON DE LA PRADERA";212;"RUTA 1 DOSQ ,FRAILES,JAPON - JHON HERRERA";5
46519;"SAN GREGORIO";212;"RUTA 1 DOSQ ,FRAILES,JAPON - JHON HERRERA";5
35245;"SANTA MONICA";212;"RUTA 1 DOSQ ,FRAILES,JAPON - JHON HERRERA";5
34971;"SANTA MONICA";212;"RUTA 1 DOSQ ,FRAILES,JAPON - JHON HERRERA";5
45639;"SANTIAGO LONDOÑO (FRAILES)";212;"RUTA 1 DOSQ ,FRAILES,JAPON - JHON HERRERA";5
48813;"SATURNO (FRAILES)";212;"RUTA 1 DOSQ ,FRAILES,JAPON - JHON HERRERA";5
35165;SULTANA;212;"RUTA 1 DOSQ ,FRAILES,JAPON - JHON HERRERA";5
48816;"TERRA GRATA CONJUNTO RESIDENCIAL";212;"RUTA 1 DOSQ ,FRAILES,JAPON - JHON HERRERA";5
48864;"UNIDAD RESIDENCIAL COLMENARES";212;"RUTA 1 DOSQ ,FRAILES,JAPON - JHON HERRERA";5
48878;"UNIDAD RESIDENCIAL MOLIVENTO 2";212;"RUTA 1 DOSQ ,FRAILES,JAPON - JHON HERRERA";5
35175;VALER;212;"RUTA 1 DOSQ ,FRAILES,JAPON - JHON HERRERA";5
48822;"VELA 1 (FRAILES)";212;"RUTA 1 DOSQ ,FRAILES,JAPON - JHON HERRERA";5
48823;"VELA 2 (FRAILES)";212;"RUTA 1 DOSQ ,FRAILES,JAPON - JHON HERRERA";5
35211;"VILLA ELKIN";212;"RUTA 1 DOSQ ,FRAILES,JAPON - JHON HERRERA";5
35208;"VILLA LAURA";212;"RUTA 1 DOSQ ,FRAILES,JAPON - JHON HERRERA";5
48821;"VILLA LUZ (FRAILES)";212;"RUTA 1 DOSQ ,FRAILES,JAPON - JHON HERRERA";5
48817;"VILLAS DE LA PRADERA";212;"RUTA 1 DOSQ ,FRAILES,JAPON - JHON HERRERA";5
11329;"PROVISIONAL 1";235;1;2
1196;OTRO;235;1;2
1202;"PORTAL DE LAS PALMAS";235;1;2
11884;CHILE;235;1;2
1209;"MARCO FIDEL SUAREZ";235;1;2
46162;EMPLEADÓS;235;1;2
48734;"LISTOS FRESCOS COLON";235;1;2
1185;"VILLA GORGONA";235;1;2
46163;"OFICINA MED";236;"EMPLEADO M";3
27132;OFICINA;236;"EMPLEADO M";3
12330;"PENDIENTES SACAR";236;"EMPLEADO M";3
12245;"SIN ASIGNAR";236;"EMPLEADO M";3
46164;"EMPLEADOS BAQ";237;"BARRANQUILLA OFICINA";8
46165;"OFICINA BGA";238;"EMPLEADOS BGA";7
46083;FULLIMP;239;"EMPLEADOS PEI";5
46228;"SIN ASIGNAR PEREIRA";239;"EMPLEADOS PEI";5
46166;"OFICINA PEI";239;"EMPLEADOS PEI";5
25556;"CLIENTE EMPRESA";240;"OFICINA MZL";6
46229;"SIN ASIGNAR MANIZALES";240;"OFICINA MZL";6
46123;"OFICINA MANIZALES";240;"OFICINA MZL";6
46167;"OFICINA BOG";241;"EMPLEADOS BOGOTA";4
12916;"VILLA LILIANA";241;"EMPLEADOS BOGOTA";4
12677;BELEN;302;"RUTA 24  RIONEGRO - CARLOS VERGARA";3
12621;"BOSQUES DEL NORTE";302;"RUTA 24  RIONEGRO - CARLOS VERGARA";3
12668;"C.R ARRAYANES";302;"RUTA 24  RIONEGRO - CARLOS VERGARA";3
12670;"CALLE DE LA CALLEJA";302;"RUTA 24  RIONEGRO - CARLOS VERGARA";3
12657;"CASAS DEL MAR";302;"RUTA 24  RIONEGRO - CARLOS VERGARA";3
12620;CENTRO;302;"RUTA 24  RIONEGRO - CARLOS VERGARA";3
12615;"EL AGUILA";302;"RUTA 24  RIONEGRO - CARLOS VERGARA";3
12623;"EL ALTO";302;"RUTA 24  RIONEGRO - CARLOS VERGARA";3
12638;"EL CAMPING";302;"RUTA 24  RIONEGRO - CARLOS VERGARA";3
12612;"EL PALMAR";302;"RUTA 24  RIONEGRO - CARLOS VERGARA";3
12643;ENCENILLOS;302;"RUTA 24  RIONEGRO - CARLOS VERGARA";3
12652;"FARO-CALLE DE LA MADERA";302;"RUTA 24  RIONEGRO - CARLOS VERGARA";3
12608;GALAN;302;"RUTA 24  RIONEGRO - CARLOS VERGARA";3
12665;"GUILLERMO GAVIRIA";302;"RUTA 24  RIONEGRO - CARLOS VERGARA";3
12672;"HORIZONTE ALTA";302;"RUTA 24  RIONEGRO - CARLOS VERGARA";3
12624;"HORIZONTE BAJA";302;"RUTA 24  RIONEGRO - CARLOS VERGARA";3
12644;HOSPITAL;302;"RUTA 24  RIONEGRO - CARLOS VERGARA";3
12634;"JESUS NAZARENO";302;"RUTA 24  RIONEGRO - CARLOS VERGARA";3
12627;"JOSE MARIA";302;"RUTA 24  RIONEGRO - CARLOS VERGARA";3
12650;"LA COLINA";302;"RUTA 24  RIONEGRO - CARLOS VERGARA";3
12630;"LA COOPERATIVA";302;"RUTA 24  RIONEGRO - CARLOS VERGARA";3
12664;"LA ESMERALDA";302;"RUTA 24  RIONEGRO - CARLOS VERGARA";3
12658;"LA ESPERANZA II";302;"RUTA 24  RIONEGRO - CARLOS VERGARA";3
12601;"LA GALERIA";302;"RUTA 24  RIONEGRO - CARLOS VERGARA";3
12607;QUINTAS;302;"RUTA 24  RIONEGRO - CARLOS VERGARA";3
12633;"SANTA TERESA";302;"RUTA 24  RIONEGRO - CARLOS VERGARA";3
12629;"VEGAS DE LA CALLEJA";302;"RUTA 24  RIONEGRO - CARLOS VERGARA";3
12613;"SAN ANTONIO DE PEREIRA (REMANSOS)";302;"RUTA 24  RIONEGRO - CARLOS VERGARA";3
12671;"SAN ANTONIO DE PEREIRA (SANTA FE)";302;"RUTA 24  RIONEGRO - CARLOS VERGARA";3
12183;GUARNE;302;"RUTA 24  RIONEGRO - CARLOS VERGARA";3
12618;"4 ESQUINAS";302;"RUTA 24  RIONEGRO - CARLOS VERGARA";3
12641;ALBORADA;302;"RUTA 24  RIONEGRO - CARLOS VERGARA";3
12616;"ALDEA DE AZUCOR";302;"RUTA 24  RIONEGRO - CARLOS VERGARA";3
12610;"ALTO DE LA CAPILLA";302;"RUTA 24  RIONEGRO - CARLOS VERGARA";3
12622;"ALTO DE LA MOSCA";302;"RUTA 24  RIONEGRO - CARLOS VERGARA";3
12631;"ALTO DEL MEDIO";302;"RUTA 24  RIONEGRO - CARLOS VERGARA";3
12645;"ALTOS DE LA PEREIRA";302;"RUTA 24  RIONEGRO - CARLOS VERGARA";3
12667;"ALTOS DE SAN NICOLAS";302;"RUTA 24  RIONEGRO - CARLOS VERGARA";3
12632;BELCHITE;302;"RUTA 24  RIONEGRO - CARLOS VERGARA";3
12602;"EL HOYO";302;"RUTA 24  RIONEGRO - CARLOS VERGARA";3
12640;"EL LLANITO";302;"RUTA 24  RIONEGRO - CARLOS VERGARA";3
12606;"LA CARMINA";302;"RUTA 24  RIONEGRO - CARLOS VERGARA";3
12659;"LA INMACULADA";302;"RUTA 24  RIONEGRO - CARLOS VERGARA";3
12656;"LINDA GRANJA";302;"RUTA 24  RIONEGRO - CARLOS VERGARA";3
12611;"LOS SAUSES";302;"RUTA 24  RIONEGRO - CARLOS VERGARA";3
12648;"LOS CRISTALES";302;"RUTA 24  RIONEGRO - CARLOS VERGARA";3
12637;"LOS LAGOS";302;"RUTA 24  RIONEGRO - CARLOS VERGARA";3
12636;"LOS REMANSOS";302;"RUTA 24  RIONEGRO - CARLOS VERGARA";3
12663;MANANTIALES;302;"RUTA 24  RIONEGRO - CARLOS VERGARA";3
12619;"MIRADOR DE SAN NICOLAS";302;"RUTA 24  RIONEGRO - CARLOS VERGARA";3
12600;"MIRADOR DEL LAGO";302;"RUTA 24  RIONEGRO - CARLOS VERGARA";3
12609;OASIS;302;"RUTA 24  RIONEGRO - CARLOS VERGARA";3
12605;OBRERO;302;"RUTA 24  RIONEGRO - CARLOS VERGARA";3
12649;"PORVENIR EL AGUACATE";302;"RUTA 24  RIONEGRO - CARLOS VERGARA";3
12626;"QUEBRADA ARRIBA";302;"RUTA 24  RIONEGRO - CARLOS VERGARA";3
12669;"QUINTAS DEL CARRETERO";302;"RUTA 24  RIONEGRO - CARLOS VERGARA";3
12635;"SAN JOAQUIN";302;"RUTA 24  RIONEGRO - CARLOS VERGARA";3
12625;"SAN JUAN DE LAURELES";302;"RUTA 24  RIONEGRO - CARLOS VERGARA";3
12614;"SANTA ANA";302;"RUTA 24  RIONEGRO - CARLOS VERGARA";3
12654;"SANTA CLARA";302;"RUTA 24  RIONEGRO - CARLOS VERGARA";3
12660;"SECTOR 3";302;"RUTA 24  RIONEGRO - CARLOS VERGARA";3
12639;SERRANIAS;302;"RUTA 24  RIONEGRO - CARLOS VERGARA";3
12661;"URB. EL PINAR";302;"RUTA 24  RIONEGRO - CARLOS VERGARA";3
12617;"VILLA CLEMEN";302;"RUTA 24  RIONEGRO - CARLOS VERGARA";3
12655;"VILLA DEL RIO";302;"RUTA 24  RIONEGRO - CARLOS VERGARA";3
12628;"VILLA MANUELA";302;"RUTA 24  RIONEGRO - CARLOS VERGARA";3
12674;VILLAMARIA;302;"RUTA 24  RIONEGRO - CARLOS VERGARA";3
12604;VILLAS;302;"RUTA 24  RIONEGRO - CARLOS VERGARA";3
12647;"EL PORVENIR";302;"RUTA 24  RIONEGRO - CARLOS VERGARA";3
12267;"EL PARAISO";302;"RUTA 24  RIONEGRO - CARLOS VERGARA";3
12159;"LA FLORIDA";302;"RUTA 24  RIONEGRO - CARLOS VERGARA";3
12157;"LA NUEVA";302;"RUTA 24  RIONEGRO - CARLOS VERGARA";3
12599;"PORVENIR EL LLANO";302;"RUTA 24  RIONEGRO - CARLOS VERGARA";3
12662;"ALTOS DE VILLA MARIA";302;"RUTA 24  RIONEGRO - CARLOS VERGARA";3
12642;"MIRADOR DEL CARRETERO";302;"RUTA 24  RIONEGRO - CARLOS VERGARA";3
12651;FLORIDA;302;"RUTA 24  RIONEGRO - CARLOS VERGARA";3
12603;"LA MOTA";302;"RUTA 24  RIONEGRO - CARLOS VERGARA";3
12666;LAURELES;302;"RUTA 24  RIONEGRO - CARLOS VERGARA";3
11341;"SAN LUISITO";340;5;2
1014;"LOS ALAMOS";340;5;2
1068;FONAVIEMCALI;340;5;2
1094;"LARES COMFANDI";340;5;2
1095;"LARES COMFENALCO";340;5;2
1120;"OASIS DE COMFANDI";340;5;2
1132;"PASO DEL COMERCIO";340;5;2
1070;GAITAN;340;5;2
1076;GUADUALES;340;5;2
1157;"SAN LUIS";340;5;2
1015;ALCAZARES;340;5;2
1045;CENTENARIO;340;5;2
1072;GRANADA;340;5;2
11333;NORMANDIA;340;5;2
1283;"SAN VICENTE";340;5;2
1272;"SANTA MONICA RESIDENCIAL";340;5;2
1194;VERSALLES;340;5;2
1038;"CALIMIO NORTE";340;5;2
1268;COMFENALCO;340;5;2
46218;"PROBLEMAS DE COBRO";623;"PROBLEMAS COBRO";7
46225;"SIN ASIGNAR BUCARAMANGA";623;"PROBLEMAS COBRO";7
25994;"LISCANO 1";623;"PROBLEMAS COBRO";7
25847;"EL FONCI";623;"PROBLEMAS COBRO";7
25741;VILLAESPERANZA;623;"PROBLEMAS COBRO";7
25857;"BABARIA II";623;"PROBLEMAS COBRO";7
25899;"BOSQUE NORTE";623;"PROBLEMAS COBRO";7
25915;"ESPERANZA 2";623;"PROBLEMAS COBRO";7
25978;"ESPERANZA III";623;"PROBLEMAS COBRO";7
25982;"JUAN XXIII";623;"PROBLEMAS COBRO";7
25911;JUVENTUD;623;"PROBLEMAS COBRO";7
25938;"LOS ANGELES";623;"PROBLEMAS COBRO";7
25968;BELENCITO;623;"PROBLEMAS COBRO";7
25723;TRANSICION;623;"PROBLEMAS COBRO";7
25959;"RETIRO CHIQUITO";623;"PROBLEMAS COBRO";7
25946;CONVIVIR;623;"PROBLEMAS COBRO";7
12282;"BELEN SANTA CLARA";625;"RUTA 9  BELEN  (MOLINOS)";3
12248;"BELEN VICUÑA";625;"RUTA 9  BELEN  (MOLINOS)";3
12258;"BELEN VILLA DEL ABURRA";625;"RUTA 9  BELEN  (MOLINOS)";3
12139;"ALTOS DEL CASTILLO";625;"RUTA 9  BELEN  (MOLINOS)";3
12683;"UR 7 ALTOS DEL CASTILLO CRA 88 31DA-41";625;"RUTA 9  BELEN  (MOLINOS)";3
12283;"BELENCITO(VILLA LAURA)";625;"RUTA 9  BELEN  (MOLINOS)";3
12221;BOLIVARIANA;625;"RUTA 9  BELEN  (MOLINOS)";3
12231;"LAURELES FLORIDA NUEVA";625;"RUTA 9  BELEN  (MOLINOS)";3
12219;"LAURELES TERRANOVA";625;"RUTA 9  BELEN  (MOLINOS)";3
12016;NUTIBARA;625;"RUTA 9  BELEN  (MOLINOS)";3
12019;"BELEN  LAS VIOLETAS";625;"RUTA 9  BELEN  (MOLINOS)";3
12005;"BELEN GRANADA";625;"RUTA 9  BELEN  (MOLINOS)";3
12025;"BELEN BUENA VISTA";625;"RUTA 9  BELEN  (MOLINOS)";3
12045;"LOMA DE LOS BERNAL";625;"RUTA 9  BELEN  (MOLINOS)";3
11996;"BELEN LA GLORIA";625;"RUTA 9  BELEN  (MOLINOS)";3
12260;"BELEN LA PRADERA";625;"RUTA 9  BELEN  (MOLINOS)";3
11994;LAURELES;625;"RUTA 9  BELEN  (MOLINOS)";3
12250;"FLORIDA NUEVA";625;"RUTA 9  BELEN  (MOLINOS)";3
12308;"BELEN (LOS ALPES)";625;"RUTA 9  BELEN  (MOLINOS)";3
12023;"BELEN LOS ALPES";625;"RUTA 9  BELEN  (MOLINOS)";3
12021;"BELEN PORVENIR";625;"RUTA 9  BELEN  (MOLINOS)";3
12323;"BELEN VILLA CAFE";625;"RUTA 9  BELEN  (MOLINOS)";3
12224;CONQUISTADORES;625;"RUTA 9  BELEN  (MOLINOS)";3
12213;"SANTA MONICA 1";625;"RUTA 9  BELEN  (MOLINOS)";3
12214;"SANTA MONICA 2";625;"RUTA 9  BELEN  (MOLINOS)";3
12022;"BELEN LAS MERCEDES";625;"RUTA 9  BELEN  (MOLINOS)";3
12032;"LA CASTELLANA";625;"RUTA 9  BELEN  (MOLINOS)";3
12276;"LAURELES (ALMERIA)";625;"RUTA 9  BELEN  (MOLINOS)";3
12653;LAURELES(MEDELLIN);625;"RUTA 9  BELEN  (MOLINOS)";3
12316;"LAURELES (NOGAL)";625;"RUTA 9  BELEN  (MOLINOS)";3
12222;"SAN JOANQUIN MED";625;"RUTA 9  BELEN  (MOLINOS)";3
12234;"SIMON BOLIVAR";625;"RUTA 9  BELEN  (MOLINOS)";3
12223;VELODROMO;625;"RUTA 9  BELEN  (MOLINOS)";3
12093;ESTADIO;625;"RUTA 9  BELEN  (MOLINOS)";3
12092;"LOS COLORES";625;"RUTA 9  BELEN  (MOLINOS)";3
12320;"CALAZANS SOLEDAD";625;"RUTA 9  BELEN  (MOLINOS)";3
12226;SURAMERICANA;625;"RUTA 9  BELEN  (MOLINOS)";3
11993;AMERICA;625;"RUTA 9  BELEN  (MOLINOS)";3
12062;"SANTA LUCIA METROPOLITANO";625;"RUTA 9  BELEN  (MOLINOS)";3
12059;"AMERICA SANTA LUCIA";625;"RUTA 9  BELEN  (MOLINOS)";3
12175;CALAZANS;625;"RUTA 9  BELEN  (MOLINOS)";3
26248;"BUENA ESPERANZA";648;"BARRANQUILLA  2 - HARISON PEREZ";8
46124;PUMAREJO;648;"BARRANQUILLA  2 - HARISON PEREZ";8
26304;ATLANTICO;648;"BARRANQUILLA  2 - HARISON PEREZ";8
26239;"EL CARMEN";648;"BARRANQUILLA  2 - HARISON PEREZ";8
26279;MONTES;648;"BARRANQUILLA  2 - HARISON PEREZ";8
26228;"SAN JOSE";648;"BARRANQUILLA  2 - HARISON PEREZ";8
26235;"JOSE ANTONIO GALAN";648;"BARRANQUILLA  2 - HARISON PEREZ";8
26238;"EL CAMPITO";648;"BARRANQUILLA  2 - HARISON PEREZ";8
26226;CEVILLAR;648;"BARRANQUILLA  2 - HARISON PEREZ";8
26234;"SAN NICOLAS";648;"BARRANQUILLA  2 - HARISON PEREZ";8
46116;GALAN;648;"BARRANQUILLA  2 - HARISON PEREZ";8
26227;"LA MAGDALENA";648;"BARRANQUILLA  2 - HARISON PEREZ";8
26237;LIMON;648;"BARRANQUILLA  2 - HARISON PEREZ";8
46120;TAIRONA;648;"BARRANQUILLA  2 - HARISON PEREZ";8
26236;UNIVERSAL;648;"BARRANQUILLA  2 - HARISON PEREZ";8
26229;ALBORAYA;648;"BARRANQUILLA  2 - HARISON PEREZ";8
26233;"LAS PALMAS";648;"BARRANQUILLA  2 - HARISON PEREZ";8
26273;"LA UNION";648;"BARRANQUILLA  2 - HARISON PEREZ";8
12033;"QUINTAS DE SAN JAVIER";688;"RUTA 10  SAN JAVIER";3
12688;"U.R ALTOS DE SAN JUAN.CLL 42B 117A-7";688;"RUTA 10  SAN JAVIER";3
12031;"EDUARDO SANTOS";688;"RUTA 10  SAN JAVIER";3
12598;"EDUARDO SANTOS 1";688;"RUTA 10  SAN JAVIER";3
12319;"SANTA TERESITA";688;"RUTA 10  SAN JAVIER";3
12034;"ANTONIO NARIÑO";688;"RUTA 10  SAN JAVIER";3
12035;"EL SOCORRO";688;"RUTA 10  SAN JAVIER";3
12697;"U.R MIRADOR DE SAN JAVIER. CR 117B 42B-75";688;"RUTA 10  SAN JAVIER";3
12687;"UR.ALTOS DE SAN JAVIER CRA 109 43-07";688;"RUTA 10  SAN JAVIER";3
12063;METROPOLITANO;688;"RUTA 10  SAN JAVIER";3
12064;FLORESTA;688;"RUTA 10  SAN JAVIER";3
12792;"ALPES LUCERO";767;"FUERA DE COBERTURA SUR";4
12765;CATANIA;767;"FUERA DE COBERTURA SUR";4
13572;"CENTRO BELEN";767;"FUERA DE COBERTURA SUR";4
46125;"EL GUABIO";767;"FUERA DE COBERTURA SUR";4
13555;MONTEBELLO;767;"FUERA DE COBERTURA SUR";4
46114;"SAMPER MENDOZA";767;"FUERA DE COBERTURA SUR";4
13575;"SANTA ANA";767;"FUERA DE COBERTURA SUR";4
46092;VERACRUZ;767;"FUERA DE COBERTURA SUR";4
46139;VILLAVICENCIO;767;"FUERA DE COBERTURA SUR";4
13427;"AGUAS CLARAS ENGATIVA";767;"FUERA DE COBERTURA SUR";4
13556;"CENTRO LA ESTANZUELA";767;"FUERA DE COBERTURA SUR";4
12782;COMPENSAR;767;"FUERA DE COBERTURA SUR";4
13580;ALTAMIRA;767;"FUERA DE COBERTURA SUR";4
46155;"BOSQUES DE SAN JORGE SUBA";767;"FUERA DE COBERTURA SUR";4
13554;SOTAVENTO;767;"FUERA DE COBERTURA SUR";4
13583;CUNDINAMARCA;767;"FUERA DE COBERTURA SUR";4
46119;"SAN AGUSTIN";767;"FUERA DE COBERTURA SUR";4
13587;"SANTA LIBRADA";767;"FUERA DE COBERTURA SUR";4
48620;AURORA;767;"FUERA DE COBERTURA SUR";4
12810;"BELLO HORIZONTE";767;"FUERA DE COBERTURA SUR";4
13593;CORDOBA;767;"FUERA DE COBERTURA SUR";4
46147;"HORACIO ORJUELA";767;"FUERA DE COBERTURA SUR";4
13551;"LA VICTORIA";767;"FUERA DE COBERTURA SUR";4
13563;"LAS CRUCES";767;"FUERA DE COBERTURA SUR";4
13574;"LAS NIEVES";767;"FUERA DE COBERTURA SUR";4
13229;"EL REDENTOR";767;"FUERA DE COBERTURA SUR";4
13257;REDENTOR;767;"FUERA DE COBERTURA SUR";4
48673;"PARAISO CIUDAD BOLIVAR";767;"FUERA DE COBERTURA SUR";4
48674;"QUINTAS DEL SUR";767;"FUERA DE COBERTURA SUR";4
48702;"ALTOS DE CAZUCA";767;"FUERA DE COBERTURA SUR";4
46263;ALICANTO;780;"16 PALMIRA";2
46262;"BRISAS DEL BOLO";780;"16 PALMIRA";2
46265;ESCOBAR;780;"16 PALMIRA";2
46264;"LAS AMERICAS";780;"16 PALMIRA";2
46261;PANORAMA;780;"16 PALMIRA";2
46258;"LA CONCORDIA";780;"16 PALMIRA";2
46274;"VILLA LAS PALMAS";780;"16 PALMIRA";2
46285;BERLIN;780;"16 PALMIRA";2
46277;"BOSQUE DE MORELIA";780;"16 PALMIRA";2
46290;CAMPESTRE;780;"16 PALMIRA";2
46292;DEPARTAMENTAL;780;"16 PALMIRA";2
46284;ESTONIA;780;"16 PALMIRA";2
46293;"PARQUE DE LA MERCED";780;"16 PALMIRA";2
46291;"PORTAL DE LAS PALMAS";780;"16 PALMIRA";2
46286;"SANTA ISABEL";780;"16 PALMIRA";2
46282;"SANTA TERESITA";780;"16 PALMIRA";2
46287;VERSALLES;780;"16 PALMIRA";2
46278;"VILLA CLAUDIA";780;"16 PALMIRA";2
46297;"VILLA DE CASA MIEL";780;"16 PALMIRA";2
46301;"LAS FLORES";780;"16 PALMIRA";2
46289;"ALMANARES DE LA MERCED";780;"16 PALMIRA";2
46294;"PAZUELA DE LA MERCED";780;"16 PALMIRA";2
46302;"ALFONSO LÓPEZ";780;"16 PALMIRA";2
46374;DANUBIO;780;"16 PALMIRA";2
46373;"RINCON DEL BOSQUE";780;"16 PALMIRA";2
46384;PAPAYAL;780;"16 PALMIRA";2
46382;"GUAYACANES DEL PARQUE";780;"16 PALMIRA";2
46409;"SAN CARLOS";780;"16 PALMIRA";2
46407;"EL TRIUNFO";780;"16 PALMIRA";2
46279;INDUSTRIAL;780;"16 PALMIRA";2
46283;"LA BENEDICTA";780;"16 PALMIRA";2
46349;"LA COSECHA";780;"16 PALMIRA";2
46275;MERCEDES;780;"16 PALMIRA";2
46280;"IGNACIO TORRES G";780;"16 PALMIRA";2
46351;MONTECARLO;780;"16 PALMIRA";2
46281;"JUAN PABLO";780;"16 PALMIRA";2
46338;"LA ESPERANZA";780;"16 PALMIRA";2
46259;"LLANO GRANDE";780;"16 PALMIRA";2
1100;LLANOGRANDE;780;"16 PALMIRA";2
46344;"PRIMERO DE MAYO";780;"16 PALMIRA";2
46296;"RESERVA DE ZAMORANO";780;"16 PALMIRA";2
46295;ZAMORANO;780;"16 PALMIRA";2
46532;"LOS SAUSES";780;"16 PALMIRA";2
11984;PALMIRA;780;"16 PALMIRA";2
46428;"BUENOS AIRES";780;"16 PALMIRA";2
46392;"CIUDADELA PALMIRA";780;"16 PALMIRA";2
46470;"EL BOSQUE";780;"16 PALMIRA";2
46400;"EL RECREO";780;"16 PALMIRA";2
46401;"EL TREBOL";780;"16 PALMIRA";2
46257;EMILIA;780;"16 PALMIRA";2
46403;FATIMA;780;"16 PALMIRA";2
46372;"GUAYACANES DEL INGENIO";780;"16 PALMIRA";2
46396;"LA INDEPENDENCIA";780;"16 PALMIRA";2
46260;"LAS ACACIAS";780;"16 PALMIRA";2
46444;"LAS PALMERAS";780;"16 PALMIRA";2
46402;LIBERTADORES;780;"16 PALMIRA";2
46469;MUNICIPAL;780;"16 PALMIRA";2
46406;PARAISO;780;"16 PALMIRA";2
46460;"POPULAR MODELO";780;"16 PALMIRA";2
46288;"SAMANES DE LAS MERCEDES";780;"16 PALMIRA";2
46386;"SAN PEDRO";780;"16 PALMIRA";2
46256;"SANTA ANA";780;"16 PALMIRA";2
46272;"SANTA BARBARA";780;"16 PALMIRA";2
46404;"BARRIO NUEVO";780;"16 PALMIRA";2
46391;CHAPINERO;780;"16 PALMIRA";2
46254;"FRAY LUIS";780;"16 PALMIRA";2
46390;"LUIS CARLOS GALAN SARMIENTO";780;"16 PALMIRA";2
46345;ALAMEDA;780;"16 PALMIRA";2
46303;COLOMBIA;780;"16 PALMIRA";2
46255;"EL PRADO";780;"16 PALMIRA";2
46298;"EL SESQUI";780;"16 PALMIRA";2
46276;"LA ITALIA";780;"16 PALMIRA";2
46253;OLIMPICO;780;"16 PALMIRA";2
46299;"PARQUE ITALIA";780;"16 PALMIRA";2
46397;PETRU;780;"16 PALMIRA";2
46363;SEMBRADOR;780;"16 PALMIRA";2
46300;"VILLA FONTANA";780;"16 PALMIRA";2
46393;"POBLADO COMFAUNION";780;"16 PALMIRA";2
46354;MIRRIÑAO;780;"16 PALMIRA";2
46365;BIZERTA;780;"16 PALMIRA";2
35134;"PRADO VERDE";790;"RUTA 3 CENTRO - LUIS GALLEGO";5
35011;"C.C ALCIDEZ AREVALO";790;"RUTA 3 CENTRO - LUIS GALLEGO";5
46510;"URBANIZACIÓN 1 DE FEBRERO";790;"RUTA 3 CENTRO - LUIS GALLEGO";5
35178;"VILLA CLARA";790;"RUTA 3 CENTRO - LUIS GALLEGO";5
35173;TURIN;790;"RUTA 3 CENTRO - LUIS GALLEGO";5
35230;GETSEMANI;790;"RUTA 3 CENTRO - LUIS GALLEGO";5
34976;"4 FEBRERO CENTRO";790;"RUTA 3 CENTRO - LUIS GALLEGO";5
35012;"C.C. LOS PUNTOS";790;"RUTA 3 CENTRO - LUIS GALLEGO";5
35231;CONSTRUCTORES;790;"RUTA 3 CENTRO - LUIS GALLEGO";5
35233;"EL PRADO";790;"RUTA 3 CENTRO - LUIS GALLEGO";5
35198;GAITAN;790;"RUTA 3 CENTRO - LUIS GALLEGO";5
46537;"LA ESNEDA";790;"RUTA 3 CENTRO - LUIS GALLEGO";5
35052;"EL LAGO";790;"RUTA 3 CENTRO - LUIS GALLEGO";5
46079;"CENTRO 1";790;"RUTA 3 CENTRO - LUIS GALLEGO";5
34973;"1 DE MAYO";790;"RUTA 3 CENTRO - LUIS GALLEGO";5
45274;"30 DE AGOSTO CENTRO";790;"RUTA 3 CENTRO - LUIS GALLEGO";5
34988;AMERICA;790;"RUTA 3 CENTRO - LUIS GALLEGO";5
34994;"BAIRON GAVIRIA";790;"RUTA 3 CENTRO - LUIS GALLEGO";5
35124;"EL PEÑOL";790;"RUTA 3 CENTRO - LUIS GALLEGO";5
35273;"ESPERANZA CENTRO";790;"RUTA 3 CENTRO - LUIS GALLEGO";5
35067;"GUALANDAY (CENTRO)";790;"RUTA 3 CENTRO - LUIS GALLEGO";5
35109;"MILAN RUBIO";790;"RUTA 3 CENTRO - LUIS GALLEGO";5
35132;PORVENIR;790;"RUTA 3 CENTRO - LUIS GALLEGO";5
35136;PROGRESO;790;"RUTA 3 CENTRO - LUIS GALLEGO";5
45683;"SAN JUAN CENTRO";790;"RUTA 3 CENTRO - LUIS GALLEGO";5
46058;"VENECIA CENTRO";790;"RUTA 3 CENTRO - LUIS GALLEGO";5
35112;NACEDEROS;790;"RUTA 3 CENTRO - LUIS GALLEGO";5
34972;"1 DE FEBRERO CENTRO";790;"RUTA 3 CENTRO - LUIS GALLEGO";5
35264;"AVENIDA DEL RIO";790;"RUTA 3 CENTRO - LUIS GALLEGO";5
35149;"SAN JORGE";790;"RUTA 3 CENTRO - LUIS GALLEGO";5
35177;VICTORIA;790;"RUTA 3 CENTRO - LUIS GALLEGO";5
35019;CAÑARTE;790;"RUTA 3 CENTRO - LUIS GALLEGO";5
35026;CENTRO;790;"RUTA 3 CENTRO - LUIS GALLEGO";5
35058;"GALAN (CENTRO)";790;"RUTA 3 CENTRO - LUIS GALLEGO";5
35094;"LA VICTORIA";790;"RUTA 3 CENTRO - LUIS GALLEGO";5
34970;"SAN CAMILO";790;"RUTA 3 CENTRO - LUIS GALLEGO";5
46548;"EL REMANSO (VILLA SANTANA)";790;"RUTA 3 CENTRO - LUIS GALLEGO";5
35226;"SAN ANTONIO 2";790;"RUTA 3 CENTRO - LUIS GALLEGO";5
34998;BAVARIA;790;"RUTA 3 CENTRO - LUIS GALLEGO";5
35082;"LA ESPERANZA";790;"RUTA 3 CENTRO - LUIS GALLEGO";5
35106;MARAYA;790;"RUTA 3 CENTRO - LUIS GALLEGO";5
35240;"SALVADOR ALLENDE";790;"RUTA 3 CENTRO - LUIS GALLEGO";5
35087;"LA LIBERTAD";790;"RUTA 3 CENTRO - LUIS GALLEGO";5
35228;"COLINAS DEL TRIUNFO";790;"RUTA 3 CENTRO - LUIS GALLEGO";5
45297;"LAS PALMAS";790;"RUTA 3 CENTRO - LUIS GALLEGO";5
35236;"SANTA ELENA";790;"RUTA 3 CENTRO - LUIS GALLEGO";5
35057;"EL TRIUNFO";790;"RUTA 3 CENTRO - LUIS GALLEGO";5
46502;BRASILIA;790;"RUTA 3 CENTRO - LUIS GALLEGO";5
35202;NISSA;790;"RUTA 3 CENTRO - LUIS GALLEGO";5
45684;"BUENOS AIRES CENTRO";790;"RUTA 3 CENTRO - LUIS GALLEGO";5
45617;OBRERO;790;"RUTA 3 CENTRO - LUIS GALLEGO";5
35161;"SANTA TERESITA (PEREIRA)";790;"RUTA 3 CENTRO - LUIS GALLEGO";5
46627;ABEJORRAL;1105;"MUNICIPIOS SIN COBERTURA";2
46564;ÁBREGO;1105;"MUNICIPIOS SIN COBERTURA";2
46609;ABRIAQUÍ;1105;"MUNICIPIOS SIN COBERTURA";2
47300;ACACIAS;1105;"MUNICIPIOS SIN COBERTURA";2
47021;ACANDÍ;1105;"MUNICIPIOS SIN COBERTURA";2
47231;ACEVEDO;1105;"MUNICIPIOS SIN COBERTURA";2
46565;ACHÍ;1105;"MUNICIPIOS SIN COBERTURA";2
47203;AGRADO;1105;"MUNICIPIOS SIN COBERTURA";2
47081;"AGUA DE DIOS";1105;"MUNICIPIOS SIN COBERTURA";2
47005;AGUACHICA;1105;"MUNICIPIOS SIN COBERTURA";2
47516;AGUADA;1105;"MUNICIPIOS SIN COBERTURA";2
46904;AGUADAS;1105;"MUNICIPIOS SIN COBERTURA";2
46928;AGUAZUL;1105;"MUNICIPIOS SIN COBERTURA";2
46999;"AGUSTÍN CODAZZI";1105;"MUNICIPIOS SIN COBERTURA";2
47211;AIPE;1105;"MUNICIPIOS SIN COBERTURA";2
47092;ALBÁN;1105;"MUNICIPIOS SIN COBERTURA";2
46578;ALBÁN;1105;"MUNICIPIOS SIN COBERTURA";2
46912;ALBANIA;1105;"MUNICIPIOS SIN COBERTURA";2
47240;ALBANIA;1105;"MUNICIPIOS SIN COBERTURA";2
47517;ALBANIA;1105;"MUNICIPIOS SIN COBERTURA";2
46596;ALCALÁ;1105;"MUNICIPIOS SIN COBERTURA";2
47363;ALDANA;1105;"MUNICIPIOS SIN COBERTURA";2
46628;ALEJANDRÍA;1105;"MUNICIPIOS SIN COBERTURA";2
47261;ALGARROBO;1105;"MUNICIPIOS SIN COBERTURA";2
47212;ALGECIRAS;1105;"MUNICIPIOS SIN COBERTURA";2
46975;ALMAGUER;1105;"MUNICIPIOS SIN COBERTURA";2
46836;ALMEIDA;1105;"MUNICIPIOS SIN COBERTURA";2
47592;ALPUJARRA;1105;"MUNICIPIOS SIN COBERTURA";2
47204;ALTAMIRA;1105;"MUNICIPIOS SIN COBERTURA";2
46597;"ALTO BAUDO";1105;"MUNICIPIOS SIN COBERTURA";2
46602;"ALTOS DEL ROSARIO";1105;"MUNICIPIOS SIN COBERTURA";2
47581;ALVARADO;1105;"MUNICIPIOS SIN COBERTURA";2
47643;AMAGÁ;1105;"MUNICIPIOS SIN COBERTURA";2
46582;AMALFI;1105;"MUNICIPIOS SIN COBERTURA";2
47561;AMBALEMA;1105;"MUNICIPIOS SIN COBERTURA";2
47170;ANAPOIMA;1105;"MUNICIPIOS SIN COBERTURA";2
47323;ANCUYÁ;1105;"MUNICIPIOS SIN COBERTURA";2
47607;ANDALUCÍA;1105;"MUNICIPIOS SIN COBERTURA";2
46648;ANDES;1105;"MUNICIPIOS SIN COBERTURA";2
47620;ANGELÓPOLIS;1105;"MUNICIPIOS SIN COBERTURA";2
46592;ANGOSTURA;1105;"MUNICIPIOS SIN COBERTURA";2
47171;ANOLAIMA;1105;"MUNICIPIOS SIN COBERTURA";2
46583;ANORÍ;1105;"MUNICIPIOS SIN COBERTURA";2
46895;ANSERMA;1105;"MUNICIPIOS SIN COBERTURA";2
47621;ANSERMANUEVO;1105;"MUNICIPIOS SIN COBERTURA";2
46610;ANZA;1105;"MUNICIPIOS SIN COBERTURA";2
47582;ANZOÁTEGUI;1105;"MUNICIPIOS SIN COBERTURA";2
46670;APARTADÓ;1105;"MUNICIPIOS SIN COBERTURA";2
47443;APÍA;1105;"MUNICIPIOS SIN COBERTURA";2
47172;APULO;1105;"MUNICIPIOS SIN COBERTURA";2
46857;AQUITANIA;1105;"MUNICIPIOS SIN COBERTURA";2
47262;ARACATACA;1105;"MUNICIPIOS SIN COBERTURA";2
46905;ARANZAZU;1105;"MUNICIPIOS SIN COBERTURA";2
47481;ARATOCA;1105;"MUNICIPIOS SIN COBERTURA";2
46684;ARAUCA;1105;"MUNICIPIOS SIN COBERTURA";2
46685;ARAUQUITA;1105;"MUNICIPIOS SIN COBERTURA";2
47160;ARBELÁEZ;1105;"MUNICIPIOS SIN COBERTURA";2
47347;ARBOLEDA;1105;"MUNICIPIOS SIN COBERTURA";2
47377;ARBOLEDAS;1105;"MUNICIPIOS SIN COBERTURA";2
46671;ARBOLETES;1105;"MUNICIPIOS SIN COBERTURA";2
46844;ARCABUCO;1105;"MUNICIPIOS SIN COBERTURA";2
46604;ARENAL;1105;"MUNICIPIOS SIN COBERTURA";2
46629;ARGELIA;1105;"MUNICIPIOS SIN COBERTURA";2
46976;ARGELIA;1105;"MUNICIPIOS SIN COBERTURA";2
47622;ARGELIA;1105;"MUNICIPIOS SIN COBERTURA";2
47255;ARIGUANÍ;1105;"MUNICIPIOS SIN COBERTURA";2
46611;ARJONA;1105;"MUNICIPIOS SIN COBERTURA";2
47430;ARMENIA;1105;"MUNICIPIOS SIN COBERTURA";2
47615;"ARMENIA MANTEQUILLA";1105;"MUNICIPIOS SIN COBERTURA";2
47343;"ARMERO GUAYABAL";1105;"MUNICIPIOS SIN COBERTURA";2
46630;ARROYOHONDO;1105;"MUNICIPIOS SIN COBERTURA";2
46995;ASTREA;1105;"MUNICIPIOS SIN COBERTURA";2
47572;ATACO;1105;"MUNICIPIOS SIN COBERTURA";2
47013;ATRATO;1105;"MUNICIPIOS SIN COBERTURA";2
47061;AYAPEL;1105;"MUNICIPIOS SIN COBERTURA";2
47014;BAGADÓ;1105;"MUNICIPIOS SIN COBERTURA";2
47026;"BAHÍA SOLANO";1105;"MUNICIPIOS SIN COBERTURA";2
47030;"BAJO BAUDÓ";1105;"MUNICIPIOS SIN COBERTURA";2
46977;BALBOA;1105;"MUNICIPIOS SIN COBERTURA";2
47444;BALBOA;1105;"MUNICIPIOS SIN COBERTURA";2
46705;BARANOA;1105;"MUNICIPIOS SIN COBERTURA";2
47213;BARAYA;1105;"MUNICIPIOS SIN COBERTURA";2
47336;BARBACOAS;1105;"MUNICIPIOS SIN COBERTURA";2
46681;BARBOSA;1105;"MUNICIPIOS SIN COBERTURA";2
47518;BARBOSA;1105;"MUNICIPIOS SIN COBERTURA";2
47482;BARICHARA;1105;"MUNICIPIOS SIN COBERTURA";2
46974;"BARRANCA DE UPÍA";1105;"MUNICIPIOS SIN COBERTURA";2
47498;BARRANCABERMEJA;1105;"MUNICIPIOS SIN COBERTURA";2
47246;BARRANCAS;1105;"MUNICIPIOS SIN COBERTURA";2
46646;"BARRANCO DE LOBA";1105;"MUNICIPIOS SIN COBERTURA";2
46913;"BARRANCO MINAS";1105;"MUNICIPIOS SIN COBERTURA";2
46988;BECERRIL;1105;"MUNICIPIOS SIN COBERTURA";2
46896;BELALCÁZAR;1105;"MUNICIPIOS SIN COBERTURA";2
46870;BELÉN;1105;"MUNICIPIOS SIN COBERTURA";2
47033;BELÉN;1105;"MUNICIPIOS SIN COBERTURA";2
47022;"BELÉN DE BAJIRA";1105;"MUNICIPIOS SIN COBERTURA";2
46718;"BELÉN DE LOS ANDAQUÍES";1105;"MUNICIPIOS SIN COBERTURA";2
47445;"BELÉN DE UMBRÍA";1105;"MUNICIPIOS SIN COBERTURA";2
46593;BELMIRA;1105;"MUNICIPIOS SIN COBERTURA";2
47112;BELTRÁN;1105;"MUNICIPIOS SIN COBERTURA";2
46789;BERBEO;1105;"MUNICIPIOS SIN COBERTURA";2
46650;BETANIA;1105;"MUNICIPIOS SIN COBERTURA";2
46879;BETÉITIVA;1105;"MUNICIPIOS SIN COBERTURA";2
46651;BETULIA;1105;"MUNICIPIOS SIN COBERTURA";2
47499;BETULIA;1105;"MUNICIPIOS SIN COBERTURA";2
47113;BITUIMA;1105;"MUNICIPIOS SIN COBERTURA";2
46811;BOAVITA;1105;"MUNICIPIOS SIN COBERTURA";2
47410;BOCHALEMA;1105;"MUNICIPIOS SIN COBERTURA";2
47148;BOJACÁ;1105;"MUNICIPIOS SIN COBERTURA";2
47015;BOJAYA;1105;"MUNICIPIOS SIN COBERTURA";2
46978;BOLÍVAR;1105;"MUNICIPIOS SIN COBERTURA";2
47519;BOLÍVAR;1105;"MUNICIPIOS SIN COBERTURA";2
47623;BOLÍVAR;1105;"MUNICIPIOS SIN COBERTURA";2
46996;BOSCONIA;1105;"MUNICIPIOS SIN COBERTURA";2
46795;BOYACÁ;1105;"MUNICIPIOS SIN COBERTURA";2
46594;BRICEÑO;1105;"MUNICIPIOS SIN COBERTURA";2
46820;BRICEÑO;1105;"MUNICIPIOS SIN COBERTURA";2
47384;BUCARASICA;1105;"MUNICIPIOS SIN COBERTURA";2
46702;"BUENA VISTA";1105;"MUNICIPIOS SIN COBERTURA";2
47062;BUENAVISTA;1105;"MUNICIPIOS SIN COBERTURA";2
47431;BUENAVISTA;1105;"MUNICIPIOS SIN COBERTURA";2
47548;BUENAVISTA;1105;"MUNICIPIOS SIN COBERTURA";2
46955;"BUENOS AIRES";1105;"MUNICIPIOS SIN COBERTURA";2
47349;BUESACO;1105;"MUNICIPIOS SIN COBERTURA";2
47609;BUGALAGRANDE;1105;"MUNICIPIOS SIN COBERTURA";2
46612;BURITICÁ;1105;"MUNICIPIOS SIN COBERTURA";2
46871;BUSBANZÁ;1105;"MUNICIPIOS SIN COBERTURA";2
47161;CABRERA;1105;"MUNICIPIOS SIN COBERTURA";2
47483;CABRERA;1105;"MUNICIPIOS SIN COBERTURA";2
47311;CABUYARO;1105;"MUNICIPIOS SIN COBERTURA";2
47191;CACAHUAL;1105;"MUNICIPIOS SIN COBERTURA";2
46570;CÁCERES;1105;"MUNICIPIOS SIN COBERTURA";2
47173;CACHIPAY;1105;"MUNICIPIOS SIN COBERTURA";2
47189;CÁCHIRA;1105;"MUNICIPIOS SIN COBERTURA";2
47404;CÁCOTA;1105;"MUNICIPIOS SIN COBERTURA";2
46652;CAICEDO;1105;"MUNICIPIOS SIN COBERTURA";2
47634;CAICEDONIA;1105;"MUNICIPIOS SIN COBERTURA";2
47557;CAIMITO;1105;"MUNICIPIOS SIN COBERTURA";2
47583;CAJAMARCA;1105;"MUNICIPIOS SIN COBERTURA";2
46947;CAJIBÍO;1105;"MUNICIPIOS SIN COBERTURA";2
47139;CAJICÁ;1105;"MUNICIPIOS SIN COBERTURA";2
46682;CALAMAR;1105;"MUNICIPIOS SIN COBERTURA";2
47199;CALAMAR;1105;"MUNICIPIOS SIN COBERTURA";2
47281;CALARCÁ;1105;"MUNICIPIOS SIN COBERTURA";2
46822;CALDAS;1105;"MUNICIPIOS SIN COBERTURA";2
46967;CALDONO;1105;"MUNICIPIOS SIN COBERTURA";2
47505;CALIFORNIA;1105;"MUNICIPIOS SIN COBERTURA";2
47610;CALIMA;1105;"MUNICIPIOS SIN COBERTURA";2
46956;CALOTO;1105;"MUNICIPIOS SIN COBERTURA";2
46595;CAMPAMENTO;1105;"MUNICIPIOS SIN COBERTURA";2
46698;"CAMPO DE LA CRUZ";1105;"MUNICIPIOS SIN COBERTURA";2
47214;CAMPOALEGRE;1105;"MUNICIPIOS SIN COBERTURA";2
46790;CAMPOHERMOSO;1105;"MUNICIPIOS SIN COBERTURA";2
47052;CANALETE;1105;"MUNICIPIOS SIN COBERTURA";2
46613;CAÑASGORDAS;1105;"MUNICIPIOS SIN COBERTURA";2
46699;CANDELARIA;1105;"MUNICIPIOS SIN COBERTURA";2
46692;CANTAGALLO;1105;"MUNICIPIOS SIN COBERTURA";2
47089;CAPARRAPÍ;1105;"MUNICIPIOS SIN COBERTURA";2
47468;CAPITANEJO;1105;"MUNICIPIOS SIN COBERTURA";2
46749;CÁQUEZA;1105;"MUNICIPIOS SIN COBERTURA";2
46576;CARACOLÍ;1105;"MUNICIPIOS SIN COBERTURA";2
46653;CARAMANTA;1105;"MUNICIPIOS SIN COBERTURA";2
47469;CARCASÍ;1105;"MUNICIPIOS SIN COBERTURA";2
46672;CAREPA;1105;"MUNICIPIOS SIN COBERTURA";2
47344;"CARMEN DE APICALA";1105;"MUNICIPIOS SIN COBERTURA";2
47180;"CARMEN DE CARUPA";1105;"MUNICIPIOS SIN COBERTURA";2
46741;"CARMEN DEL DARIEN";1105;"MUNICIPIOS SIN COBERTURA";2
47602;"CAROLINA DEL PRÍNCIPE";1105;"MUNICIPIOS SIN COBERTURA";2
46711;CARTAGENA;1105;"MUNICIPIOS SIN COBERTURA";2
46914;"CARTAGENA DEL CHAIRÁ";1105;"MUNICIPIOS SIN COBERTURA";2
47640;CARURU;1105;"MUNICIPIOS SIN COBERTURA";2
47599;CASABIANCA;1105;"MUNICIPIOS SIN COBERTURA";2
47302;"CASTILLA LA NUEVA";1105;"MUNICIPIOS SIN COBERTURA";2
46571;CAUCASIA;1105;"MUNICIPIOS SIN COBERTURA";2
47470;CEPITÁ;1105;"MUNICIPIOS SIN COBERTURA";2
47068;CERETÉ;1105;"MUNICIPIOS SIN COBERTURA";2
46872;CERINZA;1105;"MUNICIPIOS SIN COBERTURA";2
47471;CERRITO;1105;"MUNICIPIOS SIN COBERTURA";2
47268;"CERRO SAN ANTONIO";1105;"MUNICIPIOS SIN COBERTURA";2
46743;CÉRTEGUI;1105;"MUNICIPIOS SIN COBERTURA";2
47034;CHACHAGÜÍ;1105;"MUNICIPIOS SIN COBERTURA";2
47114;CHAGUANÍ;1105;"MUNICIPIOS SIN COBERTURA";2
47538;CHALÁN;1105;"MUNICIPIOS SIN COBERTURA";2
46725;CHÁMEZA;1105;"MUNICIPIOS SIN COBERTURA";2
47573;CHAPARRAL;1105;"MUNICIPIOS SIN COBERTURA";2
47484;CHARALÁ;1105;"MUNICIPIOS SIN COBERTURA";2
47506;CHARTA;1105;"MUNICIPIOS SIN COBERTURA";2
47140;CHÍA;1105;"MUNICIPIOS SIN COBERTURA";2
46673;CHIGORODÓ;1105;"MUNICIPIOS SIN COBERTURA";2
47046;CHIMÁ;1105;"MUNICIPIOS SIN COBERTURA";2
47309;CHIMÁ;1105;"MUNICIPIOS SIN COBERTURA";2
46989;CHIMICHAGUA;1105;"MUNICIPIOS SIN COBERTURA";2
47411;CHINÁCOTA;1105;"MUNICIPIOS SIN COBERTURA";2
46805;CHINAVITA;1105;"MUNICIPIOS SIN COBERTURA";2
46716;CHINCHINÁ;1105;"MUNICIPIOS SIN COBERTURA";2
47058;CHINÚ;1105;"MUNICIPIOS SIN COBERTURA";2
47122;CHIPAQUE;1105;"MUNICIPIOS SIN COBERTURA";2
47520;CHIPATÁ;1105;"MUNICIPIOS SIN COBERTURA";2
46823;CHIQUINQUIRÁ;1105;"MUNICIPIOS SIN COBERTURA";2
46763;CHÍQUIZA;1105;"MUNICIPIOS SIN COBERTURA";2
46739;CHIRIGUANÁ;1105;"MUNICIPIOS SIN COBERTURA";2
46778;CHISCAS;1105;"MUNICIPIOS SIN COBERTURA";2
46880;CHITA;1105;"MUNICIPIOS SIN COBERTURA";2
47405;CHITAGÁ;1105;"MUNICIPIOS SIN COBERTURA";2
46845;CHITARAQUE;1105;"MUNICIPIOS SIN COBERTURA";2
46764;CHIVATÁ;1105;"MUNICIPIOS SIN COBERTURA";2
46927;CHIVOLO;1105;"MUNICIPIOS SIN COBERTURA";2
46837;CHIVOR;1105;"MUNICIPIOS SIN COBERTURA";2
47123;CHOACHÍ;1105;"MUNICIPIOS SIN COBERTURA";2
47074;CHOCONTÁ;1105;"MUNICIPIOS SIN COBERTURA";2
46721;CICUCO;1105;"MUNICIPIOS SIN COBERTURA";2
47263;CIÉNAGA;1105;"MUNICIPIOS SIN COBERTURA";2
47069;"CIÉNAGA DE ORO";1105;"MUNICIPIOS SIN COBERTURA";2
46796;CIÉNEGA;1105;"MUNICIPIOS SIN COBERTURA";2
47521;CIMITARRA;1105;"MUNICIPIOS SIN COBERTURA";2
47438;CIRCASIA;1105;"MUNICIPIOS SIN COBERTURA";2
46584;CISNEROS;1105;"MUNICIPIOS SIN COBERTURA";2
46654;"CIUDAD BOLÍVAR";1105;"MUNICIPIOS SIN COBERTURA";2
46722;CLEMENCIA;1105;"MUNICIPIOS SIN COBERTURA";2
46631;COCORNÁ;1105;"MUNICIPIOS SIN COBERTURA";2
47584;COELLO;1105;"MUNICIPIOS SIN COBERTURA";2
47141;COGUA;1105;"MUNICIPIOS SIN COBERTURA";2
47215;COLOMBIA;1105;"MUNICIPIOS SIN COBERTURA";2
47417;COLÓN;1105;"MUNICIPIOS SIN COBERTURA";2
47036;"COLÓN GENOVA";1105;"MUNICIPIOS SIN COBERTURA";2
47539;COLOSO;1105;"MUNICIPIOS SIN COBERTURA";2
46765;CÓMBITA;1105;"MUNICIPIOS SIN COBERTURA";2
46632;CONCEPCIÓN;1105;"MUNICIPIOS SIN COBERTURA";2
47472;CONCEPCIÓN;1105;"MUNICIPIOS SIN COBERTURA";2
46655;CONCORDIA;1105;"MUNICIPIOS SIN COBERTURA";2
47269;CONCORDIA;1105;"MUNICIPIOS SIN COBERTURA";2
47035;CONDOTO;1105;"MUNICIPIOS SIN COBERTURA";2
47453;CONFINES;1105;"MUNICIPIOS SIN COBERTURA";2
47104;CONSACÁ;1105;"MUNICIPIOS SIN COBERTURA";2
47364;CONTADERO;1105;"MUNICIPIOS SIN COBERTURA";2
47454;CONTRATACIÓN;1105;"MUNICIPIOS SIN COBERTURA";2
47390;CONVENCIÓN;1105;"MUNICIPIOS SIN COBERTURA";2
46824;COPER;1105;"MUNICIPIOS SIN COBERTURA";2
46726;CÓRDOBA;1105;"MUNICIPIOS SIN COBERTURA";2
47365;CÓRDOBA;1105;"MUNICIPIOS SIN COBERTURA";2
47282;CÓRDOBA;1105;"MUNICIPIOS SIN COBERTURA";2
46957;CORINTO;1105;"MUNICIPIOS SIN COBERTURA";2
47485;COROMORO;1105;"MUNICIPIOS SIN COBERTURA";2
47549;COROZAL;1105;"MUNICIPIOS SIN COBERTURA";2
46873;CORRALES;1105;"MUNICIPIOS SIN COBERTURA";2
47149;COTA;1105;"MUNICIPIOS SIN COBERTURA";2
47047;COTORRA;1105;"MUNICIPIOS SIN COBERTURA";2
46812;COVARACHÍA;1105;"MUNICIPIOS SIN COBERTURA";2
47543;COVEÑAS;1105;"MUNICIPIOS SIN COBERTURA";2
47574;COYAIMA;1105;"MUNICIPIOS SIN COBERTURA";2
46686;"CRAVO NORTE";1105;"MUNICIPIOS SIN COBERTURA";2
47366;CUASPUD;1105;"MUNICIPIOS SIN COBERTURA";2
46779;CUBARÁ;1105;"MUNICIPIOS SIN COBERTURA";2
47029;CUBARRAL;1105;"MUNICIPIOS SIN COBERTURA";2
46766;CUCAITA;1105;"MUNICIPIOS SIN COBERTURA";2
47181;CUCUNUBÁ;1105;"MUNICIPIOS SIN COBERTURA";2
47398;CÚCUTA;1105;"MUNICIPIOS SIN COBERTURA";2
47378;CUCUTILLA;1105;"MUNICIPIOS SIN COBERTURA";2
46858;CUÍTIVA;1105;"MUNICIPIOS SIN COBERTURA";2
47303;CUMARAL;1105;"MUNICIPIOS SIN COBERTURA";2
47646;CUMARIBO;1105;"MUNICIPIOS SIN COBERTURA";2
47367;CUMBAL;1105;"MUNICIPIOS SIN COBERTURA";2
47351;CUMBITARA;1105;"MUNICIPIOS SIN COBERTURA";2
47568;CUNDAY;1105;"MUNICIPIOS SIN COBERTURA";2
46719;CURILLO;1105;"MUNICIPIOS SIN COBERTURA";2
47486;CURITÍ;1105;"MUNICIPIOS SIN COBERTURA";2
46991;CURUMANÍ;1105;"MUNICIPIOS SIN COBERTURA";2
46614;DABEIBA;1105;"MUNICIPIOS SIN COBERTURA";2
47635;DAGUA;1105;"MUNICIPIOS SIN COBERTURA";2
47241;DIBULLA;1105;"MUNICIPIOS SIN COBERTURA";2
46920;DISTRACCIÓN;1105;"MUNICIPIOS SIN COBERTURA";2
47593;DOLORES;1105;"MUNICIPIOS SIN COBERTURA";2
47601;"DON MATÍAS";1105;"MUNICIPIOS SIN COBERTURA";2
46874;DUITAMA;1105;"MUNICIPIOS SIN COBERTURA";2
47412;DURANIA;1105;"MUNICIPIOS SIN COBERTURA";2
46615;EBÉJICO;1105;"MUNICIPIOS SIN COBERTURA";2
47624;"EL ÁGUILA";1105;"MUNICIPIOS SIN COBERTURA";2
46572;"EL BAGRE";1105;"MUNICIPIOS SIN COBERTURA";2
47278;"EL BANCO";1105;"MUNICIPIOS SIN COBERTURA";2
47625;"EL CAIRO";1105;"MUNICIPIOS SIN COBERTURA";2
47304;"EL CALVARIO";1105;"MUNICIPIOS SIN COBERTURA";2
46740;"EL CANTÓN DEL SAN PABLO";1105;"MUNICIPIOS SIN COBERTURA";2
47391;"EL CARMEN";1105;"MUNICIPIOS SIN COBERTURA";2
47016;"EL CARMEN DE ATRATO";1105;"MUNICIPIOS SIN COBERTURA";2
46675;"EL CARMEN DE BOLÍVAR";1105;"MUNICIPIOS SIN COBERTURA";2
47500;"EL CARMEN DE CHUCURÍ";1105;"MUNICIPIOS SIN COBERTURA";2
47608;"EL CARMEN DE VIBORAL";1105;"MUNICIPIOS SIN COBERTURA";2
47285;"EL CASTILLO";1105;"MUNICIPIOS SIN COBERTURA";2
47611;"EL CERRITO";1105;"MUNICIPIOS SIN COBERTURA";2
47337;"EL CHARCO";1105;"MUNICIPIOS SIN COBERTURA";2
46780;"EL COCUY";1105;"MUNICIPIOS SIN COBERTURA";2
47174;"EL COLEGIO";1105;"MUNICIPIOS SIN COBERTURA";2
46997;"EL COPEY";1105;"MUNICIPIOS SIN COBERTURA";2
46916;"EL DONCELLO";1105;"MUNICIPIOS SIN COBERTURA";2
47286;"EL DORADO";1105;"MUNICIPIOS SIN COBERTURA";2
47626;"EL DOVIO";1105;"MUNICIPIOS SIN COBERTURA";2
46559;"EL ENCANTO";1105;"MUNICIPIOS SIN COBERTURA";2
46781;"EL ESPINO";1105;"MUNICIPIOS SIN COBERTURA";2
47455;"EL GUACAMAYO";1105;"MUNICIPIOS SIN COBERTURA";2
46729;"EL GUAMO";1105;"MUNICIPIOS SIN COBERTURA";2
47031;"El Litoral del San Juan";1105;"MUNICIPIOS SIN COBERTURA";2
47248;"EL MOLINO";1105;"MUNICIPIOS SIN COBERTURA";2
46998;"EL PASO";1105;"MUNICIPIOS SIN COBERTURA";2
46917;"EL PAUJIL";1105;"MUNICIPIOS SIN COBERTURA";2
47316;"EL PEÑOL";1105;"MUNICIPIOS SIN COBERTURA";2
46677;"EL PEÑÓN";1105;"MUNICIPIOS SIN COBERTURA";2
47131;"EL PEÑÓN";1105;"MUNICIPIOS SIN COBERTURA";2
47522;"EL PEÑÓN";1105;"MUNICIPIOS SIN COBERTURA";2
46929;"EL PIÑÓN";1105;"MUNICIPIOS SIN COBERTURA";2
47507;"EL PLAYÓN";1105;"MUNICIPIOS SIN COBERTURA";2
46951;"EL RETÉN";1105;"MUNICIPIOS SIN COBERTURA";2
47200;"EL RETORNO";1105;"MUNICIPIOS SIN COBERTURA";2
47550;"EL ROBLE";1105;"MUNICIPIOS SIN COBERTURA";2
47150;"EL ROSAL";1105;"MUNICIPIOS SIN COBERTURA";2
47352;"EL ROSARIO";1105;"MUNICIPIOS SIN COBERTURA";2
47448;"EL SANTUARIO";1105;"MUNICIPIOS SIN COBERTURA";2
47105;"EL TABLÓN DE GÓMEZ";1105;"MUNICIPIOS SIN COBERTURA";2
46948;"EL TAMBO";1105;"MUNICIPIOS SIN COBERTURA";2
47317;"EL TAMBO";1105;"MUNICIPIOS SIN COBERTURA";2
47385;"EL TARRA";1105;"MUNICIPIOS SIN COBERTURA";2
47399;"EL ZULIA";1105;"MUNICIPIOS SIN COBERTURA";2
47232;ELÍAS;1105;"MUNICIPIOS SIN COBERTURA";2
47487;ENCINO;1105;"MUNICIPIOS SIN COBERTURA";2
47473;ENCISO;1105;"MUNICIPIOS SIN COBERTURA";2
46598;ENTRERRIOS;1105;"MUNICIPIOS SIN COBERTURA";2
47585;ESPINAL;1105;"MUNICIPIOS SIN COBERTURA";2
47151;FACATATIVÁ;1105;"MUNICIPIOS SIN COBERTURA";2
47563;FALAN;1105;"MUNICIPIOS SIN COBERTURA";2
46886;FILADELFIA;1105;"MUNICIPIOS SIN COBERTURA";2
47436;FILANDIA;1105;"MUNICIPIOS SIN COBERTURA";2
46859;FIRAVITOBA;1105;"MUNICIPIOS SIN COBERTURA";2
47586;FLANDES;1105;"MUNICIPIOS SIN COBERTURA";2
46918;FLORENCIA;1105;"MUNICIPIOS SIN COBERTURA";2
46979;FLORENCIA;1105;"MUNICIPIOS SIN COBERTURA";2
46875;FLORESTA;1105;"MUNICIPIOS SIN COBERTURA";2
47523;FLORIÁN;1105;"MUNICIPIOS SIN COBERTURA";2
47636;FLORIDA;1105;"MUNICIPIOS SIN COBERTURA";2
46750;FÓMEQUE;1105;"MUNICIPIOS SIN COBERTURA";2
47249;FONSECA;1105;"MUNICIPIOS SIN COBERTURA";2
46687;FORTUL;1105;"MUNICIPIOS SIN COBERTURA";2
47125;FOSCA;1105;"MUNICIPIOS SIN COBERTURA";2
47338;"FRANCISCO PIZARRO";1105;"MUNICIPIOS SIN COBERTURA";2
46656;FREDONIA;1105;"MUNICIPIOS SIN COBERTURA";2
47564;FRESNO;1105;"MUNICIPIOS SIN COBERTURA";2
46616;FRONTINO;1105;"MUNICIPIOS SIN COBERTURA";2
47287;"FUENTE DE ORO";1105;"MUNICIPIOS SIN COBERTURA";2
46954;FUNDACIÓN;1105;"MUNICIPIOS SIN COBERTURA";2
47368;FUNES;1105;"MUNICIPIOS SIN COBERTURA";2
47152;FUNZA;1105;"MUNICIPIOS SIN COBERTURA";2
47182;FÚQUENE;1105;"MUNICIPIOS SIN COBERTURA";2
47162;FUSAGASUGÁ;1105;"MUNICIPIOS SIN COBERTURA";2
46751;GACHALÁ;1105;"MUNICIPIOS SIN COBERTURA";2
47142;GACHANCIPÁ;1105;"MUNICIPIOS SIN COBERTURA";2
46846;GACHANTIVÁ;1105;"MUNICIPIOS SIN COBERTURA";2
46752;GACHETÁ;1105;"MUNICIPIOS SIN COBERTURA";2
47456;GALÁN;1105;"MUNICIPIOS SIN COBERTURA";2
46694;GALAPA;1105;"MUNICIPIOS SIN COBERTURA";2
47551;GALERAS;1105;"MUNICIPIOS SIN COBERTURA";2
47106;GAMA;1105;"MUNICIPIOS SIN COBERTURA";2
47006;GAMARRA;1105;"MUNICIPIOS SIN COBERTURA";2
47457;GAMBITA;1105;"MUNICIPIOS SIN COBERTURA";2
46860;GAMEZA;1105;"MUNICIPIOS SIN COBERTURA";2
46806;GARAGOA;1105;"MUNICIPIOS SIN COBERTURA";2
47205;GARZÓN;1105;"MUNICIPIOS SIN COBERTURA";2
47290;GÉNOVA;1105;"MUNICIPIOS SIN COBERTURA";2
47206;GIGANTE;1105;"MUNICIPIOS SIN COBERTURA";2
47612;GINEBRA;1105;"MUNICIPIOS SIN COBERTURA";2
46617;GIRALDO;1105;"MUNICIPIOS SIN COBERTURA";2
47082;GIRARDOT;1105;"MUNICIPIOS SIN COBERTURA";2
46599;"GÓMEZ PLATA";1105;"MUNICIPIOS SIN COBERTURA";2
47007;GONZÁLEZ;1105;"MUNICIPIOS SIN COBERTURA";2
47379;GRAMALOTE;1105;"MUNICIPIOS SIN COBERTURA";2
46633;GRANADA;1105;"MUNICIPIOS SIN COBERTURA";2
47163;GRANADA;1105;"MUNICIPIOS SIN COBERTURA";2
47288;GRANADA;1105;"MUNICIPIOS SIN COBERTURA";2
47474;GUACA;1105;"MUNICIPIOS SIN COBERTURA";2
46782;GUACAMAYAS;1105;"MUNICIPIOS SIN COBERTURA";2
47613;GUACARÍ;1105;"MUNICIPIOS SIN COBERTURA";2
46986;GUACHENÉ;1105;"MUNICIPIOS SIN COBERTURA";2
47183;GUACHETÁ;1105;"MUNICIPIOS SIN COBERTURA";2
47369;GUACHUCAL;1105;"MUNICIPIOS SIN COBERTURA";2
47353;"GUADALAJARA DE BUGA";1105;"MUNICIPIOS SIN COBERTURA";2
46600;GUADALUPE;1105;"MUNICIPIOS SIN COBERTURA";2
47207;GUADALUPE;1105;"MUNICIPIOS SIN COBERTURA";2
47458;GUADALUPE;1105;"MUNICIPIOS SIN COBERTURA";2
47090;GUADUAS;1105;"MUNICIPIOS SIN COBERTURA";2
47324;GUAITARILLA;1105;"MUNICIPIOS SIN COBERTURA";2
47116;GUALMATÁN;1105;"MUNICIPIOS SIN COBERTURA";2
47279;GUAMAL;1105;"MUNICIPIOS SIN COBERTURA";2
47305;GUAMAL;1105;"MUNICIPIOS SIN COBERTURA";2
47594;GUAMO;1105;"MUNICIPIOS SIN COBERTURA";2
46964;GUAPI;1105;"MUNICIPIOS SIN COBERTURA";2
47459;GUAPOTÁ;1105;"MUNICIPIOS SIN COBERTURA";2
47535;GUARANDA;1105;"MUNICIPIOS SIN COBERTURA";2
47107;GUASCA;1105;"MUNICIPIOS SIN COBERTURA";2
47587;GUATAPÉ;1105;"MUNICIPIOS SIN COBERTURA";2
47083;GUATAQUÍ;1105;"MUNICIPIOS SIN COBERTURA";2
47108;GUATAVITA;1105;"MUNICIPIOS SIN COBERTURA";2
46838;GUATEQUE;1105;"MUNICIPIOS SIN COBERTURA";2
47446;GUÁTICA;1105;"MUNICIPIOS SIN COBERTURA";2
47524;GUAVATÁ;1105;"MUNICIPIOS SIN COBERTURA";2
46753;"GUAYABAL DE SÍQUIMA";1105;"MUNICIPIOS SIN COBERTURA";2
47126;GUAYABETAL;1105;"MUNICIPIOS SIN COBERTURA";2
46839;GUAYATÁ;1105;"MUNICIPIOS SIN COBERTURA";2
47127;GUTIÉRREZ;1105;"MUNICIPIOS SIN COBERTURA";2
47313;GÜEPSA;1105;"MUNICIPIOS SIN COBERTURA";2
46783;GÜICÁN;1105;"MUNICIPIOS SIN COBERTURA";2
47392;HACARÍ;1105;"MUNICIPIOS SIN COBERTURA";2
46742;"HATILLO DE LOBA";1105;"MUNICIPIOS SIN COBERTURA";2
47460;HATO;1105;"MUNICIPIOS SIN COBERTURA";2
46930;"HATO COROZAL";1105;"MUNICIPIOS SIN COBERTURA";2
47250;HATONUEVO;1105;"MUNICIPIOS SIN COBERTURA";2
46618;HELICONIA;1105;"MUNICIPIOS SIN COBERTURA";2
47413;HERRÁN;1105;"MUNICIPIOS SIN COBERTURA";2
47600;HERVEO;1105;"MUNICIPIOS SIN COBERTURA";2
46657;HISPANIA;1105;"MUNICIPIOS SIN COBERTURA";2
47216;HOBO;1105;"MUNICIPIOS SIN COBERTURA";2
47565;HONDA;1105;"MUNICIPIOS SIN COBERTURA";2
47346;IBAGUÉ;1105;"MUNICIPIOS SIN COBERTURA";2
47569;ICONONZO;1105;"MUNICIPIOS SIN COBERTURA";2
47371;ILES;1105;"MUNICIPIOS SIN COBERTURA";2
47121;IMUÉS;1105;"MUNICIPIOS SIN COBERTURA";2
47192;INÍRIDA;1105;"MUNICIPIOS SIN COBERTURA";2
46968;INZÁ;1105;"MUNICIPIOS SIN COBERTURA";2
47373;IPIALES;1105;"MUNICIPIOS SIN COBERTURA";2
47217;IQUIRA;1105;"MUNICIPIOS SIN COBERTURA";2
47233;ISNOS;1105;"MUNICIPIOS SIN COBERTURA";2
46744;ISTMINA;1105;"MUNICIPIOS SIN COBERTURA";2
46601;ITUANGO;1105;"MUNICIPIOS SIN COBERTURA";2
46861;IZA;1105;"MUNICIPIOS SIN COBERTURA";2
46727;JAMBALÓ;1105;"MUNICIPIOS SIN COBERTURA";2
46658;JARDÍN;1105;"MUNICIPIOS SIN COBERTURA";2
46797;JENESANO;1105;"MUNICIPIOS SIN COBERTURA";2
46659;JERICÓ;1105;"MUNICIPIOS SIN COBERTURA";2
46881;JERICÓ;1105;"MUNICIPIOS SIN COBERTURA";2
47084;JERUSALÉN;1105;"MUNICIPIOS SIN COBERTURA";2
47526;"JESÚS MARÍA";1105;"MUNICIPIOS SIN COBERTURA";2
47488;JORDÁN;1105;"MUNICIPIOS SIN COBERTURA";2
46474;"JORGE ELIECER GAITAN";1105;"MUNICIPIOS SIN COBERTURA";2
46712;"JUAN DE ACOSTA";1105;"MUNICIPIOS SIN COBERTURA";2
47109;JUNÍN;1105;"MUNICIPIOS SIN COBERTURA";2
47027;JURADÓ;1105;"MUNICIPIOS SIN COBERTURA";2
47063;"LA APARTADA";1105;"MUNICIPIOS SIN COBERTURA";2
47226;"LA ARGENTINA";1105;"MUNICIPIOS SIN COBERTURA";2
47527;"LA BELLEZA";1105;"MUNICIPIOS SIN COBERTURA";2
47110;"LA CALERA";1105;"MUNICIPIOS SIN COBERTURA";2
46840;"LA CAPILLA";1105;"MUNICIPIOS SIN COBERTURA";2
46635;"LA CEJA";1105;"MUNICIPIOS SIN COBERTURA";2
47447;"LA CELIA";1105;"MUNICIPIOS SIN COBERTURA";2
46560;"LA CHORRERA";1105;"MUNICIPIOS SIN COBERTURA";2
47354;"LA CRUZ";1105;"MUNICIPIOS SIN COBERTURA";2
47637;"LA CUMBRE";1105;"MUNICIPIOS SIN COBERTURA";2
46908;"LA DORADA";1105;"MUNICIPIOS SIN COBERTURA";2
47393;"LA ESPERANZA";1105;"MUNICIPIOS SIN COBERTURA";2
47318;"LA FLORIDA";1105;"MUNICIPIOS SIN COBERTURA";2
47008;"LA GLORIA";1105;"MUNICIPIOS SIN COBERTURA";2
47193;"LA GUADALUPE";1105;"MUNICIPIOS SIN COBERTURA";2
46992;"LA JAGUA DE IBIRICO";1105;"MUNICIPIOS SIN COBERTURA";2
47251;"LA JAGUA DEL PILAR";1105;"MUNICIPIOS SIN COBERTURA";2
47325;"LA LLANADA";1105;"MUNICIPIOS SIN COBERTURA";2
47289;"LA MACARENA";1105;"MUNICIPIOS SIN COBERTURA";2
46887;"LA MERCED";1105;"MUNICIPIOS SIN COBERTURA";2
47175;"LA MESA";1105;"MUNICIPIOS SIN COBERTURA";2
46919;"LA MONTAÑITA";1105;"MUNICIPIOS SIN COBERTURA";2
47132;"LA PALMA";1105;"MUNICIPIOS SIN COBERTURA";2
47000;"LA PAZ";1105;"MUNICIPIOS SIN COBERTURA";2
47528;"LA PAZ";1105;"MUNICIPIOS SIN COBERTURA";2
46561;"LA PEDRERA";1105;"MUNICIPIOS SIN COBERTURA";2
47093;"LA PEÑA";1105;"MUNICIPIOS SIN COBERTURA";2
46660;"LA PINTADA";1105;"MUNICIPIOS SIN COBERTURA";2
47227;"LA PLATA";1105;"MUNICIPIOS SIN COBERTURA";2
47394;"LA PLAYA";1105;"MUNICIPIOS SIN COBERTURA";2
47647;"LA PRIMAVERA";1105;"MUNICIPIOS SIN COBERTURA";2
46931;"LA SALINA";1105;"MUNICIPIOS SIN COBERTURA";2
46949;"LA SIERRA";1105;"MUNICIPIOS SIN COBERTURA";2
47439;"LA TEBAIDA";1105;"MUNICIPIOS SIN COBERTURA";2
47339;"LA TOLA";1105;"MUNICIPIOS SIN COBERTURA";2
46636;"LA UNIÓN";1105;"MUNICIPIOS SIN COBERTURA";2
47124;"LA UNIÓN";1105;"MUNICIPIOS SIN COBERTURA";2
47558;"LA UNIÓN";1105;"MUNICIPIOS SIN COBERTURA";2
46813;"LA UVITA";1105;"MUNICIPIOS SIN COBERTURA";2
46980;"LA VEGA";1105;"MUNICIPIOS SIN COBERTURA";2
47094;"LA VEGA";1105;"MUNICIPIOS SIN COBERTURA";2
46562;"LA VICTORIA";1105;"MUNICIPIOS SIN COBERTURA";2
46825;"LA VICTORIA";1105;"MUNICIPIOS SIN COBERTURA";2
47627;"LA VICTORIA";1105;"MUNICIPIOS SIN COBERTURA";2
47414;LABATECA;1105;"MUNICIPIOS SIN COBERTURA";2
46785;LABRANZAGRANDE;1105;"MUNICIPIOS SIN COBERTURA";2
47529;LANDÁZURI;1105;"MUNICIPIOS SIN COBERTURA";2
47314;LEBRIJA;1105;"MUNICIPIOS SIN COBERTURA";2
47423;LEGUÍZAMO;1105;"MUNICIPIOS SIN COBERTURA";2
47356;LEIVA;1105;"MUNICIPIOS SIN COBERTURA";2
47291;LEJANÍAS;1105;"MUNICIPIOS SIN COBERTURA";2
47184;LENGUAZAQUE;1105;"MUNICIPIOS SIN COBERTURA";2
47348;LÉRIDA;1105;"MUNICIPIOS SIN COBERTURA";2
46563;LETICIA;1105;"MUNICIPIOS SIN COBERTURA";2
47350;LÍBANO;1105;"MUNICIPIOS SIN COBERTURA";2
46619;LIBORINA;1105;"MUNICIPIOS SIN COBERTURA";2
47326;LINARES;1105;"MUNICIPIOS SIN COBERTURA";2
47017;LLORÓ;1105;"MUNICIPIOS SIN COBERTURA";2
46728;LÓPEZ;1105;"MUNICIPIOS SIN COBERTURA";2
47048;LORICA;1105;"MUNICIPIOS SIN COBERTURA";2
47327;"LOS ANDES";1105;"MUNICIPIOS SIN COBERTURA";2
47053;"LOS CÓRDOBAS";1105;"MUNICIPIOS SIN COBERTURA";2
47552;"LOS PALMITOS";1105;"MUNICIPIOS SIN COBERTURA";2
47400;"LOS PATIOS";1105;"MUNICIPIOS SIN COBERTURA";2
47509;"LOS SANTOS";1105;"MUNICIPIOS SIN COBERTURA";2
47380;LOURDES;1105;"MUNICIPIOS SIN COBERTURA";2
46700;LURUACO;1105;"MUNICIPIOS SIN COBERTURA";2
46807;MACANAL;1105;"MUNICIPIOS SIN COBERTURA";2
47475;MACARAVITA;1105;"MUNICIPIOS SIN COBERTURA";2
46577;MACEO;1105;"MUNICIPIOS SIN COBERTURA";2
46755;MACHETÁ;1105;"MUNICIPIOS SIN COBERTURA";2
47153;MADRID;1105;"MUNICIPIOS SIN COBERTURA";2
46754;MAGANGUÉ;1105;"MUNICIPIOS SIN COBERTURA";2
47136;"MAGÜÍ PAYÁN";1105;"MUNICIPIOS SIN COBERTURA";2
46756;MAHATES;1105;"MUNICIPIOS SIN COBERTURA";2
47242;MAICAO;1105;"MUNICIPIOS SIN COBERTURA";2
47536;MAJAGUAL;1105;"MUNICIPIOS SIN COBERTURA";2
47476;MÁLAGA;1105;"MUNICIPIOS SIN COBERTURA";2
46695;MALAMBO;1105;"MUNICIPIOS SIN COBERTURA";2
47328;MALLAMA;1105;"MUNICIPIOS SIN COBERTURA";2
47432;MANATÍ;1105;"MUNICIPIOS SIN COBERTURA";2
47001;MANAURE;1105;"MUNICIPIOS SIN COBERTURA";2
47243;MANAURE;1105;"MUNICIPIOS SIN COBERTURA";2
46932;MANÍ;1105;"MUNICIPIOS SIN COBERTURA";2
47076;MANTA;1105;"MUNICIPIOS SIN COBERTURA";2
46891;MANZANARES;1105;"MUNICIPIOS SIN COBERTURA";2
46990;MAPIRIPÁN;1105;"MUNICIPIOS SIN COBERTURA";2
46915;MAPIRIPANA;1105;"MUNICIPIOS SIN COBERTURA";2
46759;MARGARITA;1105;"MUNICIPIOS SIN COBERTURA";2
46760;"MARÍA LA BAJA";1105;"MUNICIPIOS SIN COBERTURA";2
46637;MARINILLA;1105;"MUNICIPIOS SIN COBERTURA";2
46826;MARIPÍ;1105;"MUNICIPIOS SIN COBERTURA";2
47566;MARIQUITA;1105;"MUNICIPIOS SIN COBERTURA";2
46888;MARMATO;1105;"MUNICIPIOS SIN COBERTURA";2
46892;MARQUETALIA;1105;"MUNICIPIOS SIN COBERTURA";2
47442;MARSELLA;1105;"MUNICIPIOS SIN COBERTURA";2
46893;MARULANDA;1105;"MUNICIPIOS SIN COBERTURA";2
47510;MATANZA;1105;"MUNICIPIOS SIN COBERTURA";2
47119;MEDINA;1105;"MUNICIPIOS SIN COBERTURA";2
47018;"MEDIO ATRATO";1105;"MUNICIPIOS SIN COBERTURA";2
47032;"MEDIO BAUDÓ";1105;"MUNICIPIOS SIN COBERTURA";2
47037;"MEDIO SAN JUAN";1105;"MUNICIPIOS SIN COBERTURA";2
47570;MELGAR;1105;"MUNICIPIOS SIN COBERTURA";2
46981;MERCADERES;1105;"MUNICIPIOS SIN COBERTURA";2
47293;MESETAS;1105;"MUNICIPIOS SIN COBERTURA";2
46720;MILÁN;1105;"MUNICIPIOS SIN COBERTURA";2
46791;MIRAFLORES;1105;"MUNICIPIOS SIN COBERTURA";2
47201;MIRAFLORES;1105;"MUNICIPIOS SIN COBERTURA";2
46958;MIRANDA;1105;"MUNICIPIOS SIN COBERTURA";2
47420;"MIRITI PARANÁ";1105;"MUNICIPIOS SIN COBERTURA";2
47450;MISTRATÓ;1105;"MUNICIPIOS SIN COBERTURA";2
47641;MITÚ;1105;"MUNICIPIOS SIN COBERTURA";2
47418;MOCOA;1105;"MUNICIPIOS SIN COBERTURA";2
47489;MOGOTES;1105;"MUNICIPIOS SIN COBERTURA";2
47477;MOLAGAVITA;1105;"MUNICIPIOS SIN COBERTURA";2
47049;MOMIL;1105;"MUNICIPIOS SIN COBERTURA";2
46762;MOMPÓS;1105;"MUNICIPIOS SIN COBERTURA";2
46862;MONGUA;1105;"MUNICIPIOS SIN COBERTURA";2
46863;MONGUÍ;1105;"MUNICIPIOS SIN COBERTURA";2
46847;MONIQUIRÁ;1105;"MUNICIPIOS SIN COBERTURA";2
47054;MOÑITOS;1105;"MUNICIPIOS SIN COBERTURA";2
46661;MONTEBELLO;1105;"MUNICIPIOS SIN COBERTURA";2
46821;MONTECRISTO;1105;"MUNICIPIOS SIN COBERTURA";2
47064;MONTELÍBANO;1105;"MUNICIPIOS SIN COBERTURA";2
47292;MONTENEGRO;1105;"MUNICIPIOS SIN COBERTURA";2
47051;MONTERÍA;1105;"MUNICIPIOS SIN COBERTURA";2
46933;MONTERREY;1105;"MUNICIPIOS SIN COBERTURA";2
46834;MORALES;1105;"MUNICIPIOS SIN COBERTURA";2
46950;MORALES;1105;"MUNICIPIOS SIN COBERTURA";2
46921;MORELIA;1105;"MUNICIPIOS SIN COBERTURA";2
47195;MORICHAL;1105;"MUNICIPIOS SIN COBERTURA";2
47540;MORROA;1105;"MUNICIPIOS SIN COBERTURA";2
47154;MOSQUERA;1105;"MUNICIPIOS SIN COBERTURA";2
47341;MOSQUERA;1105;"MUNICIPIOS SIN COBERTURA";2
46767;MOTAVITA;1105;"MUNICIPIOS SIN COBERTURA";2
47603;MURILLO;1105;"MUNICIPIOS SIN COBERTURA";2
46674;MURINDÓ;1105;"MUNICIPIOS SIN COBERTURA";2
47562;MUTATÁ;1105;"MUNICIPIOS SIN COBERTURA";2
47406;MUTISCUA;1105;"MUNICIPIOS SIN COBERTURA";2
46827;MUZO;1105;"MUNICIPIOS SIN COBERTURA";2
46638;NARIÑO;1105;"MUNICIPIOS SIN COBERTURA";2
47085;NARIÑO;1105;"MUNICIPIOS SIN COBERTURA";2
47319;NARIÑO;1105;"MUNICIPIOS SIN COBERTURA";2
47228;NÁTAGA;1105;"MUNICIPIOS SIN COBERTURA";2
47575;NATAGAIMA;1105;"MUNICIPIOS SIN COBERTURA";2
46573;NECHÍ;1105;"MUNICIPIOS SIN COBERTURA";2
46676;NECOCLÍ;1105;"MUNICIPIOS SIN COBERTURA";2
46901;NEIRA;1105;"MUNICIPIOS SIN COBERTURA";2
47218;NEIVA;1105;"MUNICIPIOS SIN COBERTURA";2
46757;NEMOCÓN;1105;"MUNICIPIOS SIN COBERTURA";2
47086;NILO;1105;"MUNICIPIOS SIN COBERTURA";2
47095;NIMAIMA;1105;"MUNICIPIOS SIN COBERTURA";2
26225;"NO APLICA";1105;"MUNICIPIOS SIN COBERTURA";2
46864;NOBSA;1105;"MUNICIPIOS SIN COBERTURA";2
47096;NOCAIMA;1105;"MUNICIPIOS SIN COBERTURA";2
46909;NORCASIA;1105;"MUNICIPIOS SIN COBERTURA";2
46678;NOROSÍ;1105;"MUNICIPIOS SIN COBERTURA";2
47038;NÓVITA;1105;"MUNICIPIOS SIN COBERTURA";2
47257;"NUEVA GRANADA";1105;"MUNICIPIOS SIN COBERTURA";2
46798;"NUEVO COLÓN";1105;"MUNICIPIOS SIN COBERTURA";2
46934;NUNCHÍA;1105;"MUNICIPIOS SIN COBERTURA";2
47028;NUQUÍ;1105;"MUNICIPIOS SIN COBERTURA";2
47628;OBANDO;1105;"MUNICIPIOS SIN COBERTURA";2
47490;OCAMONTE;1105;"MUNICIPIOS SIN COBERTURA";2
47395;OCAÑA;1105;"MUNICIPIOS SIN COBERTURA";2
47461;OIBA;1105;"MUNICIPIOS SIN COBERTURA";2
46768;OICATÁ;1105;"MUNICIPIOS SIN COBERTURA";2
46620;OLAYA;1105;"MUNICIPIOS SIN COBERTURA";2
47342;"OLAYA HERRERA";1105;"MUNICIPIOS SIN COBERTURA";2
47491;ONZAGA;1105;"MUNICIPIOS SIN COBERTURA";2
47234;OPORAPA;1105;"MUNICIPIOS SIN COBERTURA";2
47419;ORITO;1105;"MUNICIPIOS SIN COBERTURA";2
46935;OROCUÉ;1105;"MUNICIPIOS SIN COBERTURA";2
47576;ORTEGA;1105;"MUNICIPIOS SIN COBERTURA";2
47329;OSPINA;1105;"MUNICIPIOS SIN COBERTURA";2
46828;OTANCHE;1105;"MUNICIPIOS SIN COBERTURA";2
47541;OVEJAS;1105;"MUNICIPIOS SIN COBERTURA";2
46808;PACHAVITA;1105;"MUNICIPIOS SIN COBERTURA";2
47133;PACHO;1105;"MUNICIPIOS SIN COBERTURA";2
47642;PACOA;1105;"MUNICIPIOS SIN COBERTURA";2
46906;PÁCORA;1105;"MUNICIPIOS SIN COBERTURA";2
46959;PADILLA;1105;"MUNICIPIOS SIN COBERTURA";2
46792;PÁEZ;1105;"MUNICIPIOS SIN COBERTURA";2
46730;PÁEZ;1105;"MUNICIPIOS SIN COBERTURA";2
47229;PAICOL;1105;"MUNICIPIOS SIN COBERTURA";2
46993;PAILITAS;1105;"MUNICIPIOS SIN COBERTURA";2
47134;PAIME;1105;"MUNICIPIOS SIN COBERTURA";2
46876;PAIPA;1105;"MUNICIPIOS SIN COBERTURA";2
46786;PAJARITO;1105;"MUNICIPIOS SIN COBERTURA";2
47219;PALERMO;1105;"MUNICIPIOS SIN COBERTURA";2
46902;PALESTINA;1105;"MUNICIPIOS SIN COBERTURA";2
47235;PALESTINA;1105;"MUNICIPIOS SIN COBERTURA";2
47462;PALMAR;1105;"MUNICIPIOS SIN COBERTURA";2
46706;"PALMAR DE VARELA";1105;"MUNICIPIOS SIN COBERTURA";2
47463;"PALMAS DEL SOCORRO";1105;"MUNICIPIOS SIN COBERTURA";2
47544;PALMITO;1105;"MUNICIPIOS SIN COBERTURA";2
47567;PALOCABILDO;1105;"MUNICIPIOS SIN COBERTURA";2
47407;PAMPLONA;1105;"MUNICIPIOS SIN COBERTURA";2
47408;PAMPLONITA;1105;"MUNICIPIOS SIN COBERTURA";2
47196;"PANA PANA";1105;"MUNICIPIOS SIN COBERTURA";2
47164;PANDI;1105;"MUNICIPIOS SIN COBERTURA";2
46784;PANQUEBA;1105;"MUNICIPIOS SIN COBERTURA";2
47388;PAPUNAUA;1105;"MUNICIPIOS SIN COBERTURA";2
47492;PÁRAMO;1105;"MUNICIPIOS SIN COBERTURA";2
47120;PARATEBUENO;1105;"MUNICIPIOS SIN COBERTURA";2
47165;PASCA;1105;"MUNICIPIOS SIN COBERTURA";2
46731;PATÍA;1105;"MUNICIPIOS SIN COBERTURA";2
46829;PAUNA;1105;"MUNICIPIOS SIN COBERTURA";2
46787;PAYA;1105;"MUNICIPIOS SIN COBERTURA";2
46936;"PAZ DE ARIPORO";1105;"MUNICIPIOS SIN COBERTURA";2
46882;"PAZ DE RÍO";1105;"MUNICIPIOS SIN COBERTURA";2
47271;PEDRAZA;1105;"MUNICIPIOS SIN COBERTURA";2
47009;PELAYA;1105;"MUNICIPIOS SIN COBERTURA";2
46639;PEÑOL;1105;"MUNICIPIOS SIN COBERTURA";2
46894;PENSILVANIA;1105;"MUNICIPIOS SIN COBERTURA";2
46621;PEQUE;1105;"MUNICIPIOS SIN COBERTURA";2
46865;PESCA;1105;"MUNICIPIOS SIN COBERTURA";2
46983;PIAMONTE;1105;"MUNICIPIOS SIN COBERTURA";2
47588;PIEDRAS;1105;"MUNICIPIOS SIN COBERTURA";2
46732;PIENDAMÓ;1105;"MUNICIPIOS SIN COBERTURA";2
47435;PIJAO;1105;"MUNICIPIOS SIN COBERTURA";2
47280;"PIJIÑO DEL CARMEN";1105;"MUNICIPIOS SIN COBERTURA";2
47493;PINCHOTE;1105;"MUNICIPIOS SIN COBERTURA";2
46923;PINILLOS;1105;"MUNICIPIOS SIN COBERTURA";2
46713;PIOJÓ;1105;"MUNICIPIOS SIN COBERTURA";2
46788;PISBA;1105;"MUNICIPIOS SIN COBERTURA";2
47208;PITAL;1105;"MUNICIPIOS SIN COBERTURA";2
47236;PITALITO;1105;"MUNICIPIOS SIN COBERTURA";2
47272;PIVIJAY;1105;"MUNICIPIOS SIN COBERTURA";2
47577;PLANADAS;1105;"MUNICIPIOS SIN COBERTURA";2
47065;"PLANETA RICA";1105;"MUNICIPIOS SIN COBERTURA";2
47258;PLATO;1105;"MUNICIPIOS SIN COBERTURA";2
47357;POLICARPA;1105;"MUNICIPIOS SIN COBERTURA";2
46707;POLONUEVO;1105;"MUNICIPIOS SIN COBERTURA";2
46708;PONEDERA;1105;"MUNICIPIOS SIN COBERTURA";2
46937;PORE;1105;"MUNICIPIOS SIN COBERTURA";2
47374;POTOSÍ;1105;"MUNICIPIOS SIN COBERTURA";2
47638;PRADERA;1105;"MUNICIPIOS SIN COBERTURA";2
47595;PRADO;1105;"MUNICIPIOS SIN COBERTURA";2
47330;PROVIDENCIA;1105;"MUNICIPIOS SIN COBERTURA";2
46625;PROVIDENCIA;1105;"MUNICIPIOS SIN COBERTURA";2
47002;"PUEBLO BELLO";1105;"MUNICIPIOS SIN COBERTURA";2
47066;"PUEBLO NUEVO";1105;"MUNICIPIOS SIN COBERTURA";2
47451;"PUEBLO RICO";1105;"MUNICIPIOS SIN COBERTURA";2
47266;"PUEBLO VIEJO";1105;"MUNICIPIOS SIN COBERTURA";2
46662;PUEBLORRICO;1105;"MUNICIPIOS SIN COBERTURA";2
47530;"PUENTE NACIONAL";1105;"MUNICIPIOS SIN COBERTURA";2
47375;PUERRES;1105;"MUNICIPIOS SIN COBERTURA";2
47389;"PUERTO ALEGRÍA";1105;"MUNICIPIOS SIN COBERTURA";2
46566;"PUERTO ARICA";1105;"MUNICIPIOS SIN COBERTURA";2
47190;"PUERTO ASÍS";1105;"MUNICIPIOS SIN COBERTURA";2
47556;"PUERTO BERRÍO";1105;"MUNICIPIOS SIN COBERTURA";2
46703;"PUERTO BOYACÁ";1105;"MUNICIPIOS SIN COBERTURA";2
47421;"PUERTO CAICEDO";1105;"MUNICIPIOS SIN COBERTURA";2
47648;"PUERTO CARREÑO";1105;"MUNICIPIOS SIN COBERTURA";2
46696;"PUERTO COLOMBIA";1105;"MUNICIPIOS SIN COBERTURA";2
47197;"PUERTO COLOMBIA";1105;"MUNICIPIOS SIN COBERTURA";2
47294;"PUERTO CONCORDIA";1105;"MUNICIPIOS SIN COBERTURA";2
47055;"PUERTO ESCONDIDO";1105;"MUNICIPIOS SIN COBERTURA";2
47312;"PUERTO GAITÁN";1105;"MUNICIPIOS SIN COBERTURA";2
47247;"PUERTO GUZMÁN";1105;"MUNICIPIOS SIN COBERTURA";2
47067;"PUERTO LIBERTADOR";1105;"MUNICIPIOS SIN COBERTURA";2
47295;"PUERTO LLERAS";1105;"MUNICIPIOS SIN COBERTURA";2
47020;"PUERTO LÓPEZ";1105;"MUNICIPIOS SIN COBERTURA";2
46579;"PUERTO NARE";1105;"MUNICIPIOS SIN COBERTURA";2
46567;"PUERTO NARIÑO";1105;"MUNICIPIOS SIN COBERTURA";2
47531;"PUERTO PARRA";1105;"MUNICIPIOS SIN COBERTURA";2
46922;"PUERTO RICO";1105;"MUNICIPIOS SIN COBERTURA";2
47296;"PUERTO RICO";1105;"MUNICIPIOS SIN COBERTURA";2
46688;"PUERTO RONDÓN";1105;"MUNICIPIOS SIN COBERTURA";2
47091;"PUERTO SALGAR";1105;"MUNICIPIOS SIN COBERTURA";2
46568;"PUERTO SANTANDER";1105;"MUNICIPIOS SIN COBERTURA";2
47401;"PUERTO SANTANDER";1105;"MUNICIPIOS SIN COBERTURA";2
46960;"PUERTO TEJADA";1105;"MUNICIPIOS SIN COBERTURA";2
46580;"PUERTO TRIUNFO";1105;"MUNICIPIOS SIN COBERTURA";2
47501;"PUERTO WILCHES";1105;"MUNICIPIOS SIN COBERTURA";2
46758;PULÍ;1105;"MUNICIPIOS SIN COBERTURA";2
47376;PUPIALES;1105;"MUNICIPIOS SIN COBERTURA";2
46733;PURACÉ;1105;"MUNICIPIOS SIN COBERTURA";2
47596;PURIFICACIÓN;1105;"MUNICIPIOS SIN COBERTURA";2
47050;PURÍSIMA;1105;"MUNICIPIOS SIN COBERTURA";2
47097;QUEBRADANEGRA;1105;"MUNICIPIOS SIN COBERTURA";2
47128;QUETAME;1105;"MUNICIPIOS SIN COBERTURA";2
47019;QUIBDÓ;1105;"MUNICIPIOS SIN COBERTURA";2
47441;QUIMBAYA;1105;"MUNICIPIOS SIN COBERTURA";2
47307;QUINCHÍA;1105;"MUNICIPIOS SIN COBERTURA";2
46831;QUÍPAMA;1105;"MUNICIPIOS SIN COBERTURA";2
47176;QUIPILE;1105;"MUNICIPIOS SIN COBERTURA";2
47415;RAGONVALIA;1105;"MUNICIPIOS SIN COBERTURA";2
46799;RAMIRIQUÍ;1105;"MUNICIPIOS SIN COBERTURA";2
46848;RÁQUIRA;1105;"MUNICIPIOS SIN COBERTURA";2
46938;RECETOR;1105;"MUNICIPIOS SIN COBERTURA";2
46970;REGIDOR;1105;"MUNICIPIOS SIN COBERTURA";2
46585;REMEDIOS;1105;"MUNICIPIOS SIN COBERTURA";2
47273;REMOLINO;1105;"MUNICIPIOS SIN COBERTURA";2
47429;REPELÓN;1105;"MUNICIPIOS SIN COBERTURA";2
47306;RESTREPO;1105;"MUNICIPIOS SIN COBERTURA";2
47614;RESTREPO;1105;"MUNICIPIOS SIN COBERTURA";2
46640;RETIRO;1105;"MUNICIPIOS SIN COBERTURA";2
47087;RICAURTE;1105;"MUNICIPIOS SIN COBERTURA";2
47331;RICAURTE;1105;"MUNICIPIOS SIN COBERTURA";2
47010;"RÍO DE ORO";1105;"MUNICIPIOS SIN COBERTURA";2
46745;"RÍO IRO";1105;"MUNICIPIOS SIN COBERTURA";2
46746;"RÍO QUITO";1105;"MUNICIPIOS SIN COBERTURA";2
46982;"RÍO VIEJO";1105;"MUNICIPIOS SIN COBERTURA";2
47578;RIOBLANCO;1105;"MUNICIPIOS SIN COBERTURA";2
47372;RIOFRÍO;1105;"MUNICIPIOS SIN COBERTURA";2
47244;RIOHACHA;1105;"MUNICIPIOS SIN COBERTURA";2
47511;RIONEGRO;1105;"MUNICIPIOS SIN COBERTURA";2
46889;RIOSUCIO;1105;"MUNICIPIOS SIN COBERTURA";2
47024;RIOSUCIO;1105;"MUNICIPIOS SIN COBERTURA";2
46897;RISARALDA;1105;"MUNICIPIOS SIN COBERTURA";2
47220;RIVERA;1105;"MUNICIPIOS SIN COBERTURA";2
47137;"ROBERTO PAYÁN";1105;"MUNICIPIOS SIN COBERTURA";2
47629;ROLDANILLO;1105;"MUNICIPIOS SIN COBERTURA";2
47579;RONCESVALLES;1105;"MUNICIPIOS SIN COBERTURA";2
46800;RONDÓN;1105;"MUNICIPIOS SIN COBERTURA";2
46952;ROSAS;1105;"MUNICIPIOS SIN COBERTURA";2
47589;ROVIRA;1105;"MUNICIPIOS SIN COBERTURA";2
47502;"SABANA DE TORRES";1105;"MUNICIPIOS SIN COBERTURA";2
46709;Sabanagrande;1105;"MUNICIPIOS SIN COBERTURA";2
46622;SABANALARGA;1105;"MUNICIPIOS SIN COBERTURA";2
46710;SABANALARGA;1105;"MUNICIPIOS SIN COBERTURA";2
46939;SABANALARGA;1105;"MUNICIPIOS SIN COBERTURA";2
46962;"SABANAS DE SAN ÁNGEL";1105;"MUNICIPIOS SIN COBERTURA";2
46832;SABOYÁ;1105;"MUNICIPIOS SIN COBERTURA";2
46940;SÁCAMA;1105;"MUNICIPIOS SIN COBERTURA";2
46849;SÁCHICA;1105;"MUNICIPIOS SIN COBERTURA";2
47059;SAHAGÚN;1105;"MUNICIPIOS SIN COBERTURA";2
47237;SALADOBLANCO;1105;"MUNICIPIOS SIN COBERTURA";2
46907;SALAMINA;1105;"MUNICIPIOS SIN COBERTURA";2
47274;SALAMINA;1105;"MUNICIPIOS SIN COBERTURA";2
47381;SALAZAR;1105;"MUNICIPIOS SIN COBERTURA";2
47597;SALDAÑA;1105;"MUNICIPIOS SIN COBERTURA";2
47437;SALENTO;1105;"MUNICIPIOS SIN COBERTURA";2
46663;SALGAR;1105;"MUNICIPIOS SIN COBERTURA";2
46769;SAMACÁ;1105;"MUNICIPIOS SIN COBERTURA";2
46910;SAMANÁ;1105;"MUNICIPIOS SIN COBERTURA";2
47332;SAMANIEGO;1105;"MUNICIPIOS SIN COBERTURA";2
47553;SAMPUÉS;1105;"MUNICIPIOS SIN COBERTURA";2
47238;"SAN AGUSTÍN";1105;"MUNICIPIOS SIN COBERTURA";2
47011;"SAN ALBERTO";1105;"MUNICIPIOS SIN COBERTURA";2
46634;"SAN ANDRÉS";1105;"MUNICIPIOS SIN COBERTURA";2
47478;"SAN ANDRÉS";1105;"MUNICIPIOS SIN COBERTURA";2
47554;"SAN ANDRÉS DE CUERQUÍA";1105;"MUNICIPIOS SIN COBERTURA";2
46748;"SAN ANDRÉS DE SOTAVENTO";1105;"MUNICIPIOS SIN COBERTURA";2
47056;"SAN ANTERO";1105;"MUNICIPIOS SIN COBERTURA";2
47580;"SAN ANTONIO";1105;"MUNICIPIOS SIN COBERTURA";2
46761;"SAN ANTONIO DEL TEQUENDAMA";1105;"MUNICIPIOS SIN COBERTURA";2
47532;"SAN BENITO";1105;"MUNICIPIOS SIN COBERTURA";2
47559;"SAN BENITO ABAD";1105;"MUNICIPIOS SIN COBERTURA";2
47166;"SAN BERNARDO";1105;"MUNICIPIOS SIN COBERTURA";2
47358;"SAN BERNARDO";1105;"MUNICIPIOS SIN COBERTURA";2
47057;"SAN BERNARDO DEL VIENTO";1105;"MUNICIPIOS SIN COBERTURA";2
47396;"SAN CALIXTO";1105;"MUNICIPIOS SIN COBERTURA";2
46641;"SAN CARLOS";1105;"MUNICIPIOS SIN COBERTURA";2
47070;"SAN CARLOS";1105;"MUNICIPIOS SIN COBERTURA";2
47023;"SAN CARLOS DE GUAROA";1105;"MUNICIPIOS SIN COBERTURA";2
47135;"SAN CAYETANO";1105;"MUNICIPIOS SIN COBERTURA";2
47402;"SAN CAYETANO";1105;"MUNICIPIOS SIN COBERTURA";2
46691;"SAN CRISTÓBAL";1105;"MUNICIPIOS SIN COBERTURA";2
47003;"SAN DIEGO";1105;"MUNICIPIOS SIN COBERTURA";2
46793;"SAN EDUARDO";1105;"MUNICIPIOS SIN COBERTURA";2
47039;"SAN ESTANISLAO";1105;"MUNICIPIOS SIN COBERTURA";2
47198;"SAN FELIPE";1105;"MUNICIPIOS SIN COBERTURA";2
47043;"SAN FERNANDO";1105;"MUNICIPIOS SIN COBERTURA";2
46642;"SAN FRANCISCO";1105;"MUNICIPIOS SIN COBERTURA";2
47098;"SAN FRANCISCO";1105;"MUNICIPIOS SIN COBERTURA";2
47424;"SAN FRANCISCO";1105;"MUNICIPIOS SIN COBERTURA";2
47494;"SAN GIL";1105;"MUNICIPIOS SIN COBERTURA";2
47060;"SAN JACINTO";1105;"MUNICIPIOS SIN COBERTURA";2
47075;"SAN JACINTO DEL CAUCA";1105;"MUNICIPIOS SIN COBERTURA";2
46623;"SAN JERÓNIMO";1105;"MUNICIPIOS SIN COBERTURA";2
47495;"SAN JOAQUÍN";1105;"MUNICIPIOS SIN COBERTURA";2
46898;"SAN JOSÉ";1105;"MUNICIPIOS SIN COBERTURA";2
46603;"SAN JOSÉ DE LA MONTAÑA";1105;"MUNICIPIOS SIN COBERTURA";2
47479;"SAN JOSÉ DE MIRANDA";1105;"MUNICIPIOS SIN COBERTURA";2
46850;"SAN JOSÉ DE PARE";1105;"MUNICIPIOS SIN COBERTURA";2
47072;"SAN JOSÉ DE URÉ";1105;"MUNICIPIOS SIN COBERTURA";2
46723;"SAN JOSÉ DEL FRAGUA";1105;"MUNICIPIOS SIN COBERTURA";2
47202;"SAN JOSÉ DEL GUAVIARE";1105;"MUNICIPIOS SIN COBERTURA";2
47040;"SAN JOSÉ DEL PALMAR";1105;"MUNICIPIOS SIN COBERTURA";2
47297;"SAN JUAN DE ARAMA";1105;"MUNICIPIOS SIN COBERTURA";2
47335;"SAN JUAN DE BETULIA";1105;"MUNICIPIOS SIN COBERTURA";2
47117;"SAN JUAN DE RÍO SECO";1105;"MUNICIPIOS SIN COBERTURA";2
47525;"SAN JUAN DE URABÁ";1105;"MUNICIPIOS SIN COBERTURA";2
47252;"SAN JUAN DEL CESAR";1105;"MUNICIPIOS SIN COBERTURA";2
47115;"SAN JUAN NEPOMUCENO";1105;"MUNICIPIOS SIN COBERTURA";2
47308;"SAN JUANITO";1105;"MUNICIPIOS SIN COBERTURA";2
47359;"SAN LORENZO";1105;"MUNICIPIOS SIN COBERTURA";2
46643;"SAN LUIS";1105;"MUNICIPIOS SIN COBERTURA";2
47590;"SAN LUIS";1105;"MUNICIPIOS SIN COBERTURA";2
46809;"SAN LUIS DE GACENO";1105;"MUNICIPIOS SIN COBERTURA";2
46941;"SAN LUIS DE PALENQUE";1105;"MUNICIPIOS SIN COBERTURA";2
47340;"SAN LUIS DE SINCÉ";1105;"MUNICIPIOS SIN COBERTURA";2
47560;"SAN MARCOS";1105;"MUNICIPIOS SIN COBERTURA";2
47012;"SAN MARTÍN";1105;"MUNICIPIOS SIN COBERTURA";2
47310;"SAN MARTÍN";1105;"MUNICIPIOS SIN COBERTURA";2
46693;"SAN MARTÍN DE LOBA";1105;"MUNICIPIOS SIN COBERTURA";2
46814;"SAN MATEO";1105;"MUNICIPIOS SIN COBERTURA";2
47425;"SAN MIGUEL";1105;"MUNICIPIOS SIN COBERTURA";2
47480;"SAN MIGUEL";1105;"MUNICIPIOS SIN COBERTURA";2
46833;"SAN MIGUEL DE SEMA";1105;"MUNICIPIOS SIN COBERTURA";2
47545;"SAN ONOFRE";1105;"MUNICIPIOS SIN COBERTURA";2
47360;"SAN PABLO";1105;"MUNICIPIOS SIN COBERTURA";2
46697;"SAN PABLO DE BORBUR";1105;"MUNICIPIOS SIN COBERTURA";2
46714;"SAN PABLO DE BORBUR";1105;"MUNICIPIOS SIN COBERTURA";2
47555;"SAN PEDRO";1105;"MUNICIPIOS SIN COBERTURA";2
47616;"SAN PEDRO";1105;"MUNICIPIOS SIN COBERTURA";2
47361;"SAN PEDRO DE CARTAGO";1105;"MUNICIPIOS SIN COBERTURA";2
47513;"SAN PEDRO DE LOS MILAGROS";1105;"MUNICIPIOS SIN COBERTURA";2
47508;"SAN PEDRO DE URABÁ";1105;"MUNICIPIOS SIN COBERTURA";2
47071;"SAN PELAYO";1105;"MUNICIPIOS SIN COBERTURA";2
46644;"SAN RAFAEL";1105;"MUNICIPIOS SIN COBERTURA";2
46586;"SAN ROQUE";1105;"MUNICIPIOS SIN COBERTURA";2
46734;"SAN SEBASTIÁN";1105;"MUNICIPIOS SIN COBERTURA";2
46965;"SAN SEBASTIÁN DE BUENAVISTA";1105;"MUNICIPIOS SIN COBERTURA";2
46645;"SAN VICENTE";1105;"MUNICIPIOS SIN COBERTURA";2
47503;"SAN VICENTE DE CHUCURÍ";1105;"MUNICIPIOS SIN COBERTURA";2
46924;"SAN VICENTE DEL CAGUÁN";1105;"MUNICIPIOS SIN COBERTURA";2
46966;"SAN ZENÓN";1105;"MUNICIPIOS SIN COBERTURA";2
47320;SANDONÁ;1105;"MUNICIPIOS SIN COBERTURA";2
47283;"SANTA ANA";1105;"MUNICIPIOS SIN COBERTURA";2
47452;"SANTA BÁRBARA";1105;"MUNICIPIOS SIN COBERTURA";2
47512;"SANTA BÁRBARA";1105;"MUNICIPIOS SIN COBERTURA";2
47143;"SANTA BÁRBARA DE ISCUANDÉ";1105;"MUNICIPIOS SIN COBERTURA";2
46969;"SANTA BÁRBARA DE PINTO";1105;"MUNICIPIOS SIN COBERTURA";2
47194;"SANTA CATALINA";1105;"MUNICIPIOS SIN COBERTURA";2
47464;"SANTA HELENA DEL OPÓN";1105;"MUNICIPIOS SIN COBERTURA";2
47604;"SANTA ISABEL";1105;"MUNICIPIOS SIN COBERTURA";2
47428;"SANTA LUCÍA";1105;"MUNICIPIOS SIN COBERTURA";2
46810;"SANTA MARÍA";1105;"MUNICIPIOS SIN COBERTURA";2
47221;"SANTA MARÍA";1105;"MUNICIPIOS SIN COBERTURA";2
46557;"SANTA MARIA DE MILAN";1105;"MUNICIPIOS SIN COBERTURA";2
47277;"SANTA MARTA";1105;"MUNICIPIOS SIN COBERTURA";2
46985;"SANTA ROSA";1105;"MUNICIPIOS SIN COBERTURA";2
47256;"SANTA ROSA DE LIMA";1105;"MUNICIPIOS SIN COBERTURA";2
46605;"SANTA ROSA de osos";1105;"MUNICIPIOS SIN COBERTURA";2
46715;"SANTA ROSA DE VITERBO";1105;"MUNICIPIOS SIN COBERTURA";2
47259;"SANTA ROSA DEL SUR";1105;"MUNICIPIOS SIN COBERTURA";2
47649;"SANTA ROSALÍA";1105;"MUNICIPIOS SIN COBERTURA";2
46851;"SANTA SOFÍA";1105;"MUNICIPIOS SIN COBERTURA";2
47157;"SANTACRUZ GUACHAVÉZ";1105;"MUNICIPIOS SIN COBERTURA";2
46624;"SANTAFÉ DE ANTIOQUIA";1105;"MUNICIPIOS SIN COBERTURA";2
46852;SANTANA;1105;"MUNICIPIOS SIN COBERTURA";2
46961;"SANTANDER DE QUILICHAO";1105;"MUNICIPIOS SIN COBERTURA";2
47382;SANTIAGO;1105;"MUNICIPIOS SIN COBERTURA";2
47426;SANTIAGO;1105;"MUNICIPIOS SIN COBERTURA";2
47546;"SANTIAGO DE TOLÚ";1105;"MUNICIPIOS SIN COBERTURA";2
46587;"SANTO DOMINGO";1105;"MUNICIPIOS SIN COBERTURA";2
47422;"SANTO TOMÁS";1105;"MUNICIPIOS SIN COBERTURA";2
47449;SANTUARIO;1105;"MUNICIPIOS SIN COBERTURA";2
47334;SAPUYES;1105;"MUNICIPIOS SIN COBERTURA";2
46689;SARAVENA;1105;"MUNICIPIOS SIN COBERTURA";2
47386;SARDINATA;1105;"MUNICIPIOS SIN COBERTURA";2
47099;SASAIMA;1105;"MUNICIPIOS SIN COBERTURA";2
46815;SATIVANORTE;1105;"MUNICIPIOS SIN COBERTURA";2
46816;SATIVASUR;1105;"MUNICIPIOS SIN COBERTURA";2
46588;SEGOVIA;1105;"MUNICIPIOS SIN COBERTURA";2
47077;SESQUILÉ;1105;"MUNICIPIOS SIN COBERTURA";2
46770;SIACHOQUE;1105;"MUNICIPIOS SIN COBERTURA";2
47158;SIBATÉ;1105;"MUNICIPIOS SIN COBERTURA";2
47427;SIBUNDOY;1105;"MUNICIPIOS SIN COBERTURA";2
47409;SILOS;1105;"MUNICIPIOS SIN COBERTURA";2
47167;SILVANIA;1105;"MUNICIPIOS SIN COBERTURA";2
46972;Silvia;1105;"MUNICIPIOS SIN COBERTURA";2
47465;SIMACOTA;1105;"MUNICIPIOS SIN COBERTURA";2
47185;SIMIJACA;1105;"MUNICIPIOS SIN COBERTURA";2
47264;SIMITÍ;1105;"MUNICIPIOS SIN COBERTURA";2
46230;"SIN ASIGNAR BARRANQUILLA";1105;"MUNICIPIOS SIN COBERTURA";2
46226;"SIN ASIGNAR MEDELLIN";1105;"MUNICIPIOS SIN COBERTURA";2
47542;SINCELEJO;1105;"MUNICIPIOS SIN COBERTURA";2
47041;SIPÍ;1105;"MUNICIPIOS SIN COBERTURA";2
47275;SITIONUEVO;1105;"MUNICIPIOS SIN COBERTURA";2
47159;SOACHA;1105;"MUNICIPIOS SIN COBERTURA";2
46817;SOATÁ;1105;"MUNICIPIOS SIN COBERTURA";2
46883;SOCHA;1105;"MUNICIPIOS SIN COBERTURA";2
47466;SOCORRO;1105;"MUNICIPIOS SIN COBERTURA";2
46884;SOCOTÁ;1105;"MUNICIPIOS SIN COBERTURA";2
46866;SOGAMOSO;1105;"MUNICIPIOS SIN COBERTURA";2
46925;SOLANO;1105;"MUNICIPIOS SIN COBERTURA";2
46647;SOLEDAD;1105;"MUNICIPIOS SIN COBERTURA";2
46926;SOLITA;1105;"MUNICIPIOS SIN COBERTURA";2
46841;SOMONDOCO;1105;"MUNICIPIOS SIN COBERTURA";2
47440;SONSÓN;1105;"MUNICIPIOS SIN COBERTURA";2
47434;SOPETRÁN;1105;"MUNICIPIOS SIN COBERTURA";2
47276;SOPLAVIENTO;1105;"MUNICIPIOS SIN COBERTURA";2
47144;SOPÓ;1105;"MUNICIPIOS SIN COBERTURA";2
46771;SORA;1105;"MUNICIPIOS SIN COBERTURA";2
46772;SORACÁ;1105;"MUNICIPIOS SIN COBERTURA";2
46773;SOTAQUIRÁ;1105;"MUNICIPIOS SIN COBERTURA";2
46953;SOTARA;1105;"MUNICIPIOS SIN COBERTURA";2
47467;SUAITA;1105;"MUNICIPIOS SIN COBERTURA";2
46704;SUAN;1105;"MUNICIPIOS SIN COBERTURA";2
46735;SUÁREZ;1105;"MUNICIPIOS SIN COBERTURA";2
47598;SUÁREZ;1105;"MUNICIPIOS SIN COBERTURA";2
47209;SUAZA;1105;"MUNICIPIOS SIN COBERTURA";2
47155;SUBACHOQUE;1105;"MUNICIPIOS SIN COBERTURA";2
46987;SUCRE;1105;"MUNICIPIOS SIN COBERTURA";2
47533;SUCRE;1105;"MUNICIPIOS SIN COBERTURA";2
47537;SUCRE;1105;"MUNICIPIOS SIN COBERTURA";2
47078;SUESCA;1105;"MUNICIPIOS SIN COBERTURA";2
47100;SUPATÁ;1105;"MUNICIPIOS SIN COBERTURA";2
46890;SUPÍA;1105;"MUNICIPIOS SIN COBERTURA";2
47333;SURATÁ;1105;"MUNICIPIOS SIN COBERTURA";2
47186;SUSA;1105;"MUNICIPIOS SIN COBERTURA";2
46818;SUSACÓN;1105;"MUNICIPIOS SIN COBERTURA";2
46853;SUTAMARCHÁN;1105;"MUNICIPIOS SIN COBERTURA";2
47187;SUTATAUSA;1105;"MUNICIPIOS SIN COBERTURA";2
46842;SUTATENZA;1105;"MUNICIPIOS SIN COBERTURA";2
47145;TABIO;1105;"MUNICIPIOS SIN COBERTURA";2
47042;TADÓ;1105;"MUNICIPIOS SIN COBERTURA";2
47284;"TALAIGUA NUEVO";1105;"MUNICIPIOS SIN COBERTURA";2
46994;TAMALAMEQUE;1105;"MUNICIPIOS SIN COBERTURA";2
46942;TÁMARA;1105;"MUNICIPIOS SIN COBERTURA";2
46690;TAME;1105;"MUNICIPIOS SIN COBERTURA";2
46665;TÁMESIS;1105;"MUNICIPIOS SIN COBERTURA";2
47362;TAMINANGO;1105;"MUNICIPIOS SIN COBERTURA";2
47321;TANGUA;1105;"MUNICIPIOS SIN COBERTURA";2
47644;TARAIRA;1105;"MUNICIPIOS SIN COBERTURA";2
46569;TARAPACÁ;1105;"MUNICIPIOS SIN COBERTURA";2
46574;TARAZÁ;1105;"MUNICIPIOS SIN COBERTURA";2
47210;TARQUI;1105;"MUNICIPIOS SIN COBERTURA";2
46666;TARSO;1105;"MUNICIPIOS SIN COBERTURA";2
46885;TASCO;1105;"MUNICIPIOS SIN COBERTURA";2
46943;TAURAMENA;1105;"MUNICIPIOS SIN COBERTURA";2
47188;TAUSA;1105;"MUNICIPIOS SIN COBERTURA";2
47222;TELLO;1105;"MUNICIPIOS SIN COBERTURA";2
47178;TENA;1105;"MUNICIPIOS SIN COBERTURA";2
47260;TENERIFE;1105;"MUNICIPIOS SIN COBERTURA";2
47156;TENJO;1105;"MUNICIPIOS SIN COBERTURA";2
46843;TENZA;1105;"MUNICIPIOS SIN COBERTURA";2
47397;TEORAMA;1105;"MUNICIPIOS SIN COBERTURA";2
47223;TERUEL;1105;"MUNICIPIOS SIN COBERTURA";2
47230;TESALIA;1105;"MUNICIPIOS SIN COBERTURA";2
47168;TIBACUY;1105;"MUNICIPIOS SIN COBERTURA";2
46801;TIBANÁ;1105;"MUNICIPIOS SIN COBERTURA";2
46867;TIBASOSA;1105;"MUNICIPIOS SIN COBERTURA";2
47079;TIBIRITA;1105;"MUNICIPIOS SIN COBERTURA";2
47387;TIBÚ;1105;"MUNICIPIOS SIN COBERTURA";2
47044;TIERRALTA;1105;"MUNICIPIOS SIN COBERTURA";2
47239;TIMANÁ;1105;"MUNICIPIOS SIN COBERTURA";2
46736;TIMBÍO;1105;"MUNICIPIOS SIN COBERTURA";2
46737;TIMBIQUÍ;1105;"MUNICIPIOS SIN COBERTURA";2
46854;TINJACÁ;1105;"MUNICIPIOS SIN COBERTURA";2
46819;TIPACOQUE;1105;"MUNICIPIOS SIN COBERTURA";2
47301;TIQUISIO;1105;"MUNICIPIOS SIN COBERTURA";2
46667;TITIRIBÍ;1105;"MUNICIPIOS SIN COBERTURA";2
46774;TOCA;1105;"MUNICIPIOS SIN COBERTURA";2
47088;TOCAIMA;1105;"MUNICIPIOS SIN COBERTURA";2
47146;TOCANCIPÁ;1105;"MUNICIPIOS SIN COBERTURA";2
46855;TOGÜÍ;1105;"MUNICIPIOS SIN COBERTURA";2
46606;TOLEDO;1105;"MUNICIPIOS SIN COBERTURA";2
47416;TOLEDO;1105;"MUNICIPIOS SIN COBERTURA";2
47547;"TOLÚ VIEJO";1105;"MUNICIPIOS SIN COBERTURA";2
47514;TONA;1105;"MUNICIPIOS SIN COBERTURA";2
46868;TÓPAGA;1105;"MUNICIPIOS SIN COBERTURA";2
46830;TOPAIPÍ;1105;"MUNICIPIOS SIN COBERTURA";2
46973;TORIBIO;1105;"MUNICIPIOS SIN COBERTURA";2
47630;TORO;1105;"MUNICIPIOS SIN COBERTURA";2
46869;TOTA;1105;"MUNICIPIOS SIN COBERTURA";2
46738;TOTORÓ;1105;"MUNICIPIOS SIN COBERTURA";2
46944;TRINIDAD;1105;"MUNICIPIOS SIN COBERTURA";2
47617;TRUJILLO;1105;"MUNICIPIOS SIN COBERTURA";2
46649;TUBARÁ;1105;"MUNICIPIOS SIN COBERTURA";2
47073;TUCHÍN;1105;"MUNICIPIOS SIN COBERTURA";2
47618;TULUÁ;1105;"MUNICIPIOS SIN COBERTURA";2
47345;TUMACO;1105;"MUNICIPIOS SIN COBERTURA";2
46775;TUNJA;1105;"MUNICIPIOS SIN COBERTURA";2
46835;TUNUNGUÁ;1105;"MUNICIPIOS SIN COBERTURA";2
47177;TÚQUERRES;1105;"MUNICIPIOS SIN COBERTURA";2
47315;TURBACO;1105;"MUNICIPIOS SIN COBERTURA";2
46701;TURBANÁ;1105;"MUNICIPIOS SIN COBERTURA";2
46679;TURBO;1105;"MUNICIPIOS SIN COBERTURA";2
46802;TURMEQUÉ;1105;"MUNICIPIOS SIN COBERTURA";2
46776;TUTA;1105;"MUNICIPIOS SIN COBERTURA";2
46878;TUTAZÁ;1105;"MUNICIPIOS SIN COBERTURA";2
47111;UBALÁ;1105;"MUNICIPIOS SIN COBERTURA";2
47129;UBAQUE;1105;"MUNICIPIOS SIN COBERTURA";2
47631;ULLOA;1105;"MUNICIPIOS SIN COBERTURA";2
46803;UMBITA;1105;"MUNICIPIOS SIN COBERTURA";2
47130;UNE;1105;"MUNICIPIOS SIN COBERTURA";2
47025;UNGUÍA;1105;"MUNICIPIOS SIN COBERTURA";2
46747;"UNIÓN PANAMERICANA";1105;"MUNICIPIOS SIN COBERTURA";2
46626;URAMITA;1105;"MUNICIPIOS SIN COBERTURA";2
46984;URIBE;1105;"MUNICIPIOS SIN COBERTURA";2
47245;URIBIA;1105;"MUNICIPIOS SIN COBERTURA";2
46668;URRAO;1105;"MUNICIPIOS SIN COBERTURA";2
47253;URUMITA;1105;"MUNICIPIOS SIN COBERTURA";2
46664;USIACURÍ;1105;"MUNICIPIOS SIN COBERTURA";2
47101;ÚTICA;1105;"MUNICIPIOS SIN COBERTURA";2
46607;VALDIVIA;1105;"MUNICIPIOS SIN COBERTURA";2
47045;VALENCIA;1105;"MUNICIPIOS SIN COBERTURA";2
47265;"VALLE DE GUAMEZ";1105;"MUNICIPIOS SIN COBERTURA";2
47496;"VALLE DE SAN JOSÉ";1105;"MUNICIPIOS SIN COBERTURA";2
47591;"VALLE DE SAN JUAN";1105;"MUNICIPIOS SIN COBERTURA";2
47004;VALLEDUPAR;1105;"MUNICIPIOS SIN COBERTURA";2
47433;VALPARAÍSO;1105;"MUNICIPIOS SIN COBERTURA";2
46724;VALPARAÍSO;1105;"MUNICIPIOS SIN COBERTURA";2
46589;VEGACHÍ;1105;"MUNICIPIOS SIN COBERTURA";2
47534;VÉLEZ;1105;"MUNICIPIOS SIN COBERTURA";2
47605;VENADILLO;1105;"MUNICIPIOS SIN COBERTURA";2
46669;VENECIA;1105;"MUNICIPIOS SIN COBERTURA";2
47169;VENECIA;1105;"MUNICIPIOS SIN COBERTURA";2
46777;VENTAQUEMADA;1105;"MUNICIPIOS SIN COBERTURA";2
47102;VERGARA;1105;"MUNICIPIOS SIN COBERTURA";2
47632;VERSALLES;1105;"MUNICIPIOS SIN COBERTURA";2
47515;VETAS;1105;"MUNICIPIOS SIN COBERTURA";2
47118;VIANÍ;1105;"MUNICIPIOS SIN COBERTURA";2
46911;VICTORIA;1105;"MUNICIPIOS SIN COBERTURA";2
46680;"VIGÍA DEL FUERTE";1105;"MUNICIPIOS SIN COBERTURA";2
47639;VIJES;1105;"MUNICIPIOS SIN COBERTURA";2
47383;"VILLA CARO";1105;"MUNICIPIOS SIN COBERTURA";2
46856;"VILLA DE LEYVA";1105;"MUNICIPIOS SIN COBERTURA";2
46877;"VILLA DE SAN DIEGO DE UBATE";1105;"MUNICIPIOS SIN COBERTURA";2
47403;"VILLA DEL ROSARIO";1105;"MUNICIPIOS SIN COBERTURA";2
46963;"VILLA RICA";1105;"MUNICIPIOS SIN COBERTURA";2
47270;VILLAGARZÓN;1105;"MUNICIPIOS SIN COBERTURA";2
46900;VILLAGÓMEZ;1105;"MUNICIPIOS SIN COBERTURA";2
47606;VILLAHERMOSA;1105;"MUNICIPIOS SIN COBERTURA";2
46717;VILLAMARÍA;1105;"MUNICIPIOS SIN COBERTURA";2
47355;VILLANUEVA;1105;"MUNICIPIOS SIN COBERTURA";2
46945;VILLANUEVA;1105;"MUNICIPIOS SIN COBERTURA";2
47254;VILLANUEVA;1105;"MUNICIPIOS SIN COBERTURA";2
47497;VILLANUEVA;1105;"MUNICIPIOS SIN COBERTURA";2
47080;VILLAPINZÓN;1105;"MUNICIPIOS SIN COBERTURA";2
47571;VILLARRICA;1105;"MUNICIPIOS SIN COBERTURA";2
47299;VILLAVICENCIO;1105;"MUNICIPIOS SIN COBERTURA";2
47224;VILLAVIEJA;1105;"MUNICIPIOS SIN COBERTURA";2
47103;VILLETA;1105;"MUNICIPIOS SIN COBERTURA";2
47179;VIOTÁ;1105;"MUNICIPIOS SIN COBERTURA";2
46804;VIRACACHÁ;1105;"MUNICIPIOS SIN COBERTURA";2
13325;"VISITAS MASIVAS";1105;"MUNICIPIOS SIN COBERTURA";2
47298;"VISTA HERMOSA";1105;"MUNICIPIOS SIN COBERTURA";2
46899;VITERBO;1105;"MUNICIPIOS SIN COBERTURA";2
47138;YACOPÍ;1105;"MUNICIPIOS SIN COBERTURA";2
47322;YACUANQUER;1105;"MUNICIPIOS SIN COBERTURA";2
47225;YAGUARÁ;1105;"MUNICIPIOS SIN COBERTURA";2
46590;YALÍ;1105;"MUNICIPIOS SIN COBERTURA";2
46608;YARUMAL;1105;"MUNICIPIOS SIN COBERTURA";2
47645;YAVARATÉ;1105;"MUNICIPIOS SIN COBERTURA";2
46591;YOLOMBÓ;1105;"MUNICIPIOS SIN COBERTURA";2
46581;YONDÓ;1105;"MUNICIPIOS SIN COBERTURA";2
46946;YOPAL;1105;"MUNICIPIOS SIN COBERTURA";2
47619;YOTOCO;1105;"MUNICIPIOS SIN COBERTURA";2
47370;ZAMBRANO;1105;"MUNICIPIOS SIN COBERTURA";2
47504;ZAPATOCA;1105;"MUNICIPIOS SIN COBERTURA";2
46971;ZAPAYÁN;1105;"MUNICIPIOS SIN COBERTURA";2
46575;ZARAGOZA;1105;"MUNICIPIOS SIN COBERTURA";2
47633;ZARZAL;1105;"MUNICIPIOS SIN COBERTURA";2
46794;ZETAQUIRA;1105;"MUNICIPIOS SIN COBERTURA";2
46903;ZIPACÓN;1105;"MUNICIPIOS SIN COBERTURA";2
47147;ZIPAQUIRÁ;1105;"MUNICIPIOS SIN COBERTURA";2
47267;"ZONA BANANERA";1105;"MUNICIPIOS SIN COBERTURA";2
46267;CENTRO;1105;"MUNICIPIOS SIN COBERTURA";2
48608;BUENAVENTURA;1105;"MUNICIPIOS SIN COBERTURA";2
46556;"EL SILENCIO";1105;"MUNICIPIOS SIN COBERTURA";2
11891;"PUERTA DELSOL";1105;"MUNICIPIOS SIN COBERTURA";2
48609;"ESTRATEGIA BAQ";1105;"MUNICIPIOS SIN COBERTURA";2
48610;"ESTRATEGIA SOLEDAD";1105;"MUNICIPIOS SIN COBERTURA";2
46171;CERRITO;1105;"MUNICIPIOS SIN COBERTURA";2
46551;"EL RETIRO";1105;"MUNICIPIOS SIN COBERTURA";2
11886;"SANTA CLARA";1105;"MUNICIPIOS SIN COBERTURA";2
46536;"OMAR TORRIJO";1105;"MUNICIPIOS SIN COBERTURA";2
46224;"PROBLEMA DE COBRO CALI";1105;"MUNICIPIOS SIN COBERTURA";2
11981;JAMUNDI;1105;"MUNICIPIOS SIN COBERTURA";2
11330;"LA GERMANIA VILLA GORGONA";1105;"MUNICIPIOS SIN COBERTURA";2
1201;"PORTAL DE JAMUNDI";1105;"MUNICIPIOS SIN COBERTURA";2
46172;VILLAGORGONA;1105;"MUNICIPIOS SIN COBERTURA";2
46505;VILLAGORGONA;1105;"MUNICIPIOS SIN COBERTURA";2
46075;"REC 1";1105;"MUNICIPIOS SIN COBERTURA";2
46076;"REC 2";1105;"MUNICIPIOS SIN COBERTURA";2
46477;CENTRO;1105;"MUNICIPIOS SIN COBERTURA";2
48784;URAPANES;1105;"MUNICIPIOS SIN COBERTURA";2
46109;CEREZOS;1136;"BARRANQUILLA  4 - HELMUTH CERVANTES";8
46113;"RESERVA LOS ROBLES";1136;"BARRANQUILLA  4 - HELMUTH CERVANTES";8
26312;"SANTA INES";1136;"BARRANQUILLA  4 - HELMUTH CERVANTES";8
26315;"VILLA SALAMAR";1136;"BARRANQUILLA  4 - HELMUTH CERVANTES";8
46098;"VILLA ESTADIO";1136;"BARRANQUILLA  4 - HELMUTH CERVANTES";8
26311;HIPODROMO;1136;"BARRANQUILLA  4 - HELMUTH CERVANTES";8
46101;"BELLA MURILLO";1136;"BARRANQUILLA  4 - HELMUTH CERVANTES";8
26321;ARBOLEDA;1136;"BARRANQUILLA  4 - HELMUTH CERVANTES";8
26274;"COSTA HERMOSA";1136;"BARRANQUILLA  4 - HELMUTH CERVANTES";8
26316;CENTENARIO;1136;"BARRANQUILLA  4 - HELMUTH CERVANTES";8
26303;"EL PARQUE";1136;"BARRANQUILLA  4 - HELMUTH CERVANTES";8
26310;"EL RIO";1136;"BARRANQUILLA  4 - HELMUTH CERVANTES";8
26301;"LAS GAVIOTAS";1136;"BARRANQUILLA  4 - HELMUTH CERVANTES";8
26320;"LAS MORAS";1136;"BARRANQUILLA  4 - HELMUTH CERVANTES";8
26314;MARGARITAS;1136;"BARRANQUILLA  4 - HELMUTH CERVANTES";8
26313;SALAMANCA;1136;"BARRANQUILLA  4 - HELMUTH CERVANTES";8
26322;TRINITARIA;1136;"BARRANQUILLA  4 - HELMUTH CERVANTES";8
26319;"VILLA KATANGA";1136;"BARRANQUILLA  4 - HELMUTH CERVANTES";8
26318;"VILLA MUVDI";1136;"BARRANQUILLA  4 - HELMUTH CERVANTES";8
26305;"LAS NIEVES";1136;"BARRANQUILLA  4 - HELMUTH CERVANTES";8
26246;"SIMON BOLIVAR";1136;"BARRANQUILLA  4 - HELMUTH CERVANTES";8
26317;TRIUNFO;1136;"BARRANQUILLA  4 - HELMUTH CERVANTES";8
26309;"VISTA HERMOSA";1136;"BARRANQUILLA  4 - HELMUTH CERVANTES";8
26262;"LOS TRUPILLOS";1136;"BARRANQUILLA  4 - HELMUTH CERVANTES";8
26272;"SANTA ELENA";1136;"BARRANQUILLA  4 - HELMUTH CERVANTES";8
46117;"EL MILAGRO";1136;"BARRANQUILLA  4 - HELMUTH CERVANTES";8
46106;"ROBLES 5";1136;"BARRANQUILLA  4 - HELMUTH CERVANTES";8
46097;"VILLA LAS MORAS";1136;"BARRANQUILLA  4 - HELMUTH CERVANTES";8
46146;"SOACHA 12 MARZO";1147;"BOGOTA  SOACHA- RUBEN AVILA";4
46158;"SOACHA CIUDAD LATINA";1147;"BOGOTA  SOACHA- RUBEN AVILA";4
46134;"SOACHA EL ALTICO";1147;"BOGOTA  SOACHA- RUBEN AVILA";4
13538;"SOACHA MERCURIO";1147;"BOGOTA  SOACHA- RUBEN AVILA";4
46180;"SOACHA PORVENIR";1147;"BOGOTA  SOACHA- RUBEN AVILA";4
46135;"PARQUE CAMPESTRE";1147;"BOGOTA  SOACHA- RUBEN AVILA";4
46149;"SOACHA AMISTAD";1147;"BOGOTA  SOACHA- RUBEN AVILA";4
46140;"SOACHA COMPARTIR";1147;"BOGOTA  SOACHA- RUBEN AVILA";4
46133;"SOACHA QUINTANARES";1147;"BOGOTA  SOACHA- RUBEN AVILA";4
13295;"SOACHA LEON XIII";1147;"BOGOTA  SOACHA- RUBEN AVILA";4
46138;"CIUDAD CIUDAD VERDE";1147;"BOGOTA  SOACHA- RUBEN AVILA";4
46132;"SOACHA HOGARES";1147;"BOGOTA  SOACHA- RUBEN AVILA";4
12795;"SOACHA SAN MATEO";1147;"BOGOTA  SOACHA- RUBEN AVILA";4
13314;SOSOROM;1186;MOROSOS;4
27133;"BELLA VISTA - ESTRELLA";1467;"RUTA 2 ESTRELLA";3
26459;"CALLE 5";1467;"RUTA 2 ESTRELLA";3
26386;ESTRELLA;1467;"RUTA 2 ESTRELLA";3
46683;"LA ESTRELLA";1467;"RUTA 2 ESTRELLA";3
26461;CAQUETA;1467;"RUTA 2 ESTRELLA";3
26464;"VILLAS DE ALCANTARA";1467;"RUTA 2 ESTRELLA";3
26330;BRISAS;1467;"RUTA 2 ESTRELLA";3
26462;CHILE;1467;"RUTA 2 ESTRELLA";3
26603;DORADO-ESTRELLA;1467;"RUTA 2 ESTRELLA";3
26494;ESCOBAR;1467;"RUTA 2 ESTRELLA";3
26466;"LA CHINCA";1467;"RUTA 2 ESTRELLA";3
27138;"LA OSPINA";1467;"RUTA 2 ESTRELLA";3
26469;PEDRERO;1467;"RUTA 2 ESTRELLA";3
26480;PRIMAVERA-ESTRELLA;1467;"RUTA 2 ESTRELLA";3
26521;"SAN CAYETANO";1467;"RUTA 2 ESTRELLA";3
27135;"SAN VICENTE - ESTRELLA";1467;"RUTA 2 ESTRELLA";3
26465;"VILLA MIRA";1467;"RUTA 2 ESTRELLA";3
26470;"EL CERRITO";1467;"RUTA 2 ESTRELLA";3
26444;GUAMALITO;1467;"RUTA 2 ESTRELLA";3
26422;"LA PALMA";1467;"RUTA 2 ESTRELLA";3
26353;ROBLES;1467;"RUTA 2 ESTRELLA";3
26474;"SAN ANDRES";1467;"RUTA 2 ESTRELLA";3
26403;TRIANA;1467;"RUTA 2 ESTRELLA";3
26485;"VILLA DEL CAMPO";1467;"RUTA 2 ESTRELLA";3
26417;CEDROS;1467;"RUTA 2 ESTRELLA";3
26476;CERRITO;1467;"RUTA 2 ESTRELLA";3
26479;TOLEDO;1467;"RUTA 2 ESTRELLA";3
26509;ZANCIBAR;1467;"RUTA 2 ESTRELLA";3
26482;"VILLA ALICIA";1467;"RUTA 2 ESTRELLA";3
26518;ANCON;1467;"RUTA 2 ESTRELLA";3
26387;BARILOCHE;1467;"RUTA 2 ESTRELLA";3
12257;"PRADO CENTRO";1470;"RUTA 11 ARANJUEZ";3
12070;"VILLA HERMOSA";1470;"RUTA 11 ARANJUEZ";3
12269;MORAVIA;1470;"RUTA 11 ARANJUEZ";3
12593;"LAS PALMAS";1470;"RUTA 11 ARANJUEZ";3
46394;"ALFONZO LOPEZ";1511;"RUTA 3 LA VIRGINIA LU - LUIS GALLEGO";5
46424;"BAIRON GAVIRIA";1511;"RUTA 3 LA VIRGINIA LU - LUIS GALLEGO";5
46367;BALSILLAS;1511;"RUTA 3 LA VIRGINIA LU - LUIS GALLEGO";5
46383;"BUENOS AIRES";1511;"RUTA 3 LA VIRGINIA LU - LUIS GALLEGO";5
46405;"CAIMALITO CENTRO";1511;"RUTA 3 LA VIRGINIA LU - LUIS GALLEGO";5
46508;"EL CIPRES";1511;"RUTA 3 LA VIRGINIA LU - LUIS GALLEGO";5
46380;"EL EDEN";1511;"RUTA 3 LA VIRGINIA LU - LUIS GALLEGO";5
46360;"EL PRADO";1511;"RUTA 3 LA VIRGINIA LU - LUIS GALLEGO";5
46395;"EL PROGRESO";1511;"RUTA 3 LA VIRGINIA LU - LUIS GALLEGO";5
46490;"ESPACIO NORTE";1511;"RUTA 3 LA VIRGINIA LU - LUIS GALLEGO";5
46429;GAVILANES;1511;"RUTA 3 LA VIRGINIA LU - LUIS GALLEGO";5
46368;"LA MILAGROSA";1511;"RUTA 3 LA VIRGINIA LU - LUIS GALLEGO";5
46376;"LA PLAYA";1511;"RUTA 3 LA VIRGINIA LU - LUIS GALLEGO";5
46399;LIBERTADORES;1511;"RUTA 3 LA VIRGINIA LU - LUIS GALLEGO";5
46364;"LOS ALMENDROS";1511;"RUTA 3 LA VIRGINIA LU - LUIS GALLEGO";5
46389;MAGDALENA;1511;"RUTA 3 LA VIRGINIA LU - LUIS GALLEGO";5
46387;MAGDALENA;1511;"RUTA 3 LA VIRGINIA LU - LUIS GALLEGO";5
46369;OBRERO;1511;"RUTA 3 LA VIRGINIA LU - LUIS GALLEGO";5
46398;"PEDRO PABLO BELLO";1511;"RUTA 3 LA VIRGINIA LU - LUIS GALLEGO";5
46358;"PÍO XLL";1511;"RUTA 3 LA VIRGINIA LU - LUIS GALLEGO";5
46375;RESTREPO;1511;"RUTA 3 LA VIRGINIA LU - LUIS GALLEGO";5
46379;"SAN ANTONIO";1511;"RUTA 3 LA VIRGINIA LU - LUIS GALLEGO";5
46388;"SAN CAYETANO";1511;"RUTA 3 LA VIRGINIA LU - LUIS GALLEGO";5
46381;"SAN FERNANDO";1511;"RUTA 3 LA VIRGINIA LU - LUIS GALLEGO";5
46359;"SANTA FE";1511;"RUTA 3 LA VIRGINIA LU - LUIS GALLEGO";5
46357;"SIETE DE ENERO";1511;"RUTA 3 LA VIRGINIA LU - LUIS GALLEGO";5
46370;"SIGIFREDO ZULETA";1511;"RUTA 3 LA VIRGINIA LU - LUIS GALLEGO";5
46356;TANGARIFE;1511;"RUTA 3 LA VIRGINIA LU - LUIS GALLEGO";5
46090;"LA VIRGINIA";1511;"RUTA 3 LA VIRGINIA LU - LUIS GALLEGO";5
46378;BAVARIA;1511;"RUTA 3 LA VIRGINIA LU - LUIS GALLEGO";5
48794;"SAN CARLOS";1511;"RUTA 3 LA VIRGINIA LU - LUIS GALLEGO";5
48795;"LUIS CARLOS GALAN";1511;"RUTA 3 LA VIRGINIA LU - LUIS GALLEGO";5
46414;ALAMEDA;1512;"RUTA 3 CARTAGO MA - LUIS GALLEGO";5
46433;"BALCONES DE LAS COLINAS";1512;"RUTA 3 CARTAGO MA - LUIS GALLEGO";5
46432;BERLIN;1512;"RUTA 3 CARTAGO MA - LUIS GALLEGO";5
46415;"BRISAS DEL RIO";1512;"RUTA 3 CARTAGO MA - LUIS GALLEGO";5
46473;"CAMELLON DEL QUINDIO";1512;"RUTA 3 CARTAGO MA - LUIS GALLEGO";5
46084;CARTAGO;1512;"RUTA 3 CARTAGO MA - LUIS GALLEGO";5
46459;"CIIDADELA COMFANDI";1512;"RUTA 3 CARTAGO MA - LUIS GALLEGO";5
46422;COLLAREJO;1512;"RUTA 3 CARTAGO MA - LUIS GALLEGO";5
46515;"CONDOMINIO BOSQUE LOS LAGOS";1512;"RUTA 3 CARTAGO MA - LUIS GALLEGO";5
46471;CONQUISTADORES;1512;"RUTA 3 CARTAGO MA - LUIS GALLEGO";5
46453;"EL CIPRES";1512;"RUTA 3 CARTAGO MA - LUIS GALLEGO";5
46440;"EL DIVINO NIÑO";1512;"RUTA 3 CARTAGO MA - LUIS GALLEGO";5
46418;"EL PARAISO";1512;"RUTA 3 CARTAGO MA - LUIS GALLEGO";5
46457;"EL ROBLE";1512;"RUTA 3 CARTAGO MA - LUIS GALLEGO";5
46455;ERONA;1512;"RUTA 3 CARTAGO MA - LUIS GALLEGO";5
46468;"FABIO SALAZAR";1512;"RUTA 3 CARTAGO MA - LUIS GALLEGO";5
46417;HORIZONTE;1512;"RUTA 3 CARTAGO MA - LUIS GALLEGO";5
46476;"JORGE ELIECER GAITAN";1512;"RUTA 3 CARTAGO MA - LUIS GALLEGO";5
46439;"LA CRISTINA";1512;"RUTA 3 CARTAGO MA - LUIS GALLEGO";5
46413;"LA ESPERANZA";1512;"RUTA 3 CARTAGO MA - LUIS GALLEGO";5
46420;"LA MILAGROSA";1512;"RUTA 3 CARTAGO MA - LUIS GALLEGO";5
46472;"LAS COLINAS";1512;"RUTA 3 CARTAGO MA - LUIS GALLEGO";5
46465;"LAS VERANERAS";1512;"RUTA 3 CARTAGO MA - LUIS GALLEGO";5
46449;"LOS CAMINOS";1512;"RUTA 3 CARTAGO MA - LUIS GALLEGO";5
46446;"LOS CHORROS";1512;"RUTA 3 CARTAGO MA - LUIS GALLEGO";5
48606;"LOS ROSALES";1512;"RUTA 3 CARTAGO MA - LUIS GALLEGO";5
46445;"LOS SAUCES";1512;"RUTA 3 CARTAGO MA - LUIS GALLEGO";5
46425;MELQUISEDEC;1512;"RUTA 3 CARTAGO MA - LUIS GALLEGO";5
46462;"NUESTRA SEÑORA DE LA POBREZA";1512;"RUTA 3 CARTAGO MA - LUIS GALLEGO";5
46410;ORTEZ;1512;"RUTA 3 CARTAGO MA - LUIS GALLEGO";5
46529;PORVENIR;1512;"RUTA 3 CARTAGO MA - LUIS GALLEGO";5
46464;"PUEBLITO PAISA";1512;"RUTA 3 CARTAGO MA - LUIS GALLEGO";5
46430;"REPUBLICA DE FRANCIA";1512;"RUTA 3 CARTAGO MA - LUIS GALLEGO";5
46454;"SAN AGUSTIN";1512;"RUTA 3 CARTAGO MA - LUIS GALLEGO";5
46412;"SAN FERNANDO";1512;"RUTA 3 CARTAGO MA - LUIS GALLEGO";5
46442;"SAN JERONIMO";1512;"RUTA 3 CARTAGO MA - LUIS GALLEGO";5
46467;"SAN JOSE";1512;"RUTA 3 CARTAGO MA - LUIS GALLEGO";5
46463;"SAN JUAN DE LA CRUZ";1512;"RUTA 3 CARTAGO MA - LUIS GALLEGO";5
46421;"SAN VICENTE";1512;"RUTA 3 CARTAGO MA - LUIS GALLEGO";5
46423;"SANTA ANA";1512;"RUTA 3 CARTAGO MA - LUIS GALLEGO";5
46461;"SANTA HELENA";1512;"RUTA 3 CARTAGO MA - LUIS GALLEGO";5
46458;"SANTA ROSA DE LIMA";1512;"RUTA 3 CARTAGO MA - LUIS GALLEGO";5
46456;VERONA;1512;"RUTA 3 CARTAGO MA - LUIS GALLEGO";5
46452;"VILLA DEL SOL";1512;"RUTA 3 CARTAGO MA - LUIS GALLEGO";5
46523;"VILLA JULIA";1512;"RUTA 3 CARTAGO MA - LUIS GALLEGO";5
46451;"SANTA MONICA";1512;"RUTA 3 CARTAGO MA - LUIS GALLEGO";5
46408;"PUERTO CALDAS";1512;"RUTA 3 CARTAGO MA - LUIS GALLEGO";5
46447;"LA PRADERA";1512;"RUTA 3 CARTAGO MA - LUIS GALLEGO";5
46434;"CARLOS HOLMES";1512;"RUTA 3 CARTAGO MA - LUIS GALLEGO";5
46426;"LA FLORESTA";1512;"RUTA 3 CARTAGO MA - LUIS GALLEGO";5
46516;"LA GUADALUPE";1512;"RUTA 3 CARTAGO MA - LUIS GALLEGO";5
46435;"LOS NARANJOS";1512;"RUTA 3 CARTAGO MA - LUIS GALLEGO";5
46427;"SAN NICOLAS";1512;"RUTA 3 CARTAGO MA - LUIS GALLEGO";5
46466;"TORRE LA VEGA";1512;"RUTA 3 CARTAGO MA - LUIS GALLEGO";5
46436;"EL ROSARIO";1512;"RUTA 3 CARTAGO MA - LUIS GALLEGO";5
46431;"OBRERO DEPARTAMENTAL";1512;"RUTA 3 CARTAGO MA - LUIS GALLEGO";5
48803;"SAN JOAQUIN (VIA SUPER 13)";1512;"RUTA 3 CARTAGO MA - LUIS GALLEGO";5
48804;"LAS ORQUIDEAS (VIA SUPER 13)";1512;"RUTA 3 CARTAGO MA - LUIS GALLEGO";5
48805;"URBANIZACION VILLA COMUNERA (VIA SUPER 13)";1512;"RUTA 3 CARTAGO MA - LUIS GALLEGO";5
48806;"EL TREBOL (VIA SUPER 13)";1512;"RUTA 3 CARTAGO MA - LUIS GALLEGO";5
48807;"LUIS CARLOS GALAN (VIA SUPER13)";1512;"RUTA 3 CARTAGO MA - LUIS GALLEGO";5
48809;"EL DANUBIO (VIA SUPER13)";1512;"RUTA 3 CARTAGO MA - LUIS GALLEGO";5
48808;"EL JARDIN (VIA SUPER 13)";1512;"RUTA 3 CARTAGO MA - LUIS GALLEGO";5
48825;"SAN CARLOS (VIA SUPER 13)";1512;"RUTA 3 CARTAGO MA - LUIS GALLEGO";5
48826;"EL JAZMIN";1512;"RUTA 3 CARTAGO MA - LUIS GALLEGO";5
48827;"LOS ANGELES";1512;"RUTA 3 CARTAGO MA - LUIS GALLEGO";5
48828;"VILLA AMALIA (VIA SUPER 13)";1512;"RUTA 3 CARTAGO MA - LUIS GALLEGO";5
48829;"PRIMERO DE MAYO (VIA SUPER 13)";1512;"RUTA 3 CARTAGO MA - LUIS GALLEGO";5
48831;"BELLA VISTA (VIA SUPER 13)";1512;"RUTA 3 CARTAGO MA - LUIS GALLEGO";5
48830;"EL JUBILEO (VIA SUPER 13)";1512;"RUTA 3 CARTAGO MA - LUIS GALLEGO";5
48832;"JOSE GAVIRIA CALDERON (VIA SUPER 13)";1512;"RUTA 3 CARTAGO MA - LUIS GALLEGO";5
48833;"LA AURORA (VIA SUPER 13)";1512;"RUTA 3 CARTAGO MA - LUIS GALLEGO";5
48834;"CAMBULOS (VIA SUPER 13)";1512;"RUTA 3 CARTAGO MA - LUIS GALLEGO";5
48835;"LA INDEPENDENCIA (VIA SUPER 13)";1512;"RUTA 3 CARTAGO MA - LUIS GALLEGO";5
48836;"LA PAZ (SECTOR CLINICA CONF)";1512;"RUTA 3 CARTAGO MA - LUIS GALLEGO";5
48837;"ALAMOS (SECTOR CLINICA CONF)";1512;"RUTA 3 CARTAGO MA - LUIS GALLEGO";5
48838;"VILLA JULIANA (SECTOR CLINICA CONF)";1512;"RUTA 3 CARTAGO MA - LUIS GALLEGO";5
48839;"VILLA LORENA (SECTOR CLINICA CONF)";1512;"RUTA 3 CARTAGO MA - LUIS GALLEGO";5
48841;"GUAYACANES (SECTOR CLINICA CONF)";1512;"RUTA 3 CARTAGO MA - LUIS GALLEGO";5
48843;"MONTEVERDE (SECTOR CLINICA CONF)";1512;"RUTA 3 CARTAGO MA - LUIS GALLEGO";5
48844;"PRADO VERDE (SECTOR CLINICA COMF)";1512;"RUTA 3 CARTAGO MA - LUIS GALLEGO";5
48845;"VILLA ELENA (SECTOR CLINICA CONF)";1512;"RUTA 3 CARTAGO MA - LUIS GALLEGO";5
48846;"EL PRADO (SECTOR CLINICA CONF)";1512;"RUTA 3 CARTAGO MA - LUIS GALLEGO";5
48847;"LA ISLETA";1512;"RUTA 3 CARTAGO MA - LUIS GALLEGO";5
48849;"URBANIZACION NUEVA CARTAGO";1512;"RUTA 3 CARTAGO MA - LUIS GALLEGO";5
48848;"VILLA CAROLINA (VIA BATALLON)";1512;"RUTA 3 CARTAGO MA - LUIS GALLEGO";5
48851;"JUAN B 23";1512;"RUTA 3 CARTAGO MA - LUIS GALLEGO";5
48850;"EL SAMAN";1512;"RUTA 3 CARTAGO MA - LUIS GALLEGO";5
48854;"CIUDADELA LA PAZ";1512;"RUTA 3 CARTAGO MA - LUIS GALLEGO";5
48857;"EL POBLADO (CARTAGO)";1512;"RUTA 3 CARTAGO MA - LUIS GALLEGO";5
48856;EMAUS;1512;"RUTA 3 CARTAGO MA - LUIS GALLEGO";5
48853;COOPERATIVO;1512;"RUTA 3 CARTAGO MA - LUIS GALLEGO";5
48855;"RINCON DE LA LOMA";1512;"RUTA 3 CARTAGO MA - LUIS GALLEGO";5
48852;ROSALES;1512;"RUTA 3 CARTAGO MA - LUIS GALLEGO";5
48860;"LA CASTELLANA";1512;"RUTA 3 CARTAGO MA - LUIS GALLEGO";5
48866;"ANTONIO NARIÑO";1512;"RUTA 3 CARTAGO MA - LUIS GALLEGO";5
48865;"LA LIBERTAD";1512;"RUTA 3 CARTAGO MA - LUIS GALLEGO";5
48867;MARISCAL;1512;"RUTA 3 CARTAGO MA - LUIS GALLEGO";5
48869;"CUCHARA LARGA";1512;"RUTA 3 CARTAGO MA - LUIS GALLEGO";5
48868;"VILLA VIVIANA";1512;"RUTA 3 CARTAGO MA - LUIS GALLEGO";5
46220;"GILBERTO PELAEZ";1512;"RUTA 3 CARTAGO MA - LUIS GALLEGO";5
48870;"LA ARBOLEDA";1512;"RUTA 3 CARTAGO MA - LUIS GALLEGO";5
48876;LAURELES;1512;"RUTA 3 CARTAGO MA - LUIS GALLEGO";5
48874;"SANTA MARIA REAL";1512;"RUTA 3 CARTAGO MA - LUIS GALLEGO";5
48873;"URBANIZACION LOS CHIMINANGOS";1512;"RUTA 3 CARTAGO MA - LUIS GALLEGO";5
48877;"LA ARENERA";1512;"RUTA 3 CARTAGO MA - LUIS GALLEGO";5
48879;"CAROLINA (CIPRES)";1512;"RUTA 3 CARTAGO MA - LUIS GALLEGO";5
48880;"SANTA ISABEL (CARTAGO)";1512;"RUTA 3 CARTAGO MA - LUIS GALLEGO";5
46558;BELLAVISTA;1512;"RUTA 3 CARTAGO MA - LUIS GALLEGO";5
46419;"LOS ALPEZ";1512;"RUTA 3 CARTAGO MA - LUIS GALLEGO";5
46324;"ALFONSO LOPEZ";1513;"RUTA 1 SANTA ROSA  - JHON HERRERA";5
46331;BOLÍVAR;1513;"RUTA 1 SANTA ROSA  - JHON HERRERA";5
46336;CAMELO;1513;"RUTA 1 SANTA ROSA  - JHON HERRERA";5
46316;"CIUDADELA FLORIDA DEL RIO";1513;"RUTA 1 SANTA ROSA  - JHON HERRERA";5
46333;"COLINAS DEL ROSARIO";1513;"RUTA 1 SANTA ROSA  - JHON HERRERA";5
46506;"EL PARAISO";1513;"RUTA 1 SANTA ROSA  - JHON HERRERA";5
46340;"EL TRIUNFO";1513;"RUTA 1 SANTA ROSA  - JHON HERRERA";5
46353;"EL VERGEL";1513;"RUTA 1 SANTA ROSA  - JHON HERRERA";5
46492;"EL VERGEL SANTA RORA";1513;"RUTA 1 SANTA ROSA  - JHON HERRERA";5
46321;"FERMIN LOPEZ";1513;"RUTA 1 SANTA ROSA  - JHON HERRERA";5
46348;GUAYACANES;1513;"RUTA 1 SANTA ROSA  - JHON HERRERA";5
46318;"JARDIN DE LA HERMOSA";1513;"RUTA 1 SANTA ROSA  - JHON HERRERA";5
46361;"LA ESTACIÓN";1513;"RUTA 1 SANTA ROSA  - JHON HERRERA";5
46347;"LA FLORA";1513;"RUTA 1 SANTA ROSA  - JHON HERRERA";5
46305;"LA HERMOSA I";1513;"RUTA 1 SANTA ROSA  - JHON HERRERA";5
46309;"LA HERMOSA III";1513;"RUTA 1 SANTA ROSA  - JHON HERRERA";5
46310;"LA HERMOSA IV";1513;"RUTA 1 SANTA ROSA  - JHON HERRERA";5
46311;"LA HERMOSA V";1513;"RUTA 1 SANTA ROSA  - JHON HERRERA";5
46312;"LA HERMOSA VI";1513;"RUTA 1 SANTA ROSA  - JHON HERRERA";5
46308;"LA HERMOSA VIII";1513;"RUTA 1 SANTA ROSA  - JHON HERRERA";5
46555;"LA SAMARIA";1513;"RUTA 1 SANTA ROSA  - JHON HERRERA";5
46385;"LA UNIÓN ( )";1513;"RUTA 1 SANTA ROSA  - JHON HERRERA";5
46323;LINARES;1513;"RUTA 1 SANTA ROSA  - JHON HERRERA";5
46342;"LOS ANDES";1513;"RUTA 1 SANTA ROSA  - JHON HERRERA";5
46314;"LOS ANGELES";1513;"RUTA 1 SANTA ROSA  - JHON HERRERA";5
46313;"LOS CORALES";1513;"RUTA 1 SANTA ROSA  - JHON HERRERA";5
46346;"LOS PINOS";1513;"RUTA 1 SANTA ROSA  - JHON HERRERA";5
48607;"LOS PORTALES";1513;"RUTA 1 SANTA ROSA  - JHON HERRERA";5
46315;"LOS PORTALES DE LA VILLA";1513;"RUTA 1 SANTA ROSA  - JHON HERRERA";5
46334;"LOS SAUCES";1513;"RUTA 1 SANTA ROSA  - JHON HERRERA";5
46352;MANANTIAL;1513;"RUTA 1 SANTA ROSA  - JHON HERRERA";5
46355;MONSERRATE;1513;"RUTA 1 SANTA ROSA  - JHON HERRERA";5
46330;"OSANAR SANTA RODA";1513;"RUTA 1 SANTA ROSA  - JHON HERRERA";5
46329;PARAÍSO;1513;"RUTA 1 SANTA ROSA  - JHON HERRERA";5
46317;"PORTAL DE LA HERMOSA";1513;"RUTA 1 SANTA ROSA  - JHON HERRERA";5
46512;"PORTAL DE LAS ARAUCARIAS";1513;"RUTA 1 SANTA ROSA  - JHON HERRERA";5
46328;PRIMAVERA;1513;"RUTA 1 SANTA ROSA  - JHON HERRERA";5
46335;"SAN LUIS GONZAGA";1513;"RUTA 1 SANTA ROSA  - JHON HERRERA";5
46350;"SAN VICENTE";1513;"RUTA 1 SANTA ROSA  - JHON HERRERA";5
46478;"SANTA ANA";1513;"RUTA 1 SANTA ROSA  - JHON HERRERA";5
35160;"SANTA ROSA";1513;"RUTA 1 SANTA ROSA  - JHON HERRERA";5
46341;"TERESA DE CALCUTA";1513;"RUTA 1 SANTA ROSA  - JHON HERRERA";5
46327;VERACRUZ;1513;"RUTA 1 SANTA ROSA  - JHON HERRERA";5
46339;VETANEA;1513;"RUTA 1 SANTA ROSA  - JHON HERRERA";5
46320;"VILLA DIANA";1513;"RUTA 1 SANTA ROSA  - JHON HERRERA";5
46416;"VILLA NORA";1513;"RUTA 1 SANTA ROSA  - JHON HERRERA";5
46547;"VILLA ORUMA";1513;"RUTA 1 SANTA ROSA  - JHON HERRERA";5
46343;CARMELO;1513;"RUTA 1 SANTA ROSA  - JHON HERRERA";5
46332;CENTRO;1513;"RUTA 1 SANTA ROSA  - JHON HERRERA";5
46319;"LAURELES LA HERMOSA";1513;"RUTA 1 SANTA ROSA  - JHON HERRERA";5
46306;"LA HERMOSA II";1513;"RUTA 1 SANTA ROSA  - JHON HERRERA";5
12163;QUITASOL;1745;"RUTA  21 Y 23 NIQUIA - CARLOS VERGARA";3
12138;"BUENOS AIRES";1745;"RUTA  21 Y 23 NIQUIA - CARLOS VERGARA";3
12286;"AURELIO MEJIA";1745;"RUTA  21 Y 23 NIQUIA - CARLOS VERGARA";3
12586;"EL SALADO";1745;"RUTA  21 Y 23 NIQUIA - CARLOS VERGARA";3
12156;GIRARDOTA;1745;"RUTA  21 Y 23 NIQUIA - CARLOS VERGARA";3
12255;"LA CEIBA";1745;"RUTA  21 Y 23 NIQUIA - CARLOS VERGARA";3
12160;MONTECARLO;1745;"RUTA  21 Y 23 NIQUIA - CARLOS VERGARA";3
12154;"NUEVO HORIZANTE";1745;"RUTA  21 Y 23 NIQUIA - CARLOS VERGARA";3
12299;"PALMAS DEL LLANO";1745;"RUTA  21 Y 23 NIQUIA - CARLOS VERGARA";3
12289;"SAN JOSE";1745;"RUTA  21 Y 23 NIQUIA - CARLOS VERGARA";3
12243;"NIQUIA (CAMINO DE LOS VIENTOS)";1745;"RUTA  21 Y 23 NIQUIA - CARLOS VERGARA";3
12288;"NIQUIA (GUAYACANES DE TERRANOVA)";1745;"RUTA  21 Y 23 NIQUIA - CARLOS VERGARA";3
12249;"NIQUIA (NOGALES DE TERRANOVA)";1745;"RUTA  21 Y 23 NIQUIA - CARLOS VERGARA";3
12246;"NIQUIA (ROSALES DE TERRANOVA)";1745;"RUTA  21 Y 23 NIQUIA - CARLOS VERGARA";3
12294;"NIQUIA (SANTA ISABEL I)";1745;"RUTA  21 Y 23 NIQUIA - CARLOS VERGARA";3
12251;"NIQUIA (SENDEROS DE SAN JACINTO)";1745;"RUTA  21 Y 23 NIQUIA - CARLOS VERGARA";3
12292;"NIQUIA (URB. SAN FRANCISCO)";1745;"RUTA  21 Y 23 NIQUIA - CARLOS VERGARA";3
12182;"NIQUIA (URB.ROSALES DE TERRANOVA)";1745;"RUTA  21 Y 23 NIQUIA - CARLOS VERGARA";3
12169;"NIQUIA CIUDADELA CACIQUE MZ.3";1745;"RUTA  21 Y 23 NIQUIA - CARLOS VERGARA";3
12165;"NIQUIA MIRADOR DE SN BASILIO";1745;"RUTA  21 Y 23 NIQUIA - CARLOS VERGARA";3
12240;"NIQUIA SANTA ISABEL II";1745;"RUTA  21 Y 23 NIQUIA - CARLOS VERGARA";3
12164;"NIQUIA UNIDAD SN.BASILIO";1745;"RUTA  21 Y 23 NIQUIA - CARLOS VERGARA";3
12172;"NIQUIA URB.ALMENDROS DE TERRANOVA";1745;"RUTA  21 Y 23 NIQUIA - CARLOS VERGARA";3
12244;"NIQUIA (LOS ANGELES)";1745;"RUTA  21 Y 23 NIQUIA - CARLOS VERGARA";3
12306;"SAN RAFAEL";1745;"RUTA  21 Y 23 NIQUIA - CARLOS VERGARA";3
12293;"SANTA ANA";1745;"RUTA  21 Y 23 NIQUIA - CARLOS VERGARA";3
12298;"JUAN XXIII";1745;"RUTA  21 Y 23 NIQUIA - CARLOS VERGARA";3
12314;PARQUE;1745;"RUTA  21 Y 23 NIQUIA - CARLOS VERGARA";3
12196;"EL CONGOLO";1745;"RUTA  21 Y 23 NIQUIA - CARLOS VERGARA";3
12123;"CENTRAL BELLO";1745;"RUTA  21 Y 23 NIQUIA - CARLOS VERGARA";3
12155;GUAYACANES;1745;"RUTA  21 Y 23 NIQUIA - CARLOS VERGARA";3
12180;"NIQUIA  URB.EL CARMEL";1745;"RUTA  21 Y 23 NIQUIA - CARLOS VERGARA";3
12679;"NIQUIA CIUDADELA CACIQUE MZ7";1745;"RUTA  21 Y 23 NIQUIA - CARLOS VERGARA";3
12236;"NIQUIA LAURELES DE TERRANOVA";1745;"RUTA  21 Y 23 NIQUIA - CARLOS VERGARA";3
12204;"PALMAR DEL VIENTO";1745;"RUTA  21 Y 23 NIQUIA - CARLOS VERGARA";3
12173;"NIQUIA CIUDADELA CACIQUE MZ.1";1745;"RUTA  21 Y 23 NIQUIA - CARLOS VERGARA";3
12171;"NIQUIA CIUDADELA CACIQUE MZ.2";1745;"RUTA  21 Y 23 NIQUIA - CARLOS VERGARA";3
12170;"NIQUIA CIUDADELA CACIQUE MZ.5";1745;"RUTA  21 Y 23 NIQUIA - CARLOS VERGARA";3
12177;"NIQUIA CIUDADELA CACIQUE MZ.6";1745;"RUTA  21 Y 23 NIQUIA - CARLOS VERGARA";3
12140;"NIQUIA CAMACOL";1745;"RUTA  21 Y 23 NIQUIA - CARLOS VERGARA";3
12201;PRADO;1745;"RUTA  21 Y 23 NIQUIA - CARLOS VERGARA";3
46190;NIQUIA;1745;"RUTA  21 Y 23 NIQUIA - CARLOS VERGARA";3
12132;NIQUIA;1745;"RUTA  21 Y 23 NIQUIA - CARLOS VERGARA";3
12309;CORDOBA;1745;"RUTA  21 Y 23 NIQUIA - CARLOS VERGARA";3
12271;GUASIMALITO;1745;"RUTA  21 Y 23 NIQUIA - CARLOS VERGARA";3
12192;NAVARRA;1745;"RUTA  21 Y 23 NIQUIA - CARLOS VERGARA";3
12301;GUACIMALITO;1745;"RUTA  21 Y 23 NIQUIA - CARLOS VERGARA";3
12128;"BARRIO PEREZ";1745;"RUTA  21 Y 23 NIQUIA - CARLOS VERGARA";3
12193;MANCHESTER;1745;"RUTA  21 Y 23 NIQUIA - CARLOS VERGARA";3
12584;"CALLE COLOMBIA";1745;"RUTA  21 Y 23 NIQUIA - CARLOS VERGARA";3
12585;NARANJAL;1745;"RUTA  21 Y 23 NIQUIA - CARLOS VERGARA";3
12303;"SAN DIEGO";1745;"RUTA  21 Y 23 NIQUIA - CARLOS VERGARA";3
48723;"GIRARDOTA EL LLANO";1745;"RUTA  21 Y 23 NIQUIA - CARLOS VERGARA";3
48724;"GIRARDOTA VEREDA JUAN COJO";1745;"RUTA  21 Y 23 NIQUIA - CARLOS VERGARA";3
48726;"NAVARRA (COPACABANA)";1745;"RUTA  21 Y 23 NIQUIA - CARLOS VERGARA";3
46176;CALIFORNIA;1933;"BOGOTA 2 -LAIDY CHAVEZ";4
12983;"LAS TORRES";1933;"BOGOTA 2 -LAIDY CHAVEZ";4
12799;"NUEVA YORK KENNEDY";1933;"BOGOTA 2 -LAIDY CHAVEZ";4
13316;"NEW YORK ABAJO";1933;"BOGOTA 2 -LAIDY CHAVEZ";4
12798;BOMBAY;1933;"BOGOTA 2 -LAIDY CHAVEZ";4
12846;"CALIFORNIA SUP3";1933;"BOGOTA 2 -LAIDY CHAVEZ";4
12897;"CAMILO TORRES";1933;"BOGOTA 2 -LAIDY CHAVEZ";4
12756;"ABRAHAM LINCOLN KENNEDY";1933;"BOGOTA 2 -LAIDY CHAVEZ";4
12984;"KENNEDY CARVAJAL OSORIO";1933;"BOGOTA 2 -LAIDY CHAVEZ";4
12847;"HOGARES COLOMBIANOS";1933;"BOGOTA 2 -LAIDY CHAVEZ";4
12762;"PERIODISTAS KENNEDY";1933;"BOGOTA 2 -LAIDY CHAVEZ";4
13315;"SAN ANDRES ABAJO";1933;"BOGOTA 2 -LAIDY CHAVEZ";4
12953;"NUEVO KENNEDY";1933;"BOGOTA 2 -LAIDY CHAVEZ";4
12775;"ESTADOS UNIDOS KENNEDY";1933;"BOGOTA 2 -LAIDY CHAVEZ";4
12952;"TEQUENDAMA KENNEDY";1933;"BOGOTA 2 -LAIDY CHAVEZ";4
12796;"KENNEDY ARGELIA";1933;"BOGOTA 2 -LAIDY CHAVEZ";4
12797;"CARIMAGUA KENNEDY";1933;"BOGOTA 2 -LAIDY CHAVEZ";4
12802;"FLORALIA KENNEDY";1933;"BOGOTA 2 -LAIDY CHAVEZ";4
12909;LUCERNA;1933;"BOGOTA 2 -LAIDY CHAVEZ";4
12804;"ALQUERIA LA FRAGUA PUENTE ARANDA";1933;"BOGOTA 2 -LAIDY CHAVEZ";4
12805;CARVAJAL;1933;"BOGOTA 2 -LAIDY CHAVEZ";4
12781;"DELICIAS KENNEDY";1933;"BOGOTA 2 -LAIDY CHAVEZ";4
13236;"LA ALQUERIA PUENTE ARANDA";1933;"BOGOTA 2 -LAIDY CHAVEZ";4
12788;URAPANES;1933;"BOGOTA 2 -LAIDY CHAVEZ";4
48718;"ASTURIAS KENNEDY";1933;"BOGOTA 2 -LAIDY CHAVEZ";4
12767;"KENNEDDY GRAN COLOMBIANO";1933;"BOGOTA 2 -LAIDY CHAVEZ";4
12863;"VILLA NUEVA KENNEDY";1933;"BOGOTA 2 -LAIDY CHAVEZ";4
12801;TALAVERA;1933;"BOGOTA 2 -LAIDY CHAVEZ";4
46205;"CARVAJAL II";1933;"BOGOTA 2 -LAIDY CHAVEZ";4
26094;"ALTOS DE LA PRADERA";1935;"BUCARAMANGA 2";7
25859;"GIRASOL (URBANIZACION)";1935;"BUCARAMANGA 2";7
25945;"VILLA FATIMA";1935;"BUCARAMANGA 2";7
25949;"SAN ESPEDITO";1935;"BUCARAMANGA 2";7
25738;"ASTURIAS II";1935;"BUCARAMANGA 2";7
25963;CASTELLANA;1935;"BUCARAMANGA 2";7
25837;"NUEVA GRANADA";1935;"BUCARAMANGA 2";7
25864;PEDREGOSA;1935;"BUCARAMANGA 2";7
25889;PORTOFINO;1935;"BUCARAMANGA 2";7
25848;"SAN MARTIN";1935;"BUCARAMANGA 2";7
25854;"SAN PEDRO";1935;"BUCARAMANGA 2";7
25802;"ANTONIA SANTOS SUR";1935;"BUCARAMANGA 2";7
25867;BELLAVISTA;1935;"BUCARAMANGA 2";7
25834;"DIAMANTE I";1935;"BUCARAMANGA 2";7
25903;DORADO;1935;"BUCARAMANGA 2";7
25977;"LA CASTELLANA";1935;"BUCARAMANGA 2";7
26103;PAYADOR;1935;"BUCARAMANGA 2";7
25935;"PORTON DEL TEJAR";1935;"BUCARAMANGA 2";7
25955;SANTAFE;1935;"BUCARAMANGA 2";7
25826;"ALTO VIENTO I";1935;"BUCARAMANGA 2";7
25980;ARRALLANES;1935;"BUCARAMANGA 2";7
25966;"EL SOL";1935;"BUCARAMANGA 2";7
48613;"EL TEJAR";1935;"BUCARAMANGA 2";7
25904;"HACIENDA SAN JUAN";1935;"BUCARAMANGA 2";7
25958;"LAGOS DEL CACIQUE";1935;"BUCARAMANGA 2";7
25861;"NUEVA SANTA BARBARA";1935;"BUCARAMANGA 2";7
25933;"SAN BERNARDO";1935;"BUCARAMANGA 2";7
25927;"SANTA BARBARA";1935;"BUCARAMANGA 2";7
25902;TAJAMAR;1935;"BUCARAMANGA 2";7
25758;ALARES;1935;"BUCARAMANGA 2";7
25892;"ALTOS DEL CACIQUE";1935;"BUCARAMANGA 2";7
25950;"BALCON DEL LAGO";1935;"BUCARAMANGA 2";7
25954;"BOSQUE DEL CACIQUE";1935;"BUCARAMANGA 2";7
25916;"BOSQUES DEL PAYADOR NIZA";1935;"BUCARAMANGA 2";7
25983;"CERROS DEL REPOSO";1935;"BUCARAMANGA 2";7
25974;"JORDAN DEL REPOSO";1935;"BUCARAMANGA 2";7
25997;"LA ESMERALDA";1935;"BUCARAMANGA 2";7
25970;"LOS ROBLES";1935;"BUCARAMANGA 2";7
25972;OASIS;1935;"BUCARAMANGA 2";7
25879;"TRINIDAD - ZAPAMANGA";1935;"BUCARAMANGA 2";7
25839;"EL REPOSO";1935;"BUCARAMANGA 2";7
25901;"SANTA HELENA DE LA SIERRA";1935;"BUCARAMANGA 2";7
25910;"ZAPAMANGA VI ETAPA";1935;"BUCARAMANGA 2";7
25971;"ZAPAMANGA VII";1935;"BUCARAMANGA 2";7
25900;ZAPAMANGA;1935;"BUCARAMANGA 2";7
25907;"ZAPAMANGA ETAPA III";1935;"BUCARAMANGA 2";7
25853;"ZAPAMANGA II ETAPA";1935;"BUCARAMANGA 2";7
25895;"ZAPAMANGA IV ETAPA";1935;"BUCARAMANGA 2";7
25825;"ZAPAMANGA V ETAPA";1935;"BUCARAMANGA 2";7
25876;CALDAS;1935;"BUCARAMANGA 2";7
25725;"SANTA ANA";1935;"BUCARAMANGA 2";7
25840;"CONJUNTO TAJAMAR (CACIQUE FLORIDA)";1935;"BUCARAMANGA 2";7
26064;FATIMA;1935;"BUCARAMANGA 2";7
25807;"GRANADA SUR";1935;"BUCARAMANGA 2";7
25858;NIZA;1935;"BUCARAMANGA 2";7
25850;"QUEBRADA LA IGLESIA";1935;"BUCARAMANGA 2";7
25865;"VILLA INES";1935;"BUCARAMANGA 2";7
25866;EDEN;1935;"BUCARAMANGA 2";7
25873;"LA LIBERTAD";1935;"BUCARAMANGA 2";7
26586;"VILLA AVENTURA";1947;"RUTA 4 ITAGUI SANTA MARIA";3
26423;"VIVIENDAS DEL SUR";1947;"RUTA 4 ITAGUI SANTA MARIA";3
26467;"SAN FERNANDO";1947;"RUTA 4 ITAGUI SANTA MARIA";3
26374;ASTURIAS;1947;"RUTA 4 ITAGUI SANTA MARIA";3
26383;"LA GLORIA";1947;"RUTA 4 ITAGUI SANTA MARIA";3
26414;"SIMON BOLIVAR";1947;"RUTA 4 ITAGUI SANTA MARIA";3
12053;"ITAGUI- NO USAR";1947;"RUTA 4 ITAGUI SANTA MARIA";3
26600;"CASA LINDA - NO USAR";1947;"RUTA 4 ITAGUI SANTA MARIA";3
26382;"LOS ANDES";1947;"RUTA 4 ITAGUI SANTA MARIA";3
26561;MIRADOR;1947;"RUTA 4 ITAGUI SANTA MARIA";3
26438;SATEXCO;1947;"RUTA 4 ITAGUI SANTA MARIA";3
26367;TOSCANA;1947;"RUTA 4 ITAGUI SANTA MARIA";3
26501;"TRE ESQUINAS";1947;"RUTA 4 ITAGUI SANTA MARIA";3
26347;PEDREGAL;1947;"RUTA 4 ITAGUI SANTA MARIA";3
26342;MANGUALA;1947;"RUTA 4 ITAGUI SANTA MARIA";3
26393;ALDEA;1947;"RUTA 4 ITAGUI SANTA MARIA";3
26592;"BALCONES DE SEVILLA";1947;"RUTA 4 ITAGUI SANTA MARIA";3
26409;"LA HORTENCIA";1947;"RUTA 4 ITAGUI SANTA MARIA";3
26394;CALATRAVA;1947;"RUTA 4 ITAGUI SANTA MARIA";3
26385;ARAUCARIA;1947;"RUTA 4 ITAGUI SANTA MARIA";3
26404;"EL TABLAZO";1947;"RUTA 4 ITAGUI SANTA MARIA";3
26585;GUAYABO;1947;"RUTA 4 ITAGUI SANTA MARIA";3
26419;"LA ESMERALDA";1947;"RUTA 4 ITAGUI SANTA MARIA";3
26443;ARTEX;1947;"RUTA 4 ITAGUI SANTA MARIA";3
26481;"LA RAYA";1947;"RUTA 4 ITAGUI SANTA MARIA";3
46186;PORVENIR;1947;"RUTA 4 ITAGUI SANTA MARIA";3
26606;CARMELO;1947;"RUTA 4 ITAGUI SANTA MARIA";3
26363;"SANTA MARIA";1947;"RUTA 4 ITAGUI SANTA MARIA";3
26337;ITAGUI;1947;"RUTA 4 ITAGUI SANTA MARIA";3
46178;CALATRABA;1947;"RUTA 4 ITAGUI SANTA MARIA";3
26418;"PORTAL DE LAS FLORES";1947;"RUTA 4 ITAGUI SANTA MARIA";3
12097;"ALEJANDRO ECHAVARRIA";2130;"RUTA 13 BUENOS AIRES";3
12261;"BUENOS AIRES (MIRAFLORES)";2130;"RUTA 13 BUENOS AIRES";3
12285;"BUENOS AIRES (VILLA FLORES)";2130;"RUTA 13 BUENOS AIRES";3
12312;"BUENOS AIRES (BARRIOS DE JESUS)";2130;"RUTA 13 BUENOS AIRES";3
12588;"BUENOS AIRES (LOS SAUCES)";2130;"RUTA 13 BUENOS AIRES";3
12076;"BUENOS AIRES";2130;"RUTA 13 BUENOS AIRES";3
12591;"LA MILAGROSA (AVILA)";2130;"RUTA 13 BUENOS AIRES";3
12590;"LA MILAGROSA (CATALUÑA)";2130;"RUTA 13 BUENOS AIRES";3
12086;"LA MILAGROSA";2130;"RUTA 13 BUENOS AIRES";3
12091;"EL SALVADOR";2130;"RUTA 13 BUENOS AIRES";3
46540;SALVADOR;2130;"RUTA 13 BUENOS AIRES";3
12090;LORETO;2130;"RUTA 13 BUENOS AIRES";3
12313;"BUENOS AIRES (EL VERGEL)";2130;"RUTA 13 BUENOS AIRES";3
12263;"BUENOS AIRES (LOS CERROS)";2130;"RUTA 13 BUENOS AIRES";3
12262;"BUENOS AIRES (QUINTALINDA)";2130;"RUTA 13 BUENOS AIRES";3
12785;CHAPINERO;2205;"FUERA DE COBERTURA NORTE-ANGIE PINEDA";4
46102;BARRANCA;2205;"FUERA DE COBERTURA NORTE-ANGIE PINEDA";4
12749;CAPRI;2205;"FUERA DE COBERTURA NORTE-ANGIE PINEDA";4
13561;"CEDRITOS GOLD";2205;"FUERA DE COBERTURA NORTE-ANGIE PINEDA";4
46137;"CHICO NORTE";2205;"FUERA DE COBERTURA NORTE-ANGIE PINEDA";4
13576;CONTADOR;2205;"FUERA DE COBERTURA NORTE-ANGIE PINEDA";4
46093;"EL CAMPIN";2205;"FUERA DE COBERTURA NORTE-ANGIE PINEDA";4
13535;"FLORESTA NORTE";2205;"FUERA DE COBERTURA NORTE-ANGIE PINEDA";4
13545;"GAITAN CORTES NORTE";2205;"FUERA DE COBERTURA NORTE-ANGIE PINEDA";4
46130;"GRAN AMERICA";2205;"FUERA DE COBERTURA NORTE-ANGIE PINEDA";4
13582;"JULIO FLORES";2205;"FUERA DE COBERTURA NORTE-ANGIE PINEDA";4
13548;"LA CASTELLANA";2205;"FUERA DE COBERTURA NORTE-ANGIE PINEDA";4
13573;"LAS ORQUIDEAS";2205;"FUERA DE COBERTURA NORTE-ANGIE PINEDA";4
46144;"PABLO VI NORTE";2205;"FUERA DE COBERTURA NORTE-ANGIE PINEDA";4
13511;"PRADERA NORTE";2205;"FUERA DE COBERTURA NORTE-ANGIE PINEDA";4
13510;"PRIMAVERA NORTE";2205;"FUERA DE COBERTURA NORTE-ANGIE PINEDA";4
13571;"SAN ANTONIO NORTE";2205;"FUERA DE COBERTURA NORTE-ANGIE PINEDA";4
13426;"SAN JOSE NORTE";2205;"FUERA DE COBERTURA NORTE-ANGIE PINEDA";4
46151;"SANTA BARBARA";2205;"FUERA DE COBERTURA NORTE-ANGIE PINEDA";4
46126;TOBERIN;2205;"FUERA DE COBERTURA NORTE-ANGIE PINEDA";4
46231;USAQUEN;2205;"FUERA DE COBERTURA NORTE-ANGIE PINEDA";4
13552;VERBENAL;2205;"FUERA DE COBERTURA NORTE-ANGIE PINEDA";4
13438;"MINUTO DE DIOS ENGATIVA";2205;"FUERA DE COBERTURA NORTE-ANGIE PINEDA";4
13469;"PARIS GAITAN ENGATIVA";2205;"FUERA DE COBERTURA NORTE-ANGIE PINEDA";4
12772;"AURES SUBA";2205;"FUERA DE COBERTURA NORTE-ANGIE PINEDA";4
12865;"BRITALIA NORTE SUBA";2205;"FUERA DE COBERTURA NORTE-ANGIE PINEDA";4
13581;"COLINA CAMPESTRE SUBA";2205;"FUERA DE COBERTURA NORTE-ANGIE PINEDA";4
12768;"EL RINCON SUBA";2205;"FUERA DE COBERTURA NORTE-ANGIE PINEDA";4
46156;"GILMAR SUBA";2205;"FUERA DE COBERTURA NORTE-ANGIE PINEDA";4
13588;"MAZUREN SUBA";2205;"FUERA DE COBERTURA NORTE-ANGIE PINEDA";4
13586;"MIRANDELA SUBA";2205;"FUERA DE COBERTURA NORTE-ANGIE PINEDA";4
13570;"NIZA SUBA";2205;"FUERA DE COBERTURA NORTE-ANGIE PINEDA";4
46131;"NUEVA ZELANDA SUBA";2205;"FUERA DE COBERTURA NORTE-ANGIE PINEDA";4
46157;"PINAR SUBA";2205;"FUERA DE COBERTURA NORTE-ANGIE PINEDA";4
13595;"PONTEVEDRA SUBA";2205;"FUERA DE COBERTURA NORTE-ANGIE PINEDA";4
46159;"PRADO VERANIEGO SUBA";2205;"FUERA DE COBERTURA NORTE-ANGIE PINEDA";4
46136;"SALITRE SUBA";2205;"FUERA DE COBERTURA NORTE-ANGIE PINEDA";4
13562;"SAN JOSE BAVARIA SUBA";2205;"FUERA DE COBERTURA NORTE-ANGIE PINEDA";4
46108;"SPRING NORTE SUBA";2205;"FUERA DE COBERTURA NORTE-ANGIE PINEDA";4
48679;"AMBERES SUBA";2205;"FUERA DE COBERTURA NORTE-ANGIE PINEDA";4
48684;"VILLA ELISA SUBA";2205;"FUERA DE COBERTURA NORTE-ANGIE PINEDA";4
48693;"SUBA EL POA";2205;"FUERA DE COBERTURA NORTE-ANGIE PINEDA";4
13549;"SANTA FE CENTRO";2205;"FUERA DE COBERTURA NORTE-ANGIE PINEDA";4
48714;"TURINGIA SUBA";2205;"FUERA DE COBERTURA NORTE-ANGIE PINEDA";4
13514;"BACHUE ENGATIVA";2205;"FUERA DE COBERTURA NORTE-ANGIE PINEDA";4
13590;"BOCHICA ENGATIVA";2205;"FUERA DE COBERTURA NORTE-ANGIE PINEDA";4
13476;"BOLIVIA ENGATIVA";2205;"FUERA DE COBERTURA NORTE-ANGIE PINEDA";4
13488;"CIUD COLSUBSIDIO ENGATIVA";2205;"FUERA DE COBERTURA NORTE-ANGIE PINEDA";4
12741;"EL CORTIJO ENGATIVA";2205;"FUERA DE COBERTURA NORTE-ANGIE PINEDA";4
13454;"QUIRIGUA ENGATIVA";2205;"FUERA DE COBERTURA NORTE-ANGIE PINEDA";4
48766;"LAS MERCEDES SUBA";2205;"FUERA DE COBERTURA NORTE-ANGIE PINEDA";4
26381;"PLAYA RICA";2449;"RUTA 6 ITAGUI EL PARQUE";3
26354;ROSALEDA;2449;"RUTA 6 ITAGUI EL PARQUE";3
26389;"LA UNION";2449;"RUTA 6 ITAGUI EL PARQUE";3
26402;"VILLA PAULA";2449;"RUTA 6 ITAGUI EL PARQUE";3
26325;ARAGON;2449;"RUTA 6 ITAGUI EL PARQUE";3
26451;DULAZAR;2449;"RUTA 6 ITAGUI EL PARQUE";3
26454;RECREO;2449;"RUTA 6 ITAGUI EL PARQUE";3
26361;"SAN PIO";2449;"RUTA 6 ITAGUI EL PARQUE";3
26378;DITAIRES;2449;"RUTA 6 ITAGUI EL PARQUE";3
26348;PILSEN;2449;"RUTA 6 ITAGUI EL PARQUE";3
26407;"VILLA LIA";2449;"RUTA 6 ITAGUI EL PARQUE";3
26431;ACASIAS;2449;"RUTA 6 ITAGUI EL PARQUE";3
26472;FATIMA;2449;"RUTA 6 ITAGUI EL PARQUE";3
26358;"SAN GABRIEL";2449;"RUTA 6 ITAGUI EL PARQUE";3
26810;"SAN GABRIEL.";2449;"RUTA 6 ITAGUI EL PARQUE";3
26433;"SANTA CATALINA";2449;"RUTA 6 ITAGUI EL PARQUE";3
26424;"RODEO - NO USAR";2449;"RUTA 6 ITAGUI EL PARQUE";3
26429;FERRARA;2449;"RUTA 6 ITAGUI EL PARQUE";3
26355;ROSARIO;2449;"RUTA 6 ITAGUI EL PARQUE";3
26437;"SAN ISIDRO";2449;"RUTA 6 ITAGUI EL PARQUE";3
26397;TERRANOVA;2449;"RUTA 6 ITAGUI EL PARQUE";3
26398;"SAN FRANCISCO";2449;"RUTA 6 ITAGUI EL PARQUE";3
26341;MALTA;2449;"RUTA 6 ITAGUI EL PARQUE";3
26427;"LA CAPILLA";2449;"RUTA 6 ITAGUI EL PARQUE";3
26440;OLIVAREZ;2449;"RUTA 6 ITAGUI EL PARQUE";3
12592;CAREPA;2449;"RUTA 6 ITAGUI EL PARQUE";3
26396;"COLINAS DE ASIS-NO USAR";2449;"RUTA 6 ITAGUI EL PARQUE";3
26457;"URB SANCIBAR";2449;"RUTA 6 ITAGUI EL PARQUE";3
26359;"SAN JOSE";2449;"RUTA 6 ITAGUI EL PARQUE";3
26413;"SAN JAVIER";2449;"RUTA 6 ITAGUI EL PARQUE";3
25812;ALARCON;2609;"BUCARAMANGA 6";7
25735;"ANTONIA SANTOS";2609;"BUCARAMANGA 6";7
25810;"MEJORAS PUBLICAS";2609;"BUCARAMANGA 6";7
25893;"SAN RAFAEL";2609;"BUCARAMANGA 6";7
25914;GALAN;2609;"BUCARAMANGA 6";7
25728;CABECERA;2609;"BUCARAMANGA 6";7
25804;TERRAZAS;2609;"BUCARAMANGA 6";7
25828;"PAN DE AZUCAR";2609;"BUCARAMANGA 6";7
25953;"GARCIA ROVIRA";2609;"BUCARAMANGA 6";7
25795;ALBANIA;2609;"BUCARAMANGA 6";7
25732;ALVAREZ;2609;"BUCARAMANGA 6";7
25817;"EL PRADO";2609;"BUCARAMANGA 6";7
25815;"LOS PINOS";2609;"BUCARAMANGA 6";7
25913;"VEGAS DE MORRORICO";2609;"BUCARAMANGA 6";7
25733;"SAN FRANCISCO";2609;"BUCARAMANGA 6";7
25869;GUARIN;2609;"BUCARAMANGA 6";7
26107;CONUCOS;2609;"BUCARAMANGA 6";7
25801;SOTOMAYOR;2609;"BUCARAMANGA 6";7
25836;MERCEDES;2609;"BUCARAMANGA 6";7
25754;GAITAN;2609;"BUCARAMANGA 6";7
25717;"ALFONSO LOPEZ";2609;"BUCARAMANGA 6";7
25709;GIRARDOT;2609;"BUCARAMANGA 6";7
25797;CENTRO;2609;"BUCARAMANGA 6";7
26048;"JARDIN BAJO";2609;"BUCARAMANGA 6";7
25803;"LA FLORESTA";2609;"BUCARAMANGA 6";7
25821;"LOS ALPES";2609;"BUCARAMANGA 6";7
25814;MODELO;2609;"BUCARAMANGA 6";7
25813;MUTUALIDAD;2609;"BUCARAMANGA 6";7
25816;TEJADOS;2609;"BUCARAMANGA 6";7
25715;"PIO XII";2609;"BUCARAMANGA 6";7
25711;SANTANDER;2609;"BUCARAMANGA 6";7
25706;"LA FERIA";2609;"BUCARAMANGA 6";7
25708;NAPOLES;2609;"BUCARAMANGA 6";7
25721;COMUNEROS;2609;"BUCARAMANGA 6";7
25811;"LA AURORA";2609;"BUCARAMANGA 6";7
25796;"LA UNIVERSIDAD";2609;"BUCARAMANGA 6";7
25809;"NUEVO SOTOMAYOR";2609;"BUCARAMANGA 6";7
25794;"SAN ALONSO";2609;"BUCARAMANGA 6";7
25724;"23 DE JUNIO";2609;"BUCARAMANGA 6";7
48660;"TAT Z1";2636;"TAT Z1";2
48661;"TAT Z2";2637;"TAT Z2";2
48662;"TAT Z3";2638;"TAT Z3";2
48663;"TAT Z4";2639;"TAT Z4";2
25951;"CONJUNTO LOS TRINITARIOS";2640;"RUTA FLORIDA CENTRO 3";7
25884;"VILLA JARDIN";2640;"RUTA FLORIDA CENTRO 3";7
25897;"LAGOS II";2640;"RUTA FLORIDA CENTRO 3";7
25930;PALOMITAS;2640;"RUTA FLORIDA CENTRO 3";7
26023;VERSALLES;2640;"RUTA FLORIDA CENTRO 3";7
25842;CAÑAVERAL;2640;"RUTA FLORIDA CENTRO 3";7
26040;"SAN AGUSTIN";2640;"RUTA FLORIDA CENTRO 3";7
25957;"CENTRO FLORIDABLANCA";2640;"RUTA FLORIDA CENTRO 3";7
26021;FLORIDA;2640;"RUTA FLORIDA CENTRO 3";7
26003;"LA PAZ";2640;"RUTA FLORIDA CENTRO 3";7
26220;"LOS PRINCIPES";2640;"RUTA FLORIDA CENTRO 3";7
26036;"SAN DIEGO";2640;"RUTA FLORIDA CENTRO 3";7
26029;"VILLA DE SAN DIEGO";2640;"RUTA FLORIDA CENTRO 3";7
25934;BOSQUE;2640;"RUTA FLORIDA CENTRO 3";7
25948;"CAÑAVERAL PLAZA";2640;"RUTA FLORIDA CENTRO 3";7
26038;TERRAGONA;2640;"RUTA FLORIDA CENTRO 3";7
26042;"VILLA MAYORCA";2640;"RUTA FLORIDA CENTRO 3";7
26218;"VILLA PIEDRA DEL SOL";2640;"RUTA FLORIDA CENTRO 3";7
25787;"CERROS DE CAÑAVERAL";2640;"RUTA FLORIDA CENTRO 3";7
26101;"CONJUNTO VALMONTE";2640;"RUTA FLORIDA CENTRO 3";7
26108;"HACIENDA LOS TRINITARIOS";2640;"RUTA FLORIDA CENTRO 3";7
25961;"JARDIN DE VERSALLES";2640;"RUTA FLORIDA CENTRO 3";7
25987;"PALMAR DEL VIENTO";2640;"RUTA FLORIDA CENTRO 3";7
25956;"PALMAS DEL CAMPO";2640;"RUTA FLORIDA CENTRO 3";7
26019;"VILLA DEL SOL";2640;"RUTA FLORIDA CENTRO 3";7
26037;"VILLA ESPAÑA";2640;"RUTA FLORIDA CENTRO 3";7
25931;ALTAMIRA;2640;"RUTA FLORIDA CENTRO 3";7
26013;ASOVILAGOS;2640;"RUTA FLORIDA CENTRO 3";7
26035;BAVIERA;2640;"RUTA FLORIDA CENTRO 3";7
26014;"COVIFLORIDA II";2640;"RUTA FLORIDA CENTRO 3";7
25942;"JARDIN DE LIMONCITO";2640;"RUTA FLORIDA CENTRO 3";7
26026;"LA RONDAII";2640;"RUTA FLORIDA CENTRO 3";7
25944;"LAGOS I";2640;"RUTA FLORIDA CENTRO 3";7
26020;LIMONCITO;2640;"RUTA FLORIDA CENTRO 3";7
26011;"LOS ANDES";2640;"RUTA FLORIDA CENTRO 3";7
26034;"PRIMAVERA II";2640;"RUTA FLORIDA CENTRO 3";7
26022;RECREO;2640;"RUTA FLORIDA CENTRO 3";7
26018;"VILLA SAN FRANCISCO";2640;"RUTA FLORIDA CENTRO 3";7
26025;MANANTIAL;2640;"RUTA FLORIDA CENTRO 3";7
26105;"PRIMAVERA I";2640;"RUTA FLORIDA CENTRO 3";7
26039;"VILLA CLAVER";2640;"RUTA FLORIDA CENTRO 3";7
25831;"LAGOS III";2640;"RUTA FLORIDA CENTRO 3";7
26010;"LAGOS IV";2640;"RUTA FLORIDA CENTRO 3";7
12242;CAICEDO;2680;"RUTA 11.1 CENTRO";3
12181;"SAN DIEGO";2680;"RUTA 11.1 CENTRO";3
12181;"SAN DIEGO";2680;"RUTA 11.1 CENTRO";3
12096;ENCISO;2680;"RUTA 11.1 CENTRO";3
12168;"ENCISO(COLINAS DE ENCISO)";2680;"RUTA 11.1 CENTRO";3
48769;"COBRO DIGITAL";2680;"RUTA 11.1 CENTRO";3
46203;"TINTALA KENNEDY";2691;"BOGOTA 5 - ELICENIA CASTRO";4
13403;"LAGOS DE CASTILLA";2691;"BOGOTA 5 - ELICENIA CASTRO";4
12703;"SANTA CATALINA";2691;"BOGOTA 5 - ELICENIA CASTRO";4
12715;"VALLADOLID KENNEDY";2691;"BOGOTA 5 - ELICENIA CASTRO";4
12714;"PIO XII KENNEDY";2691;"BOGOTA 5 - ELICENIA CASTRO";4
12706;"VILLA ALSACIA";2691;"BOGOTA 5 - ELICENIA CASTRO";4
12852;"CIUDAD ALSACIA ENGATIVA";2691;"BOGOTA 5 - ELICENIA CASTRO";4
12837;AYACUCHO;2691;"BOGOTA 5 - ELICENIA CASTRO";4
13230;"GLORIETA AMERICAS";2691;"BOGOTA 5 - ELICENIA CASTRO";4
12721;"MANDALAY KENNEDY";2691;"BOGOTA 5 - ELICENIA CASTRO";4
13237;"SUPER 12";2691;"BOGOTA 5 - ELICENIA CASTRO";4
12840;"SUPER 7";2691;"BOGOTA 5 - ELICENIA CASTRO";4
13231;TECHO;2691;"BOGOTA 5 - ELICENIA CASTRO";4
12880;ANDALUCIA;2691;"BOGOTA 5 - ELICENIA CASTRO";4
12707;CASTILLA;2691;"BOGOTA 5 - ELICENIA CASTRO";4
12937;"TINTAL KENNEDY";2691;"BOGOTA 5 - ELICENIA CASTRO";4
12898;"VISION COLOMBIA";2691;"BOGOTA 5 - ELICENIA CASTRO";4
12845;"FRANCISCO JOSE CALDAS";2691;"BOGOTA 5 - ELICENIA CASTRO";4
13335;"EL AGUA";2691;"BOGOTA 5 - ELICENIA CASTRO";4
13433;"LA MAGDALENA";2691;"BOGOTA 5 - ELICENIA CASTRO";4
46202;"SANTA FE DEL TINTAL";2691;"BOGOTA 5 - ELICENIA CASTRO";4
48672;FAVIDI;2691;"BOGOTA 5 - ELICENIA CASTRO";4
12725;MARSELLA;2691;"BOGOTA 5 - ELICENIA CASTRO";4
46211;"LAS AMERICAS ENGATIVA";2691;"BOGOTA 5 - ELICENIA CASTRO";4
12726;"AMERICAS OCCIDENTAL KENNEDY";2691;"BOGOTA 5 - ELICENIA CASTRO";4
12704;"KENNEDY CENTRAL";2691;"BOGOTA 5 - ELICENIA CASTRO";4
12930;"SUPER 2";2691;"BOGOTA 5 - ELICENIA CASTRO";4
13341;"BATAVIA FONT";2694;"BOGOTA 11- FONTIBÓN";4
13354;"BELEN FONTIBON";2694;"BOGOTA 11- FONTIBÓN";4
13350;"BOHIOS FONT";2694;"BOGOTA 11- FONTIBÓN";4
13361;"BOSTON FONTIBON";2694;"BOGOTA 11- FONTIBÓN";4
13329;"FONTIBON  CENTRO *";2694;"BOGOTA 11- FONTIBÓN";4
13367;"GIRALDA FONTIBON";2694;"BOGOTA 11- FONTIBÓN";4
13360;"LA ALDEA FONT";2694;"BOGOTA 11- FONTIBÓN";4
13342;"LA LAGUNA FONTIBON";2694;"BOGOTA 11- FONTIBÓN";4
13352;"PALESTINA FONT";2694;"BOGOTA 11- FONTIBÓN";4
13349;"THALIA FONT";2694;"BOGOTA 11- FONTIBÓN";4
12723;FONTIBON;2694;"BOGOTA 11- FONTIBÓN";4
13437;"CIUDAD SALITRE";2694;"BOGOTA 11- FONTIBÓN";4
13347;"BAHIA SOLANO FONT";2694;"BOGOTA 11- FONTIBÓN";4
13344;"CENTENARIO FONT";2694;"BOGOTA 11- FONTIBÓN";4
13338;"EL CARMEN FONTIBON";2694;"BOGOTA 11- FONTIBÓN";4
12752;"HAYUELOS FONT";2694;"BOGOTA 11- FONTIBÓN";4
13331;"LA FELICIDAD FONT";2694;"BOGOTA 11- FONTIBÓN";4
12941;"MODELIA FONTIBON";2694;"BOGOTA 11- FONTIBÓN";4
13384;"RECODO FONT";2694;"BOGOTA 11- FONTIBÓN";4
13337;"SAN PABLO FONTIBON";2694;"BOGOTA 11- FONTIBÓN";4
13328;"SAN PEDRO FONTIBON";2694;"BOGOTA 11- FONTIBÓN";4
13394;"TAPETE FONT";2694;"BOGOTA 11- FONTIBÓN";4
13332;"VILLA CARMENZA FONT";2694;"BOGOTA 11- FONTIBÓN";4
13370;"ATAHUALPA FONTIBON";2694;"BOGOTA 11- FONTIBÓN";4
13359;"EL REFUGIO FONTIBON";2694;"BOGOTA 11- FONTIBÓN";4
13601;"LAS BRISAS FONT";2694;"BOGOTA 11- FONTIBÓN";4
13389;"LAS FLORES FONT";2694;"BOGOTA 11- FONTIBÓN";4
13371;"VERSALLES FONTIBON";2694;"BOGOTA 11- FONTIBÓN";4
13343;"ZONA FRANCA FONT";2694;"BOGOTA 11- FONTIBÓN";4
13502;"LA ESTANCIA FONT";2694;"BOGOTA 11- FONTIBÓN";4
13577;"PUENTE GRANDE FONT";2694;"BOGOTA 11- FONTIBÓN";4
12776;"CAPELLANIA FONT";2694;"BOGOTA 11- FONTIBÓN";4
13383;"COFRADIA FONT";2694;"BOGOTA 11- FONTIBÓN";4
13376;"RINCON SANTOS FONT";2694;"BOGOTA 11- FONTIBÓN";4
13351;"SAN JOSE FONT";2694;"BOGOTA 11- FONTIBÓN";4
13398;"SAN PEDRO ROBLES FONT";2694;"BOGOTA 11- FONTIBÓN";4
13386;"VERACRUZ FONT";2694;"BOGOTA 11- FONTIBÓN";4
13358;"VILLA LILIANA FONT";2694;"BOGOTA 11- FONTIBÓN";4
12777;"VILLAMAR FONT";2694;"BOGOTA 11- FONTIBÓN";4
13356;"LA CABAÑA FONT";2694;"BOGOTA 11- FONTIBÓN";4
13366;"SANATANDER FONT";2694;"BOGOTA 11- FONTIBÓN";4
13387;"LA ROSITA FONT";2694;"BOGOTA 11- FONTIBÓN";4
13379;"ABRAHAN LINCON FONT";2694;"BOGOTA 11- FONTIBÓN";4
13374;"BETANIA FONT";2694;"BOGOTA 11- FONTIBÓN";4
13372;"BRISAS FONT";2694;"BOGOTA 11- FONTIBÓN";4
13567;"CASANDRA FONT";2694;"BOGOTA 11- FONTIBÓN";4
13334;"EL GUADUAL FONTIBON";2694;"BOGOTA 11- FONTIBÓN";4
13353;"EL JORDAN FONTIBON";2694;"BOGOTA 11- FONTIBÓN";4
13400;"EL TRIUNFO FONT";2694;"BOGOTA 11- FONTIBÓN";4
13340;"ESTANCIA FONT";2694;"BOGOTA 11- FONTIBÓN";4
13345;"FERICO FONT";2694;"BOGOTA 11- FONTIBÓN";4
13339;"FLANDES FONT";2694;"BOGOTA 11- FONTIBÓN";4
13396;"FONT HB";2694;"BOGOTA 11- FONTIBÓN";4
13399;"INTERNACIONAL FONT";2694;"BOGOTA 11- FONTIBÓN";4
13357;"LA CELFITA FONT";2694;"BOGOTA 11- FONTIBÓN";4
13355;"LA ISLA FONT";2694;"BOGOTA 11- FONTIBÓN";4
13364;"LA LORENA FONT";2694;"BOGOTA 11- FONTIBÓN";4
13348;"LA SOLEDAD FONT";2694;"BOGOTA 11- FONTIBÓN";4
13401;"LANDERO FONT";2694;"BOGOTA 11- FONTIBÓN";4
13382;"LAREDO FONTIBON";2694;"BOGOTA 11- FONTIBÓN";4
13388;"NOGAL FONT";2694;"BOGOTA 11- FONTIBÓN";4
13375;"PARAISO FONT";2694;"BOGOTA 11- FONTIBÓN";4
13368;"PEDREGAL FONT";2694;"BOGOTA 11- FONTIBÓN";4
13333;"SABANA GRANDE FONT";2694;"BOGOTA 11- FONTIBÓN";4
13381;"SAN SEBASTIAN FONT";2694;"BOGOTA 11- FONTIBÓN";4
13380;"SAN VICENTE FONT";2694;"BOGOTA 11- FONTIBÓN";4
13373;"SANTIAGO FONT";2694;"BOGOTA 11- FONTIBÓN";4
13363;"SELVA DORADA FONTIBON";2694;"BOGOTA 11- FONTIBÓN";4
13397;"TRIANGULO FONT";2694;"BOGOTA 11- FONTIBÓN";4
13369;"ZATURNO FONT";2694;"BOGOTA 11- FONTIBÓN";4
13378;"ARABIA FONT";2694;"BOGOTA 11- FONTIBÓN";4
13391;"CAPULO FONT";2694;"BOGOTA 11- FONTIBÓN";4
13385;"FERROCAJA FONT";2694;"BOGOTA 11- FONTIBÓN";4
13365;"SALAMANCA FONT";2694;"BOGOTA 11- FONTIBÓN";4
13346;"ZAPETE FONT";2694;"BOGOTA 11- FONTIBÓN";4
13362;"LA PERLA FONT";2694;"BOGOTA 11- FONTIBÓN";4
13604;MONTEVIDEO;2694;"BOGOTA 11- FONTIBÓN";4
13544;"PUEBLO NUEVO";2694;"BOGOTA 11- FONTIBÓN";4
48731;"FLORENCIA FONTIBON";2694;"BOGOTA 11- FONTIBÓN";4
48735;"CENTRO FONTIBON";2694;"BOGOTA 11- FONTIBÓN";4
48736;"VILLEMAR FONTIBON";2694;"BOGOTA 11- FONTIBÓN";4
46206;"CIUDAD KENNEDY";2695;"BOGOTA 10 - DAYANA PATIÑO";4
12979;CALARCA;2695;"BOGOTA 10 - DAYANA PATIÑO";4
12832;BRITALIA;2695;"BOGOTA 10 - DAYANA PATIÑO";4
12742;"ATALAYAS BOSA";2695;"BOGOTA 10 - DAYANA PATIÑO";4
12923;"LAS MARGARITAS";2695;"BOGOTA 10 - DAYANA PATIÑO";4
12967;"BRASIL BOSA";2695;"BOGOTA 10 - DAYANA PATIÑO";4
12943;"BRASILIA BOSA";2695;"BOGOTA 10 - DAYANA PATIÑO";4
13271;"VILLAS CHICALA";2695;"BOGOTA 10 - DAYANA PATIÑO";4
13282;"CHICO SUR";2695;"BOGOTA 10 - DAYANA PATIÑO";4
13529;"LA CABAÑA BOSA";2695;"BOGOTA 10 - DAYANA PATIÑO";4
13299;"VILLA ALEGRE";2695;"BOGOTA 10 - DAYANA PATIÑO";4
13532;"SAN BERNARDINO";2695;"BOGOTA 10 - DAYANA PATIÑO";4
13278;DIAMANTE;2695;"BOGOTA 10 - DAYANA PATIÑO";4
13300;"EL REGALO BOSA";2695;"BOGOTA 10 - DAYANA PATIÑO";4
13302;"BOSA NOVA";2695;"BOGOTA 10 - DAYANA PATIÑO";4
13287;"CAI LA LIBERTAD BOSA";2695;"BOGOTA 10 - DAYANA PATIÑO";4
13297;CALDAS;2695;"BOGOTA 10 - DAYANA PATIÑO";4
13280;"EL BOSQUE";2695;"BOGOTA 10 - DAYANA PATIÑO";4
12968;"SAN MARTIN BOSA";2695;"BOGOTA 10 - DAYANA PATIÑO";4
13267;"LA LIBERTAD BOSA";2695;"BOGOTA 10 - DAYANA PATIÑO";4
12812;"SANTA FE BOSA";2695;"BOGOTA 10 - DAYANA PATIÑO";4
46145;"PARQUES DE BTA";2695;"BOGOTA 10 - DAYANA PATIÑO";4
13286;"LA ESMERALDA BOSA";2695;"BOGOTA 10 - DAYANA PATIÑO";4
48671;"BUENA VISTA";2695;"BOGOTA 10 - DAYANA PATIÑO";4
13276;DANUBIO;2695;"BOGOTA 10 - DAYANA PATIÑO";4
13530;"EL ANHELO";2695;"BOGOTA 10 - DAYANA PATIÑO";4
13269;"NEW JERSEY BOSA";2695;"BOGOTA 10 - DAYANA PATIÑO";4
48668;POTOSI;2695;"BOGOTA 10 - DAYANA PATIÑO";4
13293;"VILLA NATALIA";2695;"BOGOTA 10 - DAYANA PATIÑO";4
13528;"SAN ANTONIO BOSA";2695;"BOGOTA 10 - DAYANA PATIÑO";4
13519;"CLARELANDIA BOSA";2695;"BOGOTA 10 - DAYANA PATIÑO";4
48675;CHUNIZA;2695;"BOGOTA 10 - DAYANA PATIÑO";4
13291;RECUERDO;2695;"BOGOTA 10 - DAYANA PATIÑO";4
13268;"EL RECREO";2695;"BOGOTA 10 - DAYANA PATIÑO";4
13279;"LA PORTADA";2695;"BOGOTA 10 - DAYANA PATIÑO";4
13289;"LA ESTANZUELA BOSA";2695;"BOGOTA 10 - DAYANA PATIÑO";4
13301;"BOSA LINDA";2695;"BOGOTA 10 - DAYANA PATIÑO";4
13531;"SAN PEDRO BOSA";2695;"BOGOTA 10 - DAYANA PATIÑO";4
12787;"LA PAZ BOSA";2695;"BOGOTA 10 - DAYANA PATIÑO";4
12874;"VILLA CLEMENCIA";2695;"BOGOTA 10 - DAYANA PATIÑO";4
13486;"VILLA DEL PROGRESO";2695;"BOGOTA 10 - DAYANA PATIÑO";4
12868;"VILLA DE KENNEDY";2695;"BOGOTA 10 - DAYANA PATIÑO";4
12867;"VILLA LA TORRE";2695;"BOGOTA 10 - DAYANA PATIÑO";4
48691;"SANTA INES BOSA";2695;"BOGOTA 10 - DAYANA PATIÑO";4
12871;"AMARU BOSA";2695;"BOGOTA 10 - DAYANA PATIÑO";4
13277;ESCOCIA;2695;"BOGOTA 10 - DAYANA PATIÑO";4
13273;"NUEVA ESCOCIA";2695;"BOGOTA 10 - DAYANA PATIÑO";4
26290;"EL GOLF";2701;"BARRANQUILLA 1 - ANTHONY GONZALEZ";8
26255;"MERCEDES SUR";2701;"BARRANQUILLA 1 - ANTHONY GONZALEZ";8
26280;"VILLA COUNTRY";2701;"BARRANQUILLA 1 - ANTHONY GONZALEZ";8
26231;"SANTA MONICA";2701;"BARRANQUILLA 1 - ANTHONY GONZALEZ";8
26264;"LAS COLINAS";2701;"BARRANQUILLA 1 - ANTHONY GONZALEZ";8
46121;"PROVIDENCIA ALTA";2715;"BOGOTA 3 - MIGUE GUTIERREZ";4
12886;"NUEVA TIMIZA";2715;"BOGOTA 3 - MIGUE GUTIERREZ";4
12870;"JACKELINE KENNEDY";2715;"BOGOTA 3 - MIGUE GUTIERREZ";4
13602;"CASA GRANDE";2715;"BOGOTA 3 - MIGUE GUTIERREZ";4
12759;"CATALINA KENNEDY";2715;"BOGOTA 3 - MIGUE GUTIERREZ";4
12780;"SAN ANDRES KENNEDY";2715;"BOGOTA 3 - MIGUE GUTIERREZ";4
12912;"VILLA DE LOS SAUCES KENNEDY";2715;"BOGOTA 3 - MIGUE GUTIERREZ";4
12936;"NUEVO CHILE BOSA";2715;"BOGOTA 3 - MIGUE GUTIERREZ";4
48656;LUCERO;2715;"BOGOTA 3 - MIGUE GUTIERREZ";4
12960;"MADELENA CIUDAD BOLIVAR";2715;"BOGOTA 3 - MIGUE GUTIERREZ";4
12790;"GALICIA CIUDAD BOLIVAR";2715;"BOGOTA 3 - MIGUE GUTIERREZ";4
12736;"PERDOMO CIUDAD BOLIVAR";2715;"BOGOTA 3 - MIGUE GUTIERREZ";4
12786;"LA CHUCUA KENNEDY";2715;"BOGOTA 3 - MIGUE GUTIERREZ";4
12911;"OLARTE BOSA";2715;"BOGOTA 3 - MIGUE GUTIERREZ";4
12784;MORABIA;2715;"BOGOTA 3 - MIGUE GUTIERREZ";4
12778;"NUEVA DELICIAS";2715;"BOGOTA 3 - MIGUE GUTIERREZ";4
13242;"ESTANCIA CIUDAD BOLIVAR";2715;"BOGOTA 3 - MIGUE GUTIERREZ";4
13584;GUACAMAYAS;2715;"BOGOTA 3 - MIGUE GUTIERREZ";4
12948;"NUEVO MUZU TUNJUELITO";2715;"BOGOTA 3 - MIGUE GUTIERREZ";4
12959;"ISLA DEL SOL TUNJUELITO";2715;"BOGOTA 3 - MIGUE GUTIERREZ";4
12958;"RINCON DE VENECIA TUNJUELITO";2715;"BOGOTA 3 - MIGUE GUTIERREZ";4
13553;"MODELO SUR";2715;"BOGOTA 3 - MIGUE GUTIERREZ";4
48655;MATATIGRES;2715;"BOGOTA 3 - MIGUE GUTIERREZ";4
12771;"LAGO TIMIZA";2715;"BOGOTA 3 - MIGUE GUTIERREZ";4
12769;"TIMIZA KENNEDY";2715;"BOGOTA 3 - MIGUE GUTIERREZ";4
12864;"ALFONSO LOPEZ";2715;"BOGOTA 3 - MIGUE GUTIERREZ";4
12774;"BOITA KENNEDY";2715;"BOGOTA 3 - MIGUE GUTIERREZ";4
12910;"VILLA DEL RIO BOSA";2715;"BOGOTA 3 - MIGUE GUTIERREZ";4
12728;"ROMA KENNEDY";2715;"BOGOTA 3 - MIGUE GUTIERREZ";4
48730;"LIBERTADOR RAFAEL URIBE URIBE";2715;"BOGOTA 3 - MIGUE GUTIERREZ";4
26326;BARICHARA;2720;"RUTA 2.1 SAN ANTONIO";3
26448;"BARRIO NUEVO - PRADO";2720;"RUTA 2.1 SAN ANTONIO";3
26449;CAMPIÑAS;2720;"RUTA 2.1 SAN ANTONIO";3
26500;CIUDADELA-PRADO;2720;"RUTA 2.1 SAN ANTONIO";3
26349;PRADERA-PRADO;2720;"RUTA 2.1 SAN ANTONIO";3
26446;PRADITO;2720;"RUTA 2.1 SAN ANTONIO";3
26350;PRADO;2720;"RUTA 2.1 SAN ANTONIO";3
26430;"PRADOS DEL CAMPO";2720;"RUTA 2.1 SAN ANTONIO";3
26458;"PRADOS DEL ESTE";2720;"RUTA 2.1 SAN ANTONIO";3
12178;"SAN ANTONIO DE PRADO";2720;"RUTA 2.1 SAN ANTONIO";3
26450;"VILLA LOMA";2720;"RUTA 2.1 SAN ANTONIO";3
26564;PRADERA;2720;"RUTA 2.1 SAN ANTONIO";3
26340;"LIMONAR 1";2720;"RUTA 2.1 SAN ANTONIO";3
26421;"LIMONAR 2";2720;"RUTA 2.1 SAN ANTONIO";3
26445;COMPARTIR;2720;"RUTA 2.1 SAN ANTONIO";3
26372;"VEGAS DE ALCALA";2720;"RUTA 2.1 SAN ANTONIO";3
48666;"EL VERGEL";2720;"RUTA 2.1 SAN ANTONIO";3
26405;"ALCAZAR DE LOS PRADOS";2720;"RUTA 2.1 SAN ANTONIO";3
26426;"EL DESCANSO";2720;"RUTA 2.1 SAN ANTONIO";3
26425;"PORTAL DE DITAIRES";2720;"RUTA 2.1 SAN ANTONIO";3
13421;"LOS PINOS ENGATIVA";2729;"BOGOTA 8 - STIVEN FORERO";4
46127;"LAS PALMAS ENGATIVA";2729;"BOGOTA 8 - STIVEN FORERO";4
13449;"NUEVO LAURES";2729;"BOGOTA 8 - STIVEN FORERO";4
13559;"ZARZAMORA ENGATIVA";2729;"BOGOTA 8 - STIVEN FORERO";4
13462;"FLORIDA BLANCA ENGATIVA";2729;"BOGOTA 8 - STIVEN FORERO";4
13512;"SIDAUTO ENGATIVA";2729;"BOGOTA 8 - STIVEN FORERO";4
13497;"LINTERAMA ENGATIVA";2729;"BOGOTA 8 - STIVEN FORERO";4
48658;"PUEBLO ENGATIVA";2729;"BOGOTA 8 - STIVEN FORERO";4
13479;"EL MUELLE ENGATIVA";2729;"BOGOTA 8 - STIVEN FORERO";4
12773;"LA FLORIDA ENGATIVA";2729;"BOGOTA 8 - STIVEN FORERO";4
13492;"LA RIVIERA ENGATIVA";2729;"BOGOTA 8 - STIVEN FORERO";4
13493;"MARANDU ENGATIVA";2729;"BOGOTA 8 - STIVEN FORERO";4
48653;"PALMAR ENGATIVA";2729;"BOGOTA 8 - STIVEN FORERO";4
13436;"SANTA ROSITA ENGATIVA";2729;"BOGOTA 8 - STIVEN FORERO";4
13467;"VILLA GLADYS ENGATIVA";2729;"BOGOTA 8 - STIVEN FORERO";4
13465;"VILLAS DEL DORADO ENGATIVA";2729;"BOGOTA 8 - STIVEN FORERO";4
48657;"SAN LORENZO ENGATIVA";2729;"BOGOTA 8 - STIVEN FORERO";4
13496;"VILLA TERESITA ENGATIVA";2729;"BOGOTA 8 - STIVEN FORERO";4
12783;"ALAMOS NORTE ENGATIVA";2729;"BOGOTA 8 - STIVEN FORERO";4
13463;"FLORENCIA ENGATIVA";2729;"BOGOTA 8 - STIVEN FORERO";4
13477;"SAN ANTONIO ENGATIVA";2729;"BOGOTA 8 - STIVEN FORERO";4
13501;"SABANAS DEL DORADO ENGATIVA";2729;"BOGOTA 8 - STIVEN FORERO";4
13482;"VILLA CLAVER ENGATIVA";2729;"BOGOTA 8 - STIVEN FORERO";4
13483;"VILLAS MADRIGAL ENGATIVA";2729;"BOGOTA 8 - STIVEN FORERO";4
13503;"PORTAL DEL RIO ENGATIVA";2729;"BOGOTA 8 - STIVEN FORERO";4
13434;"VILLA CONSTANZA ENGATIVA";2729;"BOGOTA 8 - STIVEN FORERO";4
13439;"BOSQUES DE MARIANA ENGATIVA";2729;"BOGOTA 8 - STIVEN FORERO";4
13474;"GARCES NAVAS ENGATIVA";2729;"BOGOTA 8 - STIVEN FORERO";4
12760;"VILLAS DE GRANADA ENGATIVA";2729;"BOGOTA 8 - STIVEN FORERO";4
13485;"GRAN GRANADA ENGATIVA";2729;"BOGOTA 8 - STIVEN FORERO";4
13515;"SAN BASILIO ENGATIVA";2729;"BOGOTA 8 - STIVEN FORERO";4
13508;"TISQUESUZA ENGATIVA";2729;"BOGOTA 8 - STIVEN FORERO";4
13505;"LA SERENA ENGATIVA";2729;"BOGOTA 8 - STIVEN FORERO";4
12743;"LA SOLEDAD NORTE ENGATIVA";2729;"BOGOTA 8 - STIVEN FORERO";4
46168;"SAN JOSE OBRERO ENGATIVA";2729;"BOGOTA 8 - STIVEN FORERO";4
13473;"LOS ANGELES ENGATIVA";2729;"BOGOTA 8 - STIVEN FORERO";4
13481;"SANTA MONICA ENGATIVA";2729;"BOGOTA 8 - STIVEN FORERO";4
13464;"LOS CAMPOS ENGATIVA";2729;"BOGOTA 8 - STIVEN FORERO";4
13491;"MERCEDES ENGATIVA";2729;"BOGOTA 8 - STIVEN FORERO";4
13600;USATAMA;2729;"BOGOTA 8 - STIVEN FORERO";4
13470;"MADRIGAL ENGATIVA";2729;"BOGOTA 8 - STIVEN FORERO";4
13599;"UNIR ENGATIVA";2729;"BOGOTA 8 - STIVEN FORERO";4
13475;"VILLA AMALIA ENGATIVA";2729;"BOGOTA 8 - STIVEN FORERO";4
13440;"LA RELIQUIA ENGATIVA";2729;"BOGOTA 8 - STIVEN FORERO";4
13494;"ENGATIVA LITUANA";2729;"BOGOTA 8 - STIVEN FORERO";4
13499;"LA VICTORIA ENGATIVA";2729;"BOGOTA 8 - STIVEN FORERO";4
46215;"MULTIF. VILLA ADRIANA ENGATIVA";2729;"BOGOTA 8 - STIVEN FORERO";4
13490;"VILLA MARY ENGATIVA";2729;"BOGOTA 8 - STIVEN FORERO";4
48717;"LITUANIA ENGATIVA";2729;"BOGOTA 8 - STIVEN FORERO";4
13566;"PORVENIR ENGATIVA";2729;"BOGOTA 8 - STIVEN FORERO";4
12834;"VILLA ADRIANA ENGATIVA";2729;"BOGOTA 8 - STIVEN FORERO";4
13393;"SEVILLA ENGATIVA";2729;"BOGOTA 8 - STIVEN FORERO";4
13285;"LA FONTANA ENGATIVA";2729;"BOGOTA 8 - STIVEN FORERO";4
48719;"FAENA ENGATIVA";2729;"BOGOTA 8 - STIVEN FORERO";4
48720;"LITERAMA ENGATIVA";2729;"BOGOTA 8 - STIVEN FORERO";4
48722;"ALAMOS ENGATIVA";2729;"BOGOTA 8 - STIVEN FORERO";4
13453;"LA MARCELA ENGATIVA";2729;"BOGOTA 8 - STIVEN FORERO";4
13518;"PROVIVIENDA ENGATIVA";2729;"BOGOTA 8 - STIVEN FORERO";4
46204;"ALFEREZ REAL ENGATIVA";2729;"BOGOTA 8 - STIVEN FORERO";4
13422;"ASAFRAN VILLA LUZ ENGATIVA";2729;"BOGOTA 8 - STIVEN FORERO";4
13507;"LAUREL ENGATIVA";2729;"BOGOTA 8 - STIVEN FORERO";4
13560;"SALAZAR GOMEZ ENGATIVA";2729;"BOGOTA 8 - STIVEN FORERO";4
13456;"SAN JOSE DE LA GRANJA ENGATIVA";2729;"BOGOTA 8 - STIVEN FORERO";4
46214;"URB. LOS LAURELES ENGATIVA";2729;"BOGOTA 8 - STIVEN FORERO";4
13478;"VILLA SAGRARIO ENGATIVA";2729;"BOGOTA 8 - STIVEN FORERO";4
25898;ALTAGRACIA;2742;"BUCARAMANGA 4- NORTE";7
25894;COLSEGUROS;2742;"BUCARAMANGA 4- NORTE";7
25886;"MARIA PAZ";2742;"BUCARAMANGA 4- NORTE";7
25851;"MINUTO DE DIOS";2742;"BUCARAMANGA 4- NORTE";7
25921;ROSAL;2742;"BUCARAMANGA 4- NORTE";7
25988;"13 DE JUNIO(KENEDY)";2742;"BUCARAMANGA 4- NORTE";7
25936;"ALTOS DEL PROGRESO";2742;"BUCARAMANGA 4- NORTE";7
25923;PABLON;2742;"BUCARAMANGA 4- NORTE";7
25912;COLORADOS;2742;"BUCARAMANGA 4- NORTE";7
25788;"MIRADOR DEL KENEDY";2742;"BUCARAMANGA 4- NORTE";7
25783;OMAGA;2742;"BUCARAMANGA 4- NORTE";7
25937;PRIMAVERAL;2742;"BUCARAMANGA 4- NORTE";7
25830;"OLAS ALTAS";2742;"BUCARAMANGA 4- NORTE";7
25871;"OLAS BAJAS";2742;"BUCARAMANGA 4- NORTE";7
25846;"CAFE MADRID";2742;"BUCARAMANGA 4- NORTE";7
25920;CAMPESTRE;2742;"BUCARAMANGA 4- NORTE";7
25777;KENEDY;2742;"BUCARAMANGA 4- NORTE";7
25922;"LAS HAMACAS";2742;"BUCARAMANGA 4- NORTE";7
26211;MIRAMAR;2742;"BUCARAMANGA 4- NORTE";7
25849;"TEJAR I";2742;"BUCARAMANGA 4- NORTE";7
25789;"TEJAR II";2742;"BUCARAMANGA 4- NORTE";7
25829;"LA INDEPENDENCIA";2742;"BUCARAMANGA 4- NORTE";7
25928;"SAN CRISTOBAL";2742;"BUCARAMANGA 4- NORTE";7
25909;"VILLA ELENA NORTE";2742;"BUCARAMANGA 4- NORTE";7
25860;BETANIA;2742;"BUCARAMANGA 4- NORTE";7
25924;REGADERO;2742;"BUCARAMANGA 4- NORTE";7
25798;"VILLA ROSA";2742;"BUCARAMANGA 4- NORTE";7
13543;"CENTRO LA SOLEDAD";2766;"APOYO CALL CENTER  2025";4
48669;"EJE AMBIENTAL";2766;"APOYO CALL CENTER  2025";4
13457;"EL CAÑON";2766;"APOYO CALL CENTER  2025";4
13471;"EL CEDRO";2766;"APOYO CALL CENTER  2025";4
13402;"EL DESCANSO";2766;"APOYO CALL CENTER  2025";4
13500;"EL MIRADOR";2766;"APOYO CALL CENTER  2025";4
13603;"ENTRE RIOS";2766;"APOYO CALL CENTER  2025";4
46210;"LA LLANURA MANZANA P ENGATIVA";2766;"APOYO CALL CENTER  2025";4
13484;"MOLINOS DE VIENTO";2766;"APOYO CALL CENTER  2025";4
46227;"SIN ASIGNAR BOGOTA";2766;"APOYO CALL CENTER  2025";4
46366;TUNDAMA;2766;"APOYO CALL CENTER  2025";4
12808;"BENJAMIN HERRERA";2766;"APOYO CALL CENTER  2025";4
13591;CATEDRAL;2766;"APOYO CALL CENTER  2025";4
13598;"CENTRO LA CANDELARIA";2766;"APOYO CALL CENTER  2025";4
46152;"EL PEDREGAL";2766;"APOYO CALL CENTER  2025";4
46207;"EL RINCÓN DE MANDALAY";2766;"APOYO CALL CENTER  2025";4
12890;"LA  MARIA";2766;"APOYO CALL CENTER  2025";4
13589;"LA MERCED";2766;"APOYO CALL CENTER  2025";4
46212;"LAS AMÉRICAS SECTOR GALÁN";2766;"APOYO CALL CENTER  2025";4
46216;"MARSELLA III SECTOR";2766;"APOYO CALL CENTER  2025";4
12978;OLIVOS;2766;"APOYO CALL CENTER  2025";4
46201;"PRADOS DE CASTILLA";2766;"APOYO CALL CENTER  2025";4
12883;"S M DE PORRES";2766;"APOYO CALL CENTER  2025";4
46213;"SANTA ROSA DE CARVAJAL";2766;"APOYO CALL CENTER  2025";4
48690;"SAN LUIS";2766;"APOYO CALL CENTER  2025";4
48665;"SIERRA MORENA";2766;"APOYO CALL CENTER  2025";4
13564;"PUERTO RICO";2766;"APOYO CALL CENTER  2025";4
13495;"SANTA TERESITA ENGATIVA";2766;"APOYO CALL CENTER  2025";4
12998;"SAUCEDAL ENGATIVA";2766;"APOYO CALL CENTER  2025";4
13565;"BILBAO SUBA";2770;"BOGOTA 12 SUBA ANGIE PINEDA";4
12829;"COMPARTIR SUBA";2770;"BOGOTA 12 SUBA ANGIE PINEDA";4
46153;"LA CAMPIÑA SUBA";2770;"BOGOTA 12 SUBA ANGIE PINEDA";4
46142;"LA GAITANA SUBA";2770;"BOGOTA 12 SUBA ANGIE PINEDA";4
13413;"LAS COLINAS SUBA";2770;"BOGOTA 12 SUBA ANGIE PINEDA";4
13605;"PASADENA SUBA";2770;"BOGOTA 12 SUBA ANGIE PINEDA";4
46150;"TIBABUYES SUBA";2770;"BOGOTA 12 SUBA ANGIE PINEDA";4
48676;"JAPON SUBA";2770;"BOGOTA 12 SUBA ANGIE PINEDA";4
48680;"RINCON NARANJOS SUBA";2770;"BOGOTA 12 SUBA ANGIE PINEDA";4
48677;"SAN CAYETANO SUBA";2770;"BOGOTA 12 SUBA ANGIE PINEDA";4
48678;"TELECOM ARRAYANES SUBA";2770;"BOGOTA 12 SUBA ANGIE PINEDA";4
48681;"LA MANUELITA SUBA";2770;"BOGOTA 12 SUBA ANGIE PINEDA";4
48682;"URBANIZACION ALTAMAR SUBA";2770;"BOGOTA 12 SUBA ANGIE PINEDA";4
48683;"COSTA RICA SUBA";2770;"BOGOTA 12 SUBA ANGIE PINEDA";4
48685;"GLORIA LARA DE ECHEVERRI SUBA";2770;"BOGOTA 12 SUBA ANGIE PINEDA";4
48688;"LA CHUCUA SUBA";2770;"BOGOTA 12 SUBA ANGIE PINEDA";4
48686;"RIO BAMBA SUBA";2770;"BOGOTA 12 SUBA ANGIE PINEDA";4
48689;"TRINITARIA SUBA";2770;"BOGOTA 12 SUBA ANGIE PINEDA";4
48692;"ANTONIO GRANADOS SUBA";2770;"BOGOTA 12 SUBA ANGIE PINEDA";4
48694;"BOCHALEMA SUBA";2770;"BOGOTA 12 SUBA ANGIE PINEDA";4
48695;"COSTA AZUL SUBA";2770;"BOGOTA 12 SUBA ANGIE PINEDA";4
48696;"BATAN NORTE SUBA";2770;"BOGOTA 12 SUBA ANGIE PINEDA";4
48699;"AURES 2 SUBA";2770;"BOGOTA 12 SUBA ANGIE PINEDA";4
48698;"CORINTO DE SUBA";2770;"BOGOTA 12 SUBA ANGIE PINEDA";4
48697;"LAGOS DE SUBA SUBA";2770;"BOGOTA 12 SUBA ANGIE PINEDA";4
48700;"VILLA MARIA SUBA";2770;"BOGOTA 12 SUBA ANGIE PINEDA";4
48703;"BERLIN SUBA";2770;"BOGOTA 12 SUBA ANGIE PINEDA";4
48708;"NOGALES SUBA";2770;"BOGOTA 12 SUBA ANGIE PINEDA";4
48704;"SAN PEDRO SUBA";2770;"BOGOTA 12 SUBA ANGIE PINEDA";4
48701;"TOSCANA SUBA";2770;"BOGOTA 12 SUBA ANGIE PINEDA";4
48705;"TOSCANA LISBOA SUBA";2770;"BOGOTA 12 SUBA ANGIE PINEDA";4
48711;"CAMINOS DE ESPERANZA SUBA";2770;"BOGOTA 12 SUBA ANGIE PINEDA";4
48710;"FONTANAR DEL RIO SUBA";2770;"BOGOTA 12 SUBA ANGIE PINEDA";4
48709;"SAN CARLOS SUBA";2770;"BOGOTA 12 SUBA ANGIE PINEDA";4
48715;"JAVA SUBA";2770;"BOGOTA 12 SUBA ANGIE PINEDA";4
48713;"LAS FLORES SUBA";2770;"BOGOTA 12 SUBA ANGIE PINEDA";4
48712;"LOMBARDIA SUBA";2770;"BOGOTA 12 SUBA ANGIE PINEDA";4
48716;"SANTA RITA SUBA";2770;"BOGOTA 12 SUBA ANGIE PINEDA";4
48738;"SANTA CECILIA SUBA";2770;"BOGOTA 12 SUBA ANGIE PINEDA";4
48739;"SUBA LISBOA";2770;"BOGOTA 12 SUBA ANGIE PINEDA";4
48737;"VILLA CINDY SUBA";2770;"BOGOTA 12 SUBA ANGIE PINEDA";4
48742;"MIRAMAR SUBA";2770;"BOGOTA 12 SUBA ANGIE PINEDA";4
48763;"POTRERILLOS SUBA";2770;"BOGOTA 12 SUBA ANGIE PINEDA";4
48764;"COMUNEROS SUBA";2770;"BOGOTA 12 SUBA ANGIE PINEDA";4
48767;"MONARCAS SUBA";2770;"BOGOTA 12 SUBA ANGIE PINEDA";4
48765;"PUERTA DEL SOL SUBA";2770;"BOGOTA 12 SUBA ANGIE PINEDA";4
48768;"LA CAÑIZA SUBA";2770;"BOGOTA 12 SUBA ANGIE PINEDA";4
48770;"ATENAS SUBA";2770;"BOGOTA 12 SUBA ANGIE PINEDA";4
34985;"ALMENDROS (2500 LTS)";2830;"RUTA 4 CUBA - DIEGO ARENAS";5
46500;"COMUNIDAD EL BOSQUE (2500 LTS)";2830;"RUTA 4 CUBA - DIEGO ARENAS";5
46527;"EL BOSQUE (2500 LTS)";2830;"RUTA 4 CUBA - DIEGO ARENAS";5
35054;"EL PARAISO (2500 LTS)";2830;"RUTA 4 CUBA - DIEGO ARENAS";5
46494;"JOSE DOMINGO ESCOBAR 2500 LTS";2830;"RUTA 4 CUBA - DIEGO ARENAS";5
46499;"NEIRA MARQUEZ 2500 LTS";2830;"RUTA 4 CUBA - DIEGO ARENAS";5
46078;"SINAI 2500 LTS";2830;"RUTA 4 CUBA - DIEGO ARENAS";5
35248;"COMFAMILIAR CUBA";2830;"RUTA 4 CUBA - DIEGO ARENAS";5
46486;"CONJUNTO SALAMANCA (VIA CONDINA)";2830;"RUTA 4 CUBA - DIEGO ARENAS";5
35040;"CORALINA (CUBA)";2830;"RUTA 4 CUBA - DIEGO ARENAS";5
35046;"EDEN (CUBA)";2830;"RUTA 4 CUBA - DIEGO ARENAS";5
46481;"EVENEZER (CUCHILLA)";2830;"RUTA 4 CUBA - DIEGO ARENAS";5
46522;"JAIME PARDO LEAL (POR LA CUCHILLA)";2830;"RUTA 4 CUBA - DIEGO ARENAS";5
35077;"JOSE MARIA C";2830;"RUTA 4 CUBA - DIEGO ARENAS";5
45624;"OLIMPIA (CUCHILLA)";2830;"RUTA 4 CUBA - DIEGO ARENAS";5
35265;"SANTA CLARA DE LAS VILLAS (CUBA)";2830;"RUTA 4 CUBA - DIEGO ARENAS";5
35246;"VILLA DEL ROCIO";2830;"RUTA 4 CUBA - DIEGO ARENAS";5
46233;"GUADACANAL - CUBA";2830;"RUTA 4 CUBA - DIEGO ARENAS";5
35249;"PUEBLITO CAFETERO (CUBA)";2830;"RUTA 4 CUBA - DIEGO ARENAS";5
35071;HEROES;2830;"RUTA 4 CUBA - DIEGO ARENAS";5
46082;"PUERTO ALEGRE";2830;"RUTA 4 CUBA - DIEGO ARENAS";5
35010;"CARLOS A BENAVIDEZ.";2830;"RUTA 4 CUBA - DIEGO ARENAS";5
35115;NAVARRA;2830;"RUTA 4 CUBA - DIEGO ARENAS";5
46521;"NUEVA COLOMBIA ( POR LA CUCHILLA)";2830;"RUTA 4 CUBA - DIEGO ARENAS";5
46504;"URBANIZACIÓN ALFA (GAMA)";2830;"RUTA 4 CUBA - DIEGO ARENAS";5
46525;"URBANIZACION NARANJAL (CUBA)";2830;"RUTA 4 CUBA - DIEGO ARENAS";5
35116;"OLIMPICO (GAMA)";2830;"RUTA 4 CUBA - DIEGO ARENAS";5
46503;"PORTALES DE BIRMANIA (CUBA)";2830;"RUTA 4 CUBA - DIEGO ARENAS";5
35184;"BULEVAR (CUBA)";2830;"RUTA 4 CUBA - DIEGO ARENAS";5
45033;"CODELMAR EPT 2 (CUBA)";2830;"RUTA 4 CUBA - DIEGO ARENAS";5
35051;"EL EDEN";2830;"RUTA 4 CUBA - DIEGO ARENAS";5
35063;"GIRASOLES (CUBA)";2830;"RUTA 4 CUBA - DIEGO ARENAS";5
35255;PARAISO;2830;"RUTA 4 CUBA - DIEGO ARENAS";5
35181;"BOSQUES STA MONICA - CUBA";2830;"RUTA 4 CUBA - DIEGO ARENAS";5
35056;"EL PLUMON";2830;"RUTA 4 CUBA - DIEGO ARENAS";5
35029;CISNES;2830;"RUTA 4 CUBA - DIEGO ARENAS";5
35042;"CRISTALES (CUBA)";2830;"RUTA 4 CUBA - DIEGO ARENAS";5
46542;"LENINGRADO (ETP 2)";2830;"RUTA 4 CUBA - DIEGO ARENAS";5
45622;"5 DE OCTUBRE (CUBA)";2830;"RUTA 4 CUBA - DIEGO ARENAS";5
35069;HABANA;2830;"RUTA 4 CUBA - DIEGO ARENAS";5
35105;"LOS PINOS CUBA";2830;"RUTA 4 CUBA - DIEGO ARENAS";5
45294;"QUINTAS DE LA ACUARELA (CUBA)";2830;"RUTA 4 CUBA - DIEGO ARENAS";5
45167;"TERRANOVA PEREIRA";2830;"RUTA 4 CUBA - DIEGO ARENAS";5
35022;"CARLOS A BEMAVIDEZ";2830;"RUTA 4 CUBA - DIEGO ARENAS";5
35257;"CONSOTA 2500 LOTES";2830;"RUTA 4 CUBA - DIEGO ARENAS";5
34962;"HEROES (2500 LTS)";2830;"RUTA 4 CUBA - DIEGO ARENAS";5
34963;INDEPENDIENTES;2830;"RUTA 4 CUBA - DIEGO ARENAS";5
46484;"LA CAMPIÑA (2500 LTS)";2830;"RUTA 4 CUBA - DIEGO ARENAS";5
34974;"LOTES 2500";2830;"RUTA 4 CUBA - DIEGO ARENAS";5
35108;"METROPOLITANO 2500 LTS";2830;"RUTA 4 CUBA - DIEGO ARENAS";5
46524;"VILLA DE LEIVA CUBA";2830;"RUTA 4 CUBA - DIEGO ARENAS";5
46496;"VILLA KENEDY 2500 LTS";2830;"RUTA 4 CUBA - DIEGO ARENAS";5
34961;"LA HABANA (CUBA)";2830;"RUTA 4 CUBA - DIEGO ARENAS";5
46549;"VILLA HELENA (CUBA)";2830;"RUTA 4 CUBA - DIEGO ARENAS";5
35174;URIBE;2830;"RUTA 4 CUBA - DIEGO ARENAS";5
35073;"INDEPENDIENTES (2500 LTS)";2830;"RUTA 4 CUBA - DIEGO ARENAS";5
46493;"BATARA CUBA";2830;"RUTA 4 CUBA - DIEGO ARENAS";5
34965;"LA HACIENDA";2830;"RUTA 4 CUBA - DIEGO ARENAS";5
35232;"LENINGRADO (ETP 1)";2830;"RUTA 4 CUBA - DIEGO ARENAS";5
35111;MONTELIBANO;2830;"RUTA 4 CUBA - DIEGO ARENAS";5
35168;"TINAJAS (CUBA)";2830;"RUTA 4 CUBA - DIEGO ARENAS";5
34978;"ACUARIO (CUBA)";2830;"RUTA 4 CUBA - DIEGO ARENAS";5
34980;"ALAMEDA (CUBA)";2830;"RUTA 4 CUBA - DIEGO ARENAS";5
34954;"ALBANIA (2500 LTS)";2830;"RUTA 4 CUBA - DIEGO ARENAS";5
45283;"CUCHILLA DE LOS CASTROS";2830;"RUTA 4 CUBA - DIEGO ARENAS";5
35044;DEPARTAMENTO;2830;"RUTA 4 CUBA - DIEGO ARENAS";5
35065;"GUADALUPE (CUBA)";2830;"RUTA 4 CUBA - DIEGO ARENAS";5
35267;"GUAYACANES CUBA";2830;"RUTA 4 CUBA - DIEGO ARENAS";5
35225;"HACIENDA (CUBA)";2830;"RUTA 4 CUBA - DIEGO ARENAS";5
35250;"INDEPENDENCIA (CUBA)";2830;"RUTA 4 CUBA - DIEGO ARENAS";5
34958;"LA CAMPIÑA";2830;"RUTA 4 CUBA - DIEGO ARENAS";5
34964;"LA FRANCIA";2830;"RUTA 4 CUBA - DIEGO ARENAS";5
46534;"PORTO ALEGRE (MONTELIBANO)";2830;"RUTA 4 CUBA - DIEGO ARENAS";5
35203;"VILLA LIGIA (CUCHULLA)";2830;"RUTA 4 CUBA - DIEGO ARENAS";5
35002;BELMONTE;2830;"RUTA 4 CUBA - DIEGO ARENAS";5
35005;BIRMANIA;2830;"RUTA 4 CUBA - DIEGO ARENAS";5
35039;CORALES;2830;"RUTA 4 CUBA - DIEGO ARENAS";5
35060;"GAMA (CUBA)";2830;"RUTA 4 CUBA - DIEGO ARENAS";5
35126;"PERLA DEL SUR (CUBA)";2830;"RUTA 4 CUBA - DIEGO ARENAS";5
35200;"SAN MARCOS (CUBA)";2830;"RUTA 4 CUBA - DIEGO ARENAS";5
35157;"SANTA JUANA DE LAS VILLAS (CUBA)";2830;"RUTA 4 CUBA - DIEGO ARENAS";5
46528;"VIA CONDINA";2830;"RUTA 4 CUBA - DIEGO ARENAS";5
35201;"VILLA NAVARRA (CUCHILLA)";2830;"RUTA 4 CUBA - DIEGO ARENAS";5
35048;"EL CARDAL (CUBA)";2830;"RUTA 4 CUBA - DIEGO ARENAS";5
35043;"CUBA CENTRO";2830;"RUTA 4 CUBA - DIEGO ARENAS";5
46072;CUBA.;2830;"RUTA 4 CUBA - DIEGO ARENAS";5
35147;"SAN FERNANDO";2830;"RUTA 4 CUBA - DIEGO ARENAS";5
34990;"ATENAS (CUBA)";2830;"RUTA 4 CUBA - DIEGO ARENAS";5
35001;"BELLO HORIZONTE (CUBA)";2830;"RUTA 4 CUBA - DIEGO ARENAS";5
35033;"CODELMAR (CUBA)";2830;"RUTA 4 CUBA - DIEGO ARENAS";5
46061;"PUERTA DE ALCALA";2830;"RUTA 4 CUBA - DIEGO ARENAS";5
35083;"LA FLORESTA (CUBA)";2830;"RUTA 4 CUBA - DIEGO ARENAS";5
35086;"LA ISLA";2830;"RUTA 4 CUBA - DIEGO ARENAS";5
35098;LAURELES;2830;"RUTA 4 CUBA - DIEGO ARENAS";5
46543;"LENINGRADO (ETP 3)";2830;"RUTA 4 CUBA - DIEGO ARENAS";5
35253;"ORMAZA CUBA";2830;"RUTA 4 CUBA - DIEGO ARENAS";5
35139;"RAFAEL URIBE (CUBA)";2830;"RUTA 4 CUBA - DIEGO ARENAS";5
35162;"LOS SAUCES (CUBA)";2830;"RUTA 4 CUBA - DIEGO ARENAS";5
35146;"SAN FELIPE (SAUCES)";2830;"RUTA 4 CUBA - DIEGO ARENAS";5
35258;"VILLA DEL BOSQUE (SAUCES CUBA)";2830;"RUTA 4 CUBA - DIEGO ARENAS";5
35218;"VILLA ELIZA (SAUCES CUBA)";2830;"RUTA 4 CUBA - DIEGO ARENAS";5
34977;"ACUARELA (CUBA)";2830;"RUTA 4 CUBA - DIEGO ARENAS";5
35097;"LAS MERCEDES";2830;"RUTA 4 CUBA - DIEGO ARENAS";5
46491;"PORTAL DE LAS MERCEDES";2830;"RUTA 4 CUBA - DIEGO ARENAS";5
45615;"LOS NOGALES";2830;"RUTA 4 CUBA - DIEGO ARENAS";5
46544;"VILLA LA PAZ (CUBA)";2830;"RUTA 4 CUBA - DIEGO ARENAS";5
34975;"30 DE AGOSTO CUBA";2830;"RUTA 4 CUBA - DIEGO ARENAS";5
34983;"ALEJANDRIA (CUCHILLA)";2830;"RUTA 4 CUBA - DIEGO ARENAS";5
46054;"ALTA VISTA (CUBA)";2830;"RUTA 4 CUBA - DIEGO ARENAS";5
35020;CAÑAVERAL;2830;"RUTA 4 CUBA - DIEGO ARENAS";5
35023;"CARLOS ALBERTO BENAVIDEZ (2500 LTS)";2830;"RUTA 4 CUBA - DIEGO ARENAS";5
45289;"EL OSO (CUBA)";2830;"RUTA 4 CUBA - DIEGO ARENAS";5
35062;GIBRALTAR;2830;"RUTA 4 CUBA - DIEGO ARENAS";5
35068;GUAYACANES;2830;"RUTA 4 CUBA - DIEGO ARENAS";5
35084;"LA FRANCIA (2500 LTS)";2830;"RUTA 4 CUBA - DIEGO ARENAS";5
35095;"LA VILLA (CUBA)";2830;"RUTA 4 CUBA - DIEGO ARENAS";5
35099;"LIBERTADOR (2500 LTS)";2830;"RUTA 4 CUBA - DIEGO ARENAS";5
35100;"LIBERTADORES (CUCHILLA)";2830;"RUTA 4 CUBA - DIEGO ARENAS";5
35148;"SAN JOAQUIN";2830;"RUTA 4 CUBA - DIEGO ARENAS";5
35155;"SANTA FE 2500 LOTES";2830;"RUTA 4 CUBA - DIEGO ARENAS";5
35167;"TERRANOVA (CUBA)";2830;"RUTA 4 CUBA - DIEGO ARENAS";5
35169;"TORRES DE SAN MATEO";2830;"RUTA 4 CUBA - DIEGO ARENAS";5
45282;"VILLA DEL SUR (CUCHILLA)";2830;"RUTA 4 CUBA - DIEGO ARENAS";5
46497;"VILLA MARIA (2500 LTS)";2830;"RUTA 4 CUBA - DIEGO ARENAS";5
46498;"VILLA ROCIÓ (2500 LTS)";2830;"RUTA 4 CUBA - DIEGO ARENAS";5
35081;"LA DIVISA (CUBA)";2830;"RUTA 4 CUBA - DIEGO ARENAS";5
46552;"BRISAS DEL CONSOTA (CUBA)";2830;"RUTA 4 CUBA - DIEGO ARENAS";5
34979;"AGUAS CLARAS";2830;"RUTA 4 CUBA - DIEGO ARENAS";5
35129;"LA PLAYA";2830;"RUTA 4 CUBA - DIEGO ARENAS";5
34959;"DEPARTAMENTO (2500 LTS)";2830;"RUTA 4 CUBA - DIEGO ARENAS";5
35113;NARANJITOS;2830;"RUTA 4 CUBA - DIEGO ARENAS";5
34968;"PADRE VALENCIA";2830;"RUTA 4 CUBA - DIEGO ARENAS";5
35121;PANORAMA;2830;"RUTA 4 CUBA - DIEGO ARENAS";5
46501;"QUINTAS DE PANORAMA 1";2830;"RUTA 4 CUBA - DIEGO ARENAS";5
45620;"VILLA CECILIA";2830;"RUTA 4 CUBA - DIEGO ARENAS";5
35000;"BELLA SARDI";2830;"RUTA 4 CUBA - DIEGO ARENAS";5
46065;"LA IDALIA";2830;"RUTA 4 CUBA - DIEGO ARENAS";5
46482;"MIRAFLOREZ CUBA";2830;"RUTA 4 CUBA - DIEGO ARENAS";5
46520;"PUEBLITO PAISA";2830;"RUTA 4 CUBA - DIEGO ARENAS";5
35021;CARDAL;2830;"RUTA 4 CUBA - DIEGO ARENAS";5
46550;"ENTRE VERDE (HACIENDA CUBA)";2830;"RUTA 4 CUBA - DIEGO ARENAS";5
35154;"SANTA CLARA (CUBA)";2830;"RUTA 4 CUBA - DIEGO ARENAS";5
35247;"ALTA GRACIA (CUBA)";2830;"RUTA 4 CUBA - DIEGO ARENAS";5
35017;"CAMPIN (BELMONTE)";2830;"RUTA 4 CUBA - DIEGO ARENAS";5
35018;CAMPIÑA;2830;"RUTA 4 CUBA - DIEGO ARENAS";5
35032;"CIUDADELA DEL CAFÉ";2830;"RUTA 4 CUBA - DIEGO ARENAS";5
35037;CONSOTA;2830;"RUTA 4 CUBA - DIEGO ARENAS";5
35199;MARGARITAS;2830;"RUTA 4 CUBA - DIEGO ARENAS";5
35141;"RINCON DE LOS ROBLES (BELMONTE)";2830;"RUTA 4 CUBA - DIEGO ARENAS";5
35261;"URB. LA CAMPIÑA";2830;"RUTA 4 CUBA - DIEGO ARENAS";5
35252;"VILLA ALICIA";2830;"RUTA 4 CUBA - DIEGO ARENAS";5
48810;"VILLA DEL CARMEN";2830;"RUTA 4 CUBA - DIEGO ARENAS";5
12701;QUINTALINDA;2854;"RUTA MOROSOS";3
12100;"MANRIQUE SAN BLAS";2854;"RUTA MOROSOS";3
46174;"POPULAR 2";2854;"RUTA MOROSOS";3
26475;"PLAZUELAS DE LA ESTRELLA";2854;"RUTA MOROSOS";3
12302;"TOBON QUINTERO";2854;"RUTA MOROSOS";3
48664;PARIS;2854;"RUTA MOROSOS";3
12748;"EL MOTORISTA BOSA";2859;"BOGOTA 9 -  EDISON LOZANO";4
13326;"MURILLO TORO";2859;"BOGOTA 9 -  EDISON LOZANO";4
13406;"SOCIEGO SAN CRISTOBAL";2859;"BOGOTA 9 -  EDISON LOZANO";4
12964;"EL INGLES RAFAEL URIBE URIBE";2859;"BOGOTA 9 -  EDISON LOZANO";4
13322;"SANTANDER ANTINO NARIÑO";2859;"BOGOTA 9 -  EDISON LOZANO";4
13318;"QUIROGA RAFAEL URIBE URIBE";2859;"BOGOTA 9 -  EDISON LOZANO";4
12951;"VILLA MAYOR RAFEL URIBE URIBE";2859;"BOGOTA 9 -  EDISON LOZANO";4
13327;"BRAVO PAEZ RAFAEL URIBE URIBE";2859;"BOGOTA 9 -  EDISON LOZANO";4
13254;"CENTENARIO RAFAEL URIBE URIBE";2859;"BOGOTA 9 -  EDISON LOZANO";4
13320;"OLAYA RAFAEL URIBE URIBE";2859;"BOGOTA 9 -  EDISON LOZANO";4
13319;"QUIROGA CENTRAL";2859;"BOGOTA 9 -  EDISON LOZANO";4
12815;"FATIMA TUNJIELITO";2859;"BOGOTA 9 -  EDISON LOZANO";4
12730;"20 DE JULIO SAN CRISTOBAL";2859;"BOGOTA 9 -  EDISON LOZANO";4
13569;"VELODROMO SAN CRISTOBAL";2859;"BOGOTA 9 -  EDISON LOZANO";4
12729;"VENECIA TUNJUELITO";2859;"BOGOTA 9 -  EDISON LOZANO";4
13330;"5 DE NOVIEMBRE";2859;"BOGOTA 9 -  EDISON LOZANO";4
48729;"LAGUNETA TUNJUELITO";2859;"BOGOTA 9 -  EDISON LOZANO";4
26143;"PORTAL DEL MOLINO";2876;"BUCARAMANGA 8";7
48611;"ALCON DE GRANADA";2876;"BUCARAMANGA 8";7
26154;"LAS DELICIAS ";2876;"BUCARAMANGA 8";7
26148;"PASEO ALCALA";2876;"BUCARAMANGA 8";7
26162;"PRADOS DE VILLANUEVA ";2876;"BUCARAMANGA 8";7
26136;"SAN ANTONIO";2876;"BUCARAMANGA 8";7
26150;"ANTIGUA CANDELARIA";2876;"BUCARAMANGA 8";7
26175;"ARGENTINA LA ANTIGUA";2876;"BUCARAMANGA 8";7
26170;"BALCONES DE LA CASTELLANA";2876;"BUCARAMANGA 8";7
26222;"BOSQUES DE PIEDECUESTA";2876;"BUCARAMANGA 8";7
26163;"LA CANDELARIA ";2876;"BUCARAMANGA 8";7
26156;"LA PRESENTACION ";2876;"BUCARAMANGA 8";7
26129;"NUEVA CANDELARIA ";2876;"BUCARAMANGA 8";7
26139;"NUEVA CANDELARIA";2876;"BUCARAMANGA 8";7
26165;"PUERTOMADERO ";2876;"BUCARAMANGA 8";7
26169;"SAN LUIS";2876;"BUCARAMANGA 8";7
26192;"SAN SILVESTRE";2876;"BUCARAMANGA 8";7
26171;"SURATOQUE I ETAPA";2876;"BUCARAMANGA 8";7
26151;"VILLA LUZ";2876;"BUCARAMANGA 8";7
48612;ZAFIRO;2876;"BUCARAMANGA 8";7
26142;"BRISAS DE PRIMAVERA I";2876;"BUCARAMANGA 8";7
48618;"CIUDADELA EL HATO";2876;"BUCARAMANGA 8";7
26188;"PAISANDU ";2876;"BUCARAMANGA 8";7
26176;"PASEO GALICIA ";2876;"BUCARAMANGA 8";7
26185;"TRAPICHE ";2876;"BUCARAMANGA 8";7
26182;"SURATOQUE II ETAPA ";2876;"BUCARAMANGA 8";7
26114;"BARRO BLANCO";2876;"BUCARAMANGA 8";7
26130;"TEJADITOS ";2876;"BUCARAMANGA 8";7
26133;"PASEO DEL PUENTE II";2876;"BUCARAMANGA 8";7
26134;"LOS CISNES ";2876;"BUCARAMANGA 8";7
26132;"PORTAL DEL VALLE";2876;"BUCARAMANGA 8";7
26191;"BOSQUES DE ARANJUEZ";2876;"BUCARAMANGA 8";7
26164;"LA TACHUELA ";2876;"BUCARAMANGA 8";7
26190;"PORTAL DE BELEN";2876;"BUCARAMANGA 8";7
26183;"PORTAL DEL TALAO";2876;"BUCARAMANGA 8";7
26181;"VILLA LINA ";2876;"BUCARAMANGA 8";7
26155;"VILLA NAVARRO ";2876;"BUCARAMANGA 8";7
26168;"VILLAS DE NAVARRO";2876;"BUCARAMANGA 8";7
26167;"VILLAS DEL CAMPO";2876;"BUCARAMANGA 8";7
26147;"VILLAS DEL RIO";2876;"BUCARAMANGA 8";7
26135;"MOLINOS DEL  VIENTO";2876;"BUCARAMANGA 8";7
26131;"MOLINOS DEL CAMPO";2876;"BUCARAMANGA 8";7
26172;"BARILOCHE I ETAPA";2876;"BUCARAMANGA 8";7
26180;"BARILOCHE II ETAPA ";2876;"BUCARAMANGA 8";7
26174;"CHACARITA II";2876;"BUCARAMANGA 8";7
26110;"LA ARGENTINA ";2876;"BUCARAMANGA 8";7
26173;"CAMPO VERDE";2876;"BUCARAMANGA 8";7
26126;"SAN CRISTOBAL ETAPA III";2876;"BUCARAMANGA 8";7
26118;"SAN RAFAEL ";2876;"BUCARAMANGA 8";7
26160;"VILLA NUEVA ";2876;"BUCARAMANGA 8";7
26157;"VILLANUEVA ";2876;"BUCARAMANGA 8";7
26113;CABECERA;2876;"BUCARAMANGA 8";7
26146;"LA CASTELLANA";2876;"BUCARAMANGA 8";7
26112;"LA COLINA  ";2876;"BUCARAMANGA 8";7
26152;"PALERMO I ";2876;"BUCARAMANGA 8";7
26178;"PALERMO II";2876;"BUCARAMANGA 8";7
26121;"SAN CARLOS ";2876;"BUCARAMANGA 8";7
26127;"SAN CRISTOBAL ETAPA I ";2876;"BUCARAMANGA 8";7
26120;"CABECERA ETAPA II ";2876;"BUCARAMANGA 8";7
26124;"QUINTA GRANADA";2876;"BUCARAMANGA 8";7
26125;"SAN CRISTOBAL ETAPA IV";2876;"BUCARAMANGA 8";7
26117;"SAN CRISTOBAL ETAPA VII";2876;"BUCARAMANGA 8";7
26123;"SAN CRISTOBAL V ";2876;"BUCARAMANGA 8";7
26137;"SAN FRANCISCO ";2876;"BUCARAMANGA 8";7
26111;"SAN FRANCISCO";2876;"BUCARAMANGA 8";7
26138;"SAN JUAN ";2876;"BUCARAMANGA 8";7
26161;"SANTELMO II ";2876;"BUCARAMANGA 8";7
26145;"BUENOS AIRES";2876;"BUCARAMANGA 8";7
26128;"DIVINO NIÑO ";2876;"BUCARAMANGA 8";7
26116;"LA CANTERA ";2876;"BUCARAMANGA 8";7
26187;"REFUGIO ";2876;"BUCARAMANGA 8";7
48621;EDIMAR;2876;"BUCARAMANGA 8";7
25835;"CENTRO ";2876;"BUCARAMANGA 8";7
48622;"HOYO GRANDE";2876;"BUCARAMANGA 8";7
26159;"LA FERIA ";2876;"BUCARAMANGA 8";7
26140;"PASEO DEL PUENTE I ";2876;"BUCARAMANGA 8";7
48616;AUTOPISTA;2876;"BUCARAMANGA 8";7
26193;"BRISAS DE GUATIGUARA";2876;"BUCARAMANGA 8";7
26149;"CAMINOS DEL MOLINO";2876;"BUCARAMANGA 8";7
26179;CATALUÑA;2876;"BUCARAMANGA 8";7
26153;"CHACARITA III ";2876;"BUCARAMANGA 8";7
48614;JUNIN;2876;"BUCARAMANGA 8";7
26144;"PASEO CATALUÑA";2876;"BUCARAMANGA 8";7
26119;"SAN CRISTOBAL ETAPA II";2876;"BUCARAMANGA 8";7
26115;"SAN MARCOS ";2876;"BUCARAMANGA 8";7
26204;"SANTELMO I ";2876;"BUCARAMANGA 8";7
26205;"PARAISO ";2876;"BUCARAMANGA 8";7
26141;"ALTOS DEL MOLINO";2876;"BUCARAMANGA 8";7
48617;AMARAL;2876;"BUCARAMANGA 8";7
26186;"ANTIGUA ARGENTINA ";2876;"BUCARAMANGA 8";7
26177;"CABELLANO ";2876;"BUCARAMANGA 8";7
26122;"CALLEJUELAS ";2876;"BUCARAMANGA 8";7
26166;"LA GLORIA ";2876;"BUCARAMANGA 8";7
26189;"PORTAL DE LA HACIENDA ";2876;"BUCARAMANGA 8";7
26158;"SAN CRISTOBAL ETAPA  VI ";2876;"BUCARAMANGA 8";7
26184;"VILLAS DE SANTA MARIA";2876;"BUCARAMANGA 8";7
46489;"VEREDA EL TIGRE";2884;"RUTA 3 CERRITOS L Y MA -  LUIS GALLEGO";5
35263;CERRITOS;2884;"RUTA 3 CERRITOS L Y MA -  LUIS GALLEGO";5
35059;GALICIA;2884;"RUTA 3 CERRITOS L Y MA -  LUIS GALLEGO";5
46191;"BELMONTE BAJO (VIA CERRITOS)";2884;"RUTA 3 CERRITOS L Y MA -  LUIS GALLEGO";5
35122;"PARQUE INDUSTRIAL";2891;"RUTA 3 PARQUE INDUS VYSA-LUIS GALLEGO";5
46232;"SECTOR E PARQUE INDUSTRIAL";2891;"RUTA 3 PARQUE INDUS VYSA-LUIS GALLEGO";5
46060;"LUIS ALBERTO DUQUE";2891;"RUTA 3 PARQUE INDUS VYSA-LUIS GALLEGO";5
35007;BOQUIA;2891;"RUTA 3 PARQUE INDUS VYSA-LUIS GALLEGO";5
35220;"LLANO GRANDE";2891;"RUTA 3 PARQUE INDUS VYSA-LUIS GALLEGO";5
35221;MALAGA;2891;"RUTA 3 PARQUE INDUS VYSA-LUIS GALLEGO";5
46511;"MIRADOR DE LLANO GRANDE";2891;"RUTA 3 PARQUE INDUS VYSA-LUIS GALLEGO";5
46182;"SECTOR B PARQUE IND";2891;"RUTA 3 PARQUE INDUS VYSA-LUIS GALLEGO";5
46533;"ALAMEDA DEL CAFÉ (PARQ INDUSTRIAL)";2891;"RUTA 3 PARQUE INDUS VYSA-LUIS GALLEGO";5
35036;"COMFAMILIAR  PARQUE INDUSTRIAL";2891;"RUTA 3 PARQUE INDUS VYSA-LUIS GALLEGO";5
46181;"SECTOR A PARQUE IND";2891;"RUTA 3 PARQUE INDUS VYSA-LUIS GALLEGO";5
46183;"SECTOR C PARQUE IND";2891;"RUTA 3 PARQUE INDUS VYSA-LUIS GALLEGO";5
46184;"SECTOR D PARQUE IND";2891;"RUTA 3 PARQUE INDUS VYSA-LUIS GALLEGO";5
46185;"SECTOR E PARQUE IND";2891;"RUTA 3 PARQUE INDUS VYSA-LUIS GALLEGO";5
35035;"VEREDA COMBIA";2891;"RUTA 3 PARQUE INDUS VYSA-LUIS GALLEGO";5
46485;"NUEVA COLOMBIA";2894;"RUTA 5 DOSQ,  BQ LA ACUARELA, BADEA -VILLADA";5
35243;"SANTA TERESITA";2894;"RUTA 5 DOSQ,  BQ LA ACUARELA, BADEA -VILLADA";5
45657;"CONJUNTO AGUAZUL D/DAS";2894;"RUTA 5 DOSQ,  BQ LA ACUARELA, BADEA -VILLADA";5
35182;"UR EL CARBONERO";2894;"RUTA 5 DOSQ,  BQ LA ACUARELA, BADEA -VILLADA";5
45654;"ROSALES D/DAS";2894;"RUTA 5 DOSQ,  BQ LA ACUARELA, BADEA -VILLADA";5
35114;NARANJOS;2894;"RUTA 5 DOSQ,  BQ LA ACUARELA, BADEA -VILLADA";5
35090;"LA ROMELIA";2894;"RUTA 5 DOSQ,  BQ LA ACUARELA, BADEA -VILLADA";5
45664;"GALAXIA D/DAS";2894;"RUTA 5 DOSQ,  BQ LA ACUARELA, BADEA -VILLADA";5
35268;GUAYACANES;2894;"RUTA 5 DOSQ,  BQ LA ACUARELA, BADEA -VILLADA";5
45672;"QUINTAS DE ARAGON D/DAS";2894;"RUTA 5 DOSQ,  BQ LA ACUARELA, BADEA -VILLADA";5
35140;"RINCON DE LA ESTACION";2894;"RUTA 5 DOSQ,  BQ LA ACUARELA, BADEA -VILLADA";5
35239;BOHIO;2894;"RUTA 5 DOSQ,  BQ LA ACUARELA, BADEA -VILLADA";5
35194;"EL BOHIO";2894;"RUTA 5 DOSQ,  BQ LA ACUARELA, BADEA -VILLADA";5
45670;"EL CARBONERO D/DAS";2894;"RUTA 5 DOSQ,  BQ LA ACUARELA, BADEA -VILLADA";5
45655;"LAURELES D/DAS";2894;"RUTA 5 DOSQ,  BQ LA ACUARELA, BADEA -VILLADA";5
45677;ALAMEDA;2894;"RUTA 5 DOSQ,  BQ LA ACUARELA, BADEA -VILLADA";5
46071;"LAS ACACIAS";2894;"RUTA 5 DOSQ,  BQ LA ACUARELA, BADEA -VILLADA";5
35216;"LOS PINOS DOS/DAS";2894;"RUTA 5 DOSQ,  BQ LA ACUARELA, BADEA -VILLADA";5
46091;"QUINTAS DEL BOSQUE D/DAS";2894;"RUTA 5 DOSQ,  BQ LA ACUARELA, BADEA -VILLADA";5
46193;"CAMPESTRE A";2894;"RUTA 5 DOSQ,  BQ LA ACUARELA, BADEA -VILLADA";5
34960;GRACIELA;2894;"RUTA 5 DOSQ,  BQ LA ACUARELA, BADEA -VILLADA";5
46517;"LAS VEGAS DOS";2894;"RUTA 5 DOSQ,  BQ LA ACUARELA, BADEA -VILLADA";5
45628;"LOS CEREZOS";2894;"RUTA 5 DOSQ,  BQ LA ACUARELA, BADEA -VILLADA";5
48772;"EL ROSAL";2894;"RUTA 5 DOSQ,  BQ LA ACUARELA, BADEA -VILLADA";5
48797;"BOCA CANOA";2894;"RUTA 5 DOSQ,  BQ LA ACUARELA, BADEA -VILLADA";5
48798;"LA FLORESTA";2894;"RUTA 5 DOSQ,  BQ LA ACUARELA, BADEA -VILLADA";5
48799;"COLINAS DEL BOSQUE";2894;"RUTA 5 DOSQ,  BQ LA ACUARELA, BADEA -VILLADA";5
48858;"BOSQUES DE LA ACUARELA ETP 1 LOT 1";2894;"RUTA 5 DOSQ,  BQ LA ACUARELA, BADEA -VILLADA";5
48859;"BOSQUES DE LA ACUARELA ETP 1 LOT 2";2894;"RUTA 5 DOSQ,  BQ LA ACUARELA, BADEA -VILLADA";5
48861;"BOSQUES DE LA ACUARELA ETP 2";2894;"RUTA 5 DOSQ,  BQ LA ACUARELA, BADEA -VILLADA";5
48862;"BOSQUES DE LA ACUARELA ETP 3";2894;"RUTA 5 DOSQ,  BQ LA ACUARELA, BADEA -VILLADA";5
48863;"BOSQUES DE LA ACUARELA ETP 4";2894;"RUTA 5 DOSQ,  BQ LA ACUARELA, BADEA -VILLADA";5
48863;"BOSQUES DE LA ACUARELA ETP 4";2894;"RUTA 5 DOSQ,  BQ LA ACUARELA, BADEA -VILLADA";5
48780;"(PORVENIR D/DAS";2894;"RUTA 5 DOSQ,  BQ LA ACUARELA, BADEA -VILLADA";5
48774;"ALTOS DE SANTA CLARA";2894;"RUTA 5 DOSQ,  BQ LA ACUARELA, BADEA -VILLADA";5
35006;"BOMBAY NUEVO";2894;"RUTA 5 DOSQ,  BQ LA ACUARELA, BADEA -VILLADA";5
35238;"BOSQUES DE LA ACUARELA";2894;"RUTA 5 DOSQ,  BQ LA ACUARELA, BADEA -VILLADA";5
35009;"BUENOS AIRES";2894;"RUTA 5 DOSQ,  BQ LA ACUARELA, BADEA -VILLADA";5
35016;CAMPESTRE;2894;"RUTA 5 DOSQ,  BQ LA ACUARELA, BADEA -VILLADA";5
46194;"CAMPESTRE B";2894;"RUTA 5 DOSQ,  BQ LA ACUARELA, BADEA -VILLADA";5
46197;"CAMPESTRE C";2894;"RUTA 5 DOSQ,  BQ LA ACUARELA, BADEA -VILLADA";5
46199;"CAMPESTRE D";2894;"RUTA 5 DOSQ,  BQ LA ACUARELA, BADEA -VILLADA";5
35254;GUADALUPE;2894;"RUTA 5 DOSQ,  BQ LA ACUARELA, BADEA -VILLADA";5
35066;GUADUALES;2894;"RUTA 5 DOSQ,  BQ LA ACUARELA, BADEA -VILLADA";5
35079;"LA BADEA";2894;"RUTA 5 DOSQ,  BQ LA ACUARELA, BADEA -VILLADA";5
35064;"LA GRACIELA";2894;"RUTA 5 DOSQ,  BQ LA ACUARELA, BADEA -VILLADA";5
35197;"LA MACARENA";2894;"RUTA 5 DOSQ,  BQ LA ACUARELA, BADEA -VILLADA";5
45277;LIMONAR;2894;"RUTA 5 DOSQ,  BQ LA ACUARELA, BADEA -VILLADA";5
35104;"LOS OLIVOS";2894;"RUTA 5 DOSQ,  BQ LA ACUARELA, BADEA -VILLADA";5
35188;"LOS REYES";2894;"RUTA 5 DOSQ,  BQ LA ACUARELA, BADEA -VILLADA";5
35196;MARACAY;2894;"RUTA 5 DOSQ,  BQ LA ACUARELA, BADEA -VILLADA";5
45680;"MINUTO DE DIOS D/DAS";2894;"RUTA 5 DOSQ,  BQ LA ACUARELA, BADEA -VILLADA";5
45285;"PLAYA RICA";2894;"RUTA 5 DOSQ,  BQ LA ACUARELA, BADEA -VILLADA";5
35256;"POBLADO SANTA ISABEL";2894;"RUTA 5 DOSQ,  BQ LA ACUARELA, BADEA -VILLADA";5
35185;PRIMAVERA;2894;"RUTA 5 DOSQ,  BQ LA ACUARELA, BADEA -VILLADA";5
35206;"QUINTAS DEL CAMPESTRE";2894;"RUTA 5 DOSQ,  BQ LA ACUARELA, BADEA -VILLADA";5
35189;"SAN FELIX";2894;"RUTA 5 DOSQ,  BQ LA ACUARELA, BADEA -VILLADA";5
35156;"SANTA ISABEL";2894;"RUTA 5 DOSQ,  BQ LA ACUARELA, BADEA -VILLADA";5
35217;"TEJARES DE LA LOMA";2894;"RUTA 5 DOSQ,  BQ LA ACUARELA, BADEA -VILLADA";5
35170;"TORRES DEL SOL";2894;"RUTA 5 DOSQ,  BQ LA ACUARELA, BADEA -VILLADA";5
46535;"VALLARTA (LA BADEA)";2894;"RUTA 5 DOSQ,  BQ LA ACUARELA, BADEA -VILLADA";5
45641;"VILLA ALEXANDRA";2894;"RUTA 5 DOSQ,  BQ LA ACUARELA, BADEA -VILLADA";5
45671;"VILLA DEL CAMPESTRE D/DAS";2894;"RUTA 5 DOSQ,  BQ LA ACUARELA, BADEA -VILLADA";5
35183;"VILLA DEL CAMPO";2894;"RUTA 5 DOSQ,  BQ LA ACUARELA, BADEA -VILLADA";5
48778;"VILLAS DEL CAMPESTRE";2894;"RUTA 5 DOSQ,  BQ LA ACUARELA, BADEA -VILLADA";5
48775;"ZONA INDUSTRIAL BALALAICA";2894;"RUTA 5 DOSQ,  BQ LA ACUARELA, BADEA -VILLADA";5
48762;"PROBLEMA DE COBRO - BAQ";2901;"RUTA PROVISIONAL";8
26308;"VILLA CECILIA";2909;"BARRNQUILLA 3 - IVAN PARDO";8
46105;"VILLA ESTADIO 2";2909;"BARRNQUILLA 3 - IVAN PARDO";8
26269;"LOS ROBLES";2909;"BARRNQUILLA 3 - IVAN PARDO";8
46104;"MORA 4TA ETAPA";2909;"BARRNQUILLA 3 - IVAN PARDO";8
46100;"MORA OCCIDENTE";2909;"BARRNQUILLA 3 - IVAN PARDO";8
26306;"VILLA CEVERA";2909;"BARRNQUILLA 3 - IVAN PARDO";8
26302;"LOS BALCANES";2909;"BARRNQUILLA 3 - IVAN PARDO";8
46107;ALMENDRO;2909;"BARRNQUILLA 3 - IVAN PARDO";8
46110;"ALTOS LOS ROBLES";2909;"BARRNQUILLA 3 - IVAN PARDO";8
46103;CEDROS;2909;"BARRNQUILLA 3 - IVAN PARDO";8
26307;"LOS LAURELES";2909;"BARRNQUILLA 3 - IVAN PARDO";8
46118;"BELLA ARENA";2909;"BARRNQUILLA 3 - IVAN PARDO";8
26232;"BUENOS AIRES";2909;"BARRNQUILLA 3 - IVAN PARDO";8
26276;"EL SANTUARIO";2909;"BARRNQUILLA 3 - IVAN PARDO";8
26230;"LA VICTORIA";2909;"BARRNQUILLA 3 - IVAN PARDO";8
26297;"CIUDADELA 20 DE JULIO";2909;"BARRNQUILLA 3 - IVAN PARDO";8
26299;CONIDEC;2909;"BARRNQUILLA 3 - IVAN PARDO";8
26300;"LOS GIRASOLES";2909;"BARRNQUILLA 3 - IVAN PARDO";8
46099;TERRANOVA;2909;"BARRNQUILLA 3 - IVAN PARDO";8
25722;CAMPOHERMOSO;2919;"PROVISIONAL RUTA 4";7
25716;"LA JOYA";2919;"PROVISIONAL RUTA 4";7
25730;"VILLA PRADO";2919;"PROVISIONAL RUTA 4";7
25713;"DON BOSCO";2919;"PROVISIONAL RUTA 4";7
25736;"QUINTA ESTRELLA";2919;"PROVISIONAL RUTA 4";7
25714;"DOCE DE OCTUBRE";2919;"PROVISIONAL RUTA 4";7
25737;"PRIMERO DE MAYO";2919;"PROVISIONAL RUTA 4";7
25740;"LA ESMERALDA";2919;"PROVISIONAL RUTA 4";7
35152;"SAN LUIS";2928;"RUTA 2 CENTRO,KENNEDY, VVERDE - DIEGO PATIÑO";5
35075;JARDIN;2928;"RUTA 2 CENTRO,KENNEDY, VVERDE - DIEGO PATIÑO";5
35093;"LA UNIDAD";2928;"RUTA 2 CENTRO,KENNEDY, VVERDE - DIEGO PATIÑO";5
34987;ALPES;2928;"RUTA 2 CENTRO,KENNEDY, VVERDE - DIEGO PATIÑO";5
35047;"EL BOSQUE (ALAMOS)";2928;"RUTA 2 CENTRO,KENNEDY, VVERDE - DIEGO PATIÑO";5
35127;PINARES;2928;"RUTA 2 CENTRO,KENNEDY, VVERDE - DIEGO PATIÑO";5
45276;"VILLA SANTANA";2928;"RUTA 2 CENTRO,KENNEDY, VVERDE - DIEGO PATIÑO";5
46483;"NUEVO MEXICO";2928;"RUTA 2 CENTRO,KENNEDY, VVERDE - DIEGO PATIÑO";5
46514;"VIA ARMENIA";2928;"RUTA 2 CENTRO,KENNEDY, VVERDE - DIEGO PATIÑO";5
35151;"SAN JUDAS";2928;"RUTA 2 CENTRO,KENNEDY, VVERDE - DIEGO PATIÑO";5
35049;"EL CHICO KENEDY";2928;"RUTA 2 CENTRO,KENNEDY, VVERDE - DIEGO PATIÑO";5
34981;ALAMOS;2928;"RUTA 2 CENTRO,KENNEDY, VVERDE - DIEGO PATIÑO";5
46238;"20 DE JULIO";2928;"RUTA 2 CENTRO,KENNEDY, VVERDE - DIEGO PATIÑO";5
35013;CACHIPAY;2928;"RUTA 2 CENTRO,KENNEDY, VVERDE - DIEGO PATIÑO";5
35130;POBLADO;2928;"RUTA 2 CENTRO,KENNEDY, VVERDE - DIEGO PATIÑO";5
35144;SAMARIA;2928;"RUTA 2 CENTRO,KENNEDY, VVERDE - DIEGO PATIÑO";5
46479;"SAMARIA 1";2928;"RUTA 2 CENTRO,KENNEDY, VVERDE - DIEGO PATIÑO";5
46480;"SAMARIA 2";2928;"RUTA 2 CENTRO,KENNEDY, VVERDE - DIEGO PATIÑO";5
35176;VENECIA;2928;"RUTA 2 CENTRO,KENNEDY, VVERDE - DIEGO PATIÑO";5
35179;"VILLA DEL PRADO";2928;"RUTA 2 CENTRO,KENNEDY, VVERDE - DIEGO PATIÑO";5
35270;"VILLA VERDE";2928;"RUTA 2 CENTRO,KENNEDY, VVERDE - DIEGO PATIÑO";5
35222;GAVIOTAS;2928;"RUTA 2 CENTRO,KENNEDY, VVERDE - DIEGO PATIÑO";5
35237;NORMANDIA;2928;"RUTA 2 CENTRO,KENNEDY, VVERDE - DIEGO PATIÑO";5
35030;"CIUDAD JARDIN";2928;"RUTA 2 CENTRO,KENNEDY, VVERDE - DIEGO PATIÑO";5
35050;"EL CHICO RESTREPO";2928;"RUTA 2 CENTRO,KENNEDY, VVERDE - DIEGO PATIÑO";5
35223;"VILLA COLOMBIA";2928;"RUTA 2 CENTRO,KENNEDY, VVERDE - DIEGO PATIÑO";5
35234;"EL DORADO";2928;"RUTA 2 CENTRO,KENNEDY, VVERDE - DIEGO PATIÑO";5
35003;BERLIN;2928;"RUTA 2 CENTRO,KENNEDY, VVERDE - DIEGO PATIÑO";5
35028;CIRCUNVALAR;2928;"RUTA 2 CENTRO,KENNEDY, VVERDE - DIEGO PATIÑO";5
35041;COROCITO;2928;"RUTA 2 CENTRO,KENNEDY, VVERDE - DIEGO PATIÑO";5
46239;"HERNANDO VELEZ";2928;"RUTA 2 CENTRO,KENNEDY, VVERDE - DIEGO PATIÑO";5
35078;KENNEDY;2928;"RUTA 2 CENTRO,KENNEDY, VVERDE - DIEGO PATIÑO";5
35235;"ORMAZA CENTRO";2928;"RUTA 2 CENTRO,KENNEDY, VVERDE - DIEGO PATIÑO";5
35131;"POPULAR MODELO";2928;"RUTA 2 CENTRO,KENNEDY, VVERDE - DIEGO PATIÑO";5
35272;VILLAVICENCIO;2928;"RUTA 2 CENTRO,KENNEDY, VVERDE - DIEGO PATIÑO";5
46077;"VILLA CONSOTA";2928;"RUTA 2 CENTRO,KENNEDY, VVERDE - DIEGO PATIÑO";5
35269;"CESAR NADER";2928;"RUTA 2 CENTRO,KENNEDY, VVERDE - DIEGO PATIÑO";5
35107;"MEJIA ROBLEDO";2928;"RUTA 2 CENTRO,KENNEDY, VVERDE - DIEGO PATIÑO";5
34957;BOSTON;2928;"RUTA 2 CENTRO,KENNEDY, VVERDE - DIEGO PATIÑO";5
35025;CENTENARIO;2928;"RUTA 2 CENTRO,KENNEDY, VVERDE - DIEGO PATIÑO";5
35271;"CIUDAD PEREIRA";2928;"RUTA 2 CENTRO,KENNEDY, VVERDE - DIEGO PATIÑO";5
35096;"LAS GAVIOTAS";2928;"RUTA 2 CENTRO,KENNEDY, VVERDE - DIEGO PATIÑO";5
35101;LORENA;2928;"RUTA 2 CENTRO,KENNEDY, VVERDE - DIEGO PATIÑO";5
34969;PROVIDENCIA;2928;"RUTA 2 CENTRO,KENNEDY, VVERDE - DIEGO PATIÑO";5
35153;"SAN NICOLAS";2928;"RUTA 2 CENTRO,KENNEDY, VVERDE - DIEGO PATIÑO";5
35128;PIZAMO-KENEDY;2928;"RUTA 2 CENTRO,KENNEDY, VVERDE - DIEGO PATIÑO";5
46495;"TOKIO - VILLA SANTANA";2928;"RUTA 2 CENTRO,KENNEDY, VVERDE - DIEGO PATIÑO";5
34992;"AV LAS AMERICAS";2928;"RUTA 2 CENTRO,KENNEDY, VVERDE - DIEGO PATIÑO";5
34993;"AV SANTANDER";2928;"RUTA 2 CENTRO,KENNEDY, VVERDE - DIEGO PATIÑO";5
35142;"EL ROCIO";2928;"RUTA 2 CENTRO,KENNEDY, VVERDE - DIEGO PATIÑO";5
35070;HAMBURGO;2928;"RUTA 2 CENTRO,KENNEDY, VVERDE - DIEGO PATIÑO";5
35190;"LA VEGA";2928;"RUTA 2 CENTRO,KENNEDY, VVERDE - DIEGO PATIÑO";5
46062;"LAS ANTILLAS";2928;"RUTA 2 CENTRO,KENNEDY, VVERDE - DIEGO PATIÑO";5
35102;"LOS CEDROS";2928;"RUTA 2 CENTRO,KENNEDY, VVERDE - DIEGO PATIÑO";5
46081;"NUEVO MILENIUM";2928;"RUTA 2 CENTRO,KENNEDY, VVERDE - DIEGO PATIÑO";5
35120;PALERMO;2928;"RUTA 2 CENTRO,KENNEDY, VVERDE - DIEGO PATIÑO";5
35125;"PERLA DEL OTUN";2928;"RUTA 2 CENTRO,KENNEDY, VVERDE - DIEGO PATIÑO";5
35143;"ROSALES CIRCUNVALAR";2928;"RUTA 2 CENTRO,KENNEDY, VVERDE - DIEGO PATIÑO";5
35150;"SAN JOSE";2928;"RUTA 2 CENTRO,KENNEDY, VVERDE - DIEGO PATIÑO";5
35166;TANAMBÍ;2928;"RUTA 2 CENTRO,KENNEDY, VVERDE - DIEGO PATIÑO";5
35191;"VILLA MERY";2928;"RUTA 2 CENTRO,KENNEDY, VVERDE - DIEGO PATIÑO";5
34956;"AV SANTANDER";2928;"RUTA 2 CENTRO,KENNEDY, VVERDE - DIEGO PATIÑO";5
34999;BELALCAZAR;2928;"RUTA 2 CENTRO,KENNEDY, VVERDE - DIEGO PATIÑO";5
35260;"BOSQUES DE LA SALLE";2928;"RUTA 2 CENTRO,KENNEDY, VVERDE - DIEGO PATIÑO";5
46526;"BOSQUES DE SANTA ELENA (AV SUR)";2928;"RUTA 2 CENTRO,KENNEDY, VVERDE - DIEGO PATIÑO";5
35008;BOSTON;2928;"RUTA 2 CENTRO,KENNEDY, VVERDE - DIEGO PATIÑO";5
35031;"CIUDADELA CUBA PUEBLITO PAISA";2928;"RUTA 2 CENTRO,KENNEDY, VVERDE - DIEGO PATIÑO";5
35055;"EL PIZAMO";2928;"RUTA 2 CENTRO,KENNEDY, VVERDE - DIEGO PATIÑO";5
35262;"LA DULCERA";2928;"RUTA 2 CENTRO,KENNEDY, VVERDE - DIEGO PATIÑO";5
35092;"LA TRINIDAD";2928;"RUTA 2 CENTRO,KENNEDY, VVERDE - DIEGO PATIÑO";5
35241;"SAN ANTONIO 1";2928;"RUTA 2 CENTRO,KENNEDY, VVERDE - DIEGO PATIÑO";5
46377;"SIMÓN BOLÍVAR (KENEDY)";2928;"RUTA 2 CENTRO,KENNEDY, VVERDE - DIEGO PATIÑO";5
35180;YARUMITO;2928;"RUTA 2 CENTRO,KENNEDY, VVERDE - DIEGO PATIÑO";5
34984;"ALFONSO LOPEZ";2928;"RUTA 2 CENTRO,KENNEDY, VVERDE - DIEGO PATIÑO";5
34996;BARAJAS;2928;"RUTA 2 CENTRO,KENNEDY, VVERDE - DIEGO PATIÑO";5
46509;"GUYABAL VULLA SANTANA";2928;"RUTA 2 CENTRO,KENNEDY, VVERDE - DIEGO PATIÑO";5
35089;"LA REBECA";2928;"RUTA 2 CENTRO,KENNEDY, VVERDE - DIEGO PATIÑO";5
45281;"OLAYA HERRERA";2928;"RUTA 2 CENTRO,KENNEDY, VVERDE - DIEGO PATIÑO";5
46223;"SAN JACINTO";2928;"RUTA 2 CENTRO,KENNEDY, VVERDE - DIEGO PATIÑO";5
35164;SINAI;2928;"RUTA 2 CENTRO,KENNEDY, VVERDE - DIEGO PATIÑO";5
45275;"TULCAN 1";2928;"RUTA 2 CENTRO,KENNEDY, VVERDE - DIEGO PATIÑO";5
35171;"TULCAN II";2928;"RUTA 2 CENTRO,KENNEDY, VVERDE - DIEGO PATIÑO";5
35224;"URB. ANTILLAS";2928;"RUTA 2 CENTRO,KENNEDY, VVERDE - DIEGO PATIÑO";5
46063;"VILLA NOHEMI";2928;"RUTA 2 CENTRO,KENNEDY, VVERDE - DIEGO PATIÑO";5
25700;ALBANIA;2929;"RUTA 1 MANIZALES";6
25699;"ALTO TABLAZO";2929;"RUTA 1 MANIZALES";6
46095;"AQUILINO VILLEGAS";2929;"RUTA 1 MANIZALES";6
25499;"BAJO TABLAZO";2929;"RUTA 1 MANIZALES";6
25507;"BODEGAS PARQUE CENTRO";2929;"RUTA 1 MANIZALES";6
25685;BOSQUES;2929;"RUTA 1 MANIZALES";6
25625;"CERROS DE LA ALHAMBRA";2929;"RUTA 1 MANIZALES";6
25530;"ESTACION URIBE";2929;"RUTA 1 MANIZALES";6
25636;GALLINAZO;2929;"RUTA 1 MANIZALES";6
25638;"GRANJAS DE ESTAMBUL";2929;"RUTA 1 MANIZALES";6
25635;"JESUS DE LA BUENA ESPERANZA";2929;"RUTA 1 MANIZALES";6
25632;"LA CASTELLANA";2929;"RUTA 1 MANIZALES";6
25618;"LA PÀLMA";2929;"RUTA 1 MANIZALES";6
25692;"LA UNION";2929;"RUTA 1 MANIZALES";6
25690;"LAS PALMAS";2929;"RUTA 1 MANIZALES";6
25612;"MONTANA BAJA";2929;"RUTA 1 MANIZALES";6
25603;MORROGACHO;2929;"RUTA 1 MANIZALES";6
25645;"NIÑO JESUS DE PRAGA";2929;"RUTA 1 MANIZALES";6
25604;OLAYA;2929;"RUTA 1 MANIZALES";6
25693;"PORTAL DE LA HALAMBRA";2929;"RUTA 1 MANIZALES";6
25585;"SAN VICENTE";2929;"RUTA 1 MANIZALES";6
25696;"VILLA JARDIN";2929;"RUTA 1 MANIZALES";6
25598;"VILLA KEMPIS";2929;"RUTA 1 MANIZALES";6
25670;"VILLA QUEMPIS";2929;"RUTA 1 MANIZALES";6
25606;"PORTAL DE ALCAZARES";2929;"RUTA 1 MANIZALES";6
25602;TOPACIO;2929;"RUTA 1 MANIZALES";6
25633;MONTANA;2929;"RUTA 1 MANIZALES";6
25605;"BELLAS ARTES";2929;"RUTA 1 MANIZALES";6
25639;"LA LINDA";2929;"RUTA 1 MANIZALES";6
25678;"20 DE JULIO";2929;"RUTA 1 MANIZALES";6
25630;"EL CARMEN";2929;"RUTA 1 MANIZALES";6
25616;"TERRAZAS DE CAMPOHERMOSO";2929;"RUTA 1 MANIZALES";6
25542;"LA FLORIDA";2929;"RUTA 1 MANIZALES";6
25677;"SAN MARCEL";2929;"RUTA 1 MANIZALES";6
25572;"SAN ANTONIO";2929;"RUTA 1 MANIZALES";6
25684;"BOSQUES DE LA ENEA";2929;"RUTA 1 MANIZALES";6
25494;"LA ENEA";2929;"RUTA 1 MANIZALES";6
25513;LUSITANIA;2929;"RUTA 1 MANIZALES";6
25628;"LUSITANIA ALTA";2929;"RUTA 1 MANIZALES";6
26243;CHIQUINQUIRA;2934;"RUTA DIGITAL BARRANQUILLA";8
26289;"ALTOS DEL PRADO";2934;"RUTA DIGITAL BARRANQUILLA";8
26259;BETANIA;2934;"RUTA DIGITAL BARRANQUILLA";8
26298;BOSTON;2934;"RUTA DIGITAL BARRANQUILLA";8
26258;DELICIAS;2934;"RUTA DIGITAL BARRANQUILLA";8
26292;"EL CASTILLO";2934;"RUTA DIGITAL BARRANQUILLA";8
26296;"EL LIMONCITO";2934;"RUTA DIGITAL BARRANQUILLA";8
26286;"EL PRADO";2934;"RUTA DIGITAL BARRANQUILLA";8
26249;"EL RECREO";2934;"RUTA DIGITAL BARRANQUILLA";8
26285;"LA CONCEPCION";2934;"RUTA DIGITAL BARRANQUILLA";8
26295;"LA FLORESTA";2934;"RUTA DIGITAL BARRANQUILLA";8
26256;"LA LIBERTAD";2934;"RUTA DIGITAL BARRANQUILLA";8
26294;"LAS TRES AVEMARIA";2934;"RUTA DIGITAL BARRANQUILLA";8
26268;"LOS JOBOS";2934;"RUTA DIGITAL BARRANQUILLA";8
26254;OLAYA;2934;"RUTA DIGITAL BARRANQUILLA";8
26291;PARAISO;2934;"RUTA DIGITAL BARRANQUILLA";8
26283;"SAN FRANCISCO";2934;"RUTA DIGITAL BARRANQUILLA";8
26293;"SAN SALVADOR";2934;"RUTA DIGITAL BARRANQUILLA";8
26282;"SANTA ANA";2934;"RUTA DIGITAL BARRANQUILLA";8
26257;SILENCIO;2934;"RUTA DIGITAL BARRANQUILLA";8
26241;"VILLA CAROLINA";2934;"RUTA DIGITAL BARRANQUILLA";8
26275;"LOS NOGALES";2934;"RUTA DIGITAL BARRANQUILLA";8
26278;"BARRIO ABAJO";2934;"RUTA DIGITAL BARRANQUILLA";8
26281;MONTECRISTO;2934;"RUTA DIGITAL BARRANQUILLA";8
26271;MODELO;2934;"RUTA DIGITAL BARRANQUILLA";8
26253;"SANTO DOMINGO";2934;"RUTA DIGITAL BARRANQUILLA";8
26247;LUCERO;2934;"RUTA DIGITAL BARRANQUILLA";8
26284;BELLAVISTA;2934;"RUTA DIGITAL BARRANQUILLA";8
26242;"ALFONSO LOPEZ";2934;"RUTA DIGITAL BARRANQUILLA";8
26245;"LOS PINOS";2934;"RUTA DIGITAL BARRANQUILLA";8
26240;"SAN ISIDRO";2934;"RUTA DIGITAL BARRANQUILLA";8
26252;"SAN FELIPE";2934;"RUTA DIGITAL BARRANQUILLA";8
26251;"NUEVA GRANADA";2934;"RUTA DIGITAL BARRANQUILLA";8
26266;"CAMPO ALEGRE";2934;"RUTA DIGITAL BARRANQUILLA";8
26265;"CIUDAD JARDIN";2934;"RUTA DIGITAL BARRANQUILLA";8
26267;"LAS ESTRELLAS";2934;"RUTA DIGITAL BARRANQUILLA";8
26260;"LAS MERCEDES";2934;"RUTA DIGITAL BARRANQUILLA";8
26250;"LOS ANDES";2934;"RUTA DIGITAL BARRANQUILLA";8
12791;"ARBORIZADORA ALTA";2935;"RUTA 3.5 YAIR RIVERA";4
46143;"DIANA TURBAY";2935;"RUTA 3.5 YAIR RIVERA";4
13607;USME;2935;"RUTA 3.5 YAIR RIVERA";4
13404;"SAN JORGE";2935;"RUTA 3.5 YAIR RIVERA";4
13317;"SANTA LUCIA RAFAEL URIBE URIBE";2935;"RUTA 3.5 YAIR RIVERA";4
13405;"SAN JOSE SUR RAFAEL URIBE URIBE";2935;"RUTA 3.5 YAIR RIVERA";4
13546;"CASA LINDA";2935;"RUTA 3.5 YAIR RIVERA";4
13542;"LA CORUÑA";2935;"RUTA 3.5 YAIR RIVERA";4
13252;"SAN FRANCI OCCI";2935;"RUTA 3.5 YAIR RIVERA";4
48642;"SAN BENITO TUNJUELITO";2935;"RUTA 3.5 YAIR RIVERA";4
12744;"COUNTRY SUR RAFAEL URIBE URIBE";2935;"RUTA 3.5 YAIR RIVERA";4
13407;"GUSTAVO RESTREPO RAFAEL URIBE URIBE";2935;"RUTA 3.5 YAIR RIVERA";4
12828;"CLARET TUNJUELITO";2935;"RUTA 3.5 YAIR RIVERA";4
13296;"SAN CARLOS RAFAEL URIBE URIBE";2935;"RUTA 3.5 YAIR RIVERA";4
13256;TUNAL;2935;"RUTA 3.5 YAIR RIVERA";4
12833;"SAN VICENTE FERRER TUNJUELITO";2935;"RUTA 3.5 YAIR RIVERA";4
12963;"EL CARMEN TUNJUELITO";2935;"RUTA 3.5 YAIR RIVERA";4
13594;MOLINOS;2935;"RUTA 3.5 YAIR RIVERA";4
13585;"MARCO FIDEL SUAREZ";2935;"RUTA 3.5 YAIR RIVERA";4
46141;"USME ACAPULCO";2935;"RUTA 3.5 YAIR RIVERA";4
48733;"ABRAHAM LINCOLN TUNJUELITO";2935;"RUTA 3.5 YAIR RIVERA";4
48732;"TUNJUELITO TUNJUELITO";2935;"RUTA 3.5 YAIR RIVERA";4
46148;"CALVO SUR";2935;"RUTA 3.5 YAIR RIVERA";4
13550;CANDELARIA;2941;"FUERA DE COBERTURA CENTRAL";4
13298;"7 DE AGOSTO";2941;"FUERA DE COBERTURA CENTRAL";4
46129;CORFERIAS;2941;"FUERA DE COBERTURA CENTRAL";4
12758;GALERIAS;2941;"FUERA DE COBERTURA CENTRAL";4
13547;"LA ESMERALDA NORTE";2941;"FUERA DE COBERTURA CENTRAL";4
13557;METROPOLIS;2941;"FUERA DE COBERTURA CENTRAL";4
13558;PALERMO;2941;"FUERA DE COBERTURA CENTRAL";4
13539;PALOQUEMAO;2941;"FUERA DE COBERTURA CENTRAL";4
13596;TEUSAQUILLO;2941;"FUERA DE COBERTURA CENTRAL";4
26049;"ALDEA ALTA";2942;"BUCARAMANGA 7";7
26061;"ALDEA MEDIA";2942;"BUCARAMANGA 7";7
26100;"BALCONES DE ALEJANDRIA";2942;"BUCARAMANGA 7";7
26063;BELLAVISTA;2942;"BUCARAMANGA 7";7
26062;"BRISAS DE LA CAMPIÑA";2942;"BUCARAMANGA 7";7
26045;"EL PALENQUE";2942;"BUCARAMANGA 7";7
25823;"LA CAMPIÑA";2942;"BUCARAMANGA 7";7
26060;"VILLA CAROLINA 1";2942;"BUCARAMANGA 7";7
26053;BALCONES;2942;"BUCARAMANGA 7";7
26084;"CASA LINDA";2942;"BUCARAMANGA 7";7
26075;"EL TEJAR";2942;"BUCARAMANGA 7";7
26073;"ELOI VALENZUELA";2942;"BUCARAMANGA 7";7
26043;"LA ESMERALDA";2942;"BUCARAMANGA 7";7
26027;"LLANITO II";2942;"BUCARAMANGA 7";7
26099;"MIRADOR SAN JUAN";2942;"BUCARAMANGA 7";7
26095;"PORTAL CAMPESTRE ETAPAII";2942;"BUCARAMANGA 7";7
26067;"PORTAL CAMPIÑA";2942;"BUCARAMANGA 7";7
26050;"QUINTAS DEL LLANITO";2942;"BUCARAMANGA 7";7
25969;"RIO DE ORO 2";2942;"BUCARAMANGA 7";7
26066;"SAGRADO CORAZON";2942;"BUCARAMANGA 7";7
26028;"ALTOS DE CARRISAL";2942;"BUCARAMANGA 7";7
26090;"ARENALES 3 ETAPA";2942;"BUCARAMANGA 7";7
26089;"ARENALES 4 ETAPA";2942;"BUCARAMANGA 7";7
26217;CAMPESTRE;2942;"BUCARAMANGA 7";7
25819;"CARRISAL CAMPESTRE";2942;"BUCARAMANGA 7";7
26046;CARRIZAL;2942;"BUCARAMANGA 7";7
26076;GALLINERAL;2942;"BUCARAMANGA 7";7
26080;"JARDIN DE ARENALES";2942;"BUCARAMANGA 7";7
25964;"PARAISO ALTO";2942;"BUCARAMANGA 7";7
25883;POBLADO;2942;"BUCARAMANGA 7";7
26065;"PORTAL CASTILLA";2942;"BUCARAMANGA 7";7
26106;RIVERA;2942;"BUCARAMANGA 7";7
26032;"SAN ANTONIO DE CARRISAL";2942;"BUCARAMANGA 7";7
26086;"VILLA CAMPESTRE 3 ETAPA";2942;"BUCARAMANGA 7";7
26215;"VILLADE LOS CABALLEROS";2942;"BUCARAMANGA 7";7
26079;"VILLAS DE DON JUAN";2942;"BUCARAMANGA 7";7
25731;"VILLAS DE SAN JUAN";2942;"BUCARAMANGA 7";7
26082;"ALTOS DE ARENALES";2942;"BUCARAMANGA 7";7
25999;ARENALES;2942;"BUCARAMANGA 7";7
26017;"BRISAS DEL CAMPO";2942;"BUCARAMANGA 7";7
26096;"CIUDADELA DE VILLAMIT";2942;"BUCARAMANGA 7";7
25833;"CORVIANDI 1RA ETAPA";2942;"BUCARAMANGA 7";7
26054;"CORVIANDI 3";2942;"BUCARAMANGA 7";7
26074;"EL CONSUELO";2942;"BUCARAMANGA 7";7
26087;"PORTAL CAMPESTRE NORTE";2942;"BUCARAMANGA 7";7
48615;"PRADOS DE CATALUÑA";2942;"BUCARAMANGA 7";7
26216;PUERTOMADERO;2942;"BUCARAMANGA 7";7
26081;"RIO DE ORO I";2942;"BUCARAMANGA 7";7
25940;"RIO PRADO";2942;"BUCARAMANGA 7";7
26093;"RIVERA DEL RIO";2942;"BUCARAMANGA 7";7
26030;"SAN JORGE II";2942;"BUCARAMANGA 7";7
26069;"SANTA CRUZ";2942;"BUCARAMANGA 7";7
26097;"VIDA EN PRIMAVERA";2942;"BUCARAMANGA 7";7
25881;"VILLA CAMPESTRE";2942;"BUCARAMANGA 7";7
26085;"VILLA CAMPESTRE 2 ETAPA";2942;"BUCARAMANGA 7";7
25985;VILLAMPIS;2942;"BUCARAMANGA 7";7
26091;"ARENALES CAMPESTRE";2942;"BUCARAMANGA 7";7
26070;"CASTILLA REAL I";2942;"BUCARAMANGA 7";7
25929;"EL PROGRESO";2942;"BUCARAMANGA 7";7
26088;"LOS CAMBULOS";2942;"BUCARAMANGA 7";7
26012;"MESETA I";2942;"BUCARAMANGA 7";7
25880;"MIRADOR DE ARENALES";2942;"BUCARAMANGA 7";7
25820;"PORTAL CAMPESTRE";2942;"BUCARAMANGA 7";7
25872;"RINCON DE GIRON";2942;"BUCARAMANGA 7";7
26078;"VILLA AMPIS";2942;"BUCARAMANGA 7";7
26092;"VILLAS DE DON JUAN 2 ETAPA";2942;"BUCARAMANGA 7";7
26001;"CASTILLA REAL II";2942;"BUCARAMANGA 7";7
26051;"CIUDADELA DEL ORIENTE";2942;"BUCARAMANGA 7";7
26072;GIRALUZ;2942;"BUCARAMANGA 7";7
26059;"JARDINES DE LA ALDEA";2942;"BUCARAMANGA 7";7
25818;"PORTAL 1";2942;"BUCARAMANGA 7";7
26083;"ALMENARES DE SAN JUAN";2942;"BUCARAMANGA 7";7
25906;"ALPES DE CAMPESTRE";2942;"BUCARAMANGA 7";7
25905;"ALTOS DE CAMPESTRE";2942;"BUCARAMANGA 7";7
26071;"ALTOS DE CASTILLA";2942;"BUCARAMANGA 7";7
26068;"ALTOS DE LA CAMPIÑA";2942;"BUCARAMANGA 7";7
26055;"CIUDADELA COMFENALCO";2942;"BUCARAMANGA 7";7
26098;"CONJ QUITAS DEL CAMPESTRE";2942;"BUCARAMANGA 7";7
26058;"MIRADOR DE LA ALDEA";2942;"BUCARAMANGA 7";7
26056;"MORADA DE SAN JUAN";2942;"BUCARAMANGA 7";7
26052;PALMERAS;2942;"BUCARAMANGA 7";7
26006;"ARBOLEDA CAMPESTRE";2942;"BUCARAMANGA 7";7
26077;"BRISA CAMPESTRE";2942;"BUCARAMANGA 7";7
26041;CABECERAII;2942;"BUCARAMANGA 7";7
26047;"TERRAZAS DE BELLAVISTA";2942;"BUCARAMANGA 7";7
25943;"VILLA CLAVEL";2942;"BUCARAMANGA 7";7
26057;"VILLA PAULA";2942;"BUCARAMANGA 7";7
25597;ASTURIAS;2950;"APOYO RUTA 1 - MANIZALES";6
25587;CENTENARIO;2950;"APOYO RUTA 1 - MANIZALES";6
25594;"EL PEÑON";2950;"APOYO RUTA 1 - MANIZALES";6
25559;ESTAMBUL;2950;"APOYO RUTA 1 - MANIZALES";6
25590;NOGALES;2950;"APOYO RUTA 1 - MANIZALES";6
25563;PANORAMA;2950;"APOYO RUTA 1 - MANIZALES";6
25595;ARENILLO;2950;"APOYO RUTA 1 - MANIZALES";6
25526;"LOS ALCAZARES";2950;"APOYO RUTA 1 - MANIZALES";6
25593;"NUEVO HORIZONTE";2950;"APOYO RUTA 1 - MANIZALES";6
25596;QUINTAHISPANIA;2950;"APOYO RUTA 1 - MANIZALES";6
25654;"AMERICAS (AGUSTINOS)";2950;"APOYO RUTA 1 - MANIZALES";6
25571;"CAMPO HERMOSO";2950;"APOYO RUTA 1 - MANIZALES";6
25505;CENTRO;2950;"APOYO RUTA 1 - MANIZALES";6
25522;"VILLA PILAR";2950;"APOYO RUTA 1 - MANIZALES";6
25527;"LOS AGUSTINOS";2950;"APOYO RUTA 1 - MANIZALES";6
25504;CHIPRE;2950;"APOYO RUTA 1 - MANIZALES";6
25601;"LA FRANCIA";2950;"APOYO RUTA 1 - MANIZALES";6
25523;"EL BOSQUE";2950;"APOYO RUTA 1 - MANIZALES";6
25611;"ALFERES REAL";2951;"APOYO RUTA 3 - MANIZALES";6
25691;"ALTO PERCIA";2951;"APOYO RUTA 3 - MANIZALES";6
25683;"ALTO PRADO";2951;"APOYO RUTA 3 - MANIZALES";6
25565;ARRAYANES;2951;"APOYO RUTA 3 - MANIZALES";6
25579;"BAJO PERSIA";2951;"APOYO RUTA 3 - MANIZALES";6
25519;"BAJO PRADO";2951;"APOYO RUTA 3 - MANIZALES";6
25672;"CAMINO DEL PALMAR";2951;"APOYO RUTA 3 - MANIZALES";6
25580;CAMPOAMOR;2951;"APOYO RUTA 3 - MANIZALES";6
25615;"EL NEVADO";2951;"APOYO RUTA 3 - MANIZALES";6
25567;"EL PALMAR";2951;"APOYO RUTA 3 - MANIZALES";6
25509;"EL PARAISO";2951;"APOYO RUTA 3 - MANIZALES";6
25498;EUCALIPTUS;2951;"APOYO RUTA 3 - MANIZALES";6
25642;GONZALEZ;2951;"APOYO RUTA 3 - MANIZALES";6
25558;GUAMAL;2951;"APOYO RUTA 3 - MANIZALES";6
25560;ISABELA;2951;"APOYO RUTA 3 - MANIZALES";6
25566;"LA FUENTE";2951;"APOYO RUTA 3 - MANIZALES";6
25547;LINARES;2951;"APOYO RUTA 3 - MANIZALES";6
25703;PERSIA;2951;"APOYO RUTA 3 - MANIZALES";6
25568;PRADO;2951;"APOYO RUTA 3 - MANIZALES";6
25573;"PRADO ALTO";2951;"APOYO RUTA 3 - MANIZALES";6
25575;"PRADO MEDIO";2951;"APOYO RUTA 3 - MANIZALES";6
25496;"SAN JOAQUÍN";2951;"APOYO RUTA 3 - MANIZALES";6
25512;SANTOS;2951;"APOYO RUTA 3 - MANIZALES";6
25564;"URBANIZACION GALICIA";2951;"APOYO RUTA 3 - MANIZALES";6
25553;VILLACARMENZA;2951;"APOYO RUTA 3 - MANIZALES";6
